case_id,method,native_pocket,selected_pocket,selected_score,selected_rmsd
0,vina_top1,0,0,-8.426667660340275,4.665316697941718
0,asp_logmean_no_clustering,0,1,-8.352109109204777,4.747743876560079
0,asp_clustered_2A,0,0,-8.426667660340275,4.665316697941718
1,vina_top1,0,1,-9.454032502909293,4.2231199134430835
1,asp_logmean_no_clustering,0,1,-9.454032502909293,4.2231199134430835
1,asp_clustered_2A,0,1,-9.454032502909293,4.2231199134430835
2,vina_top1,1,1,-8.399647946907617,1.702278741598604
2,asp_logmean_no_clustering,1,1,-8.399647946907617,1.702278741598604
2,asp_clustered_2A,1,1,-8.399647946907617,1.702278741598604
3,vina_top1,1,0,-8.178007088468451,4.266539613175391
3,asp_logmean_no_clustering,1,0,-8.178007088468451,4.266539613175391
3,asp_clustered_2A,1,0,-8.178007088468451,4.266539613175391
4,vina_top1,0,1,-7.753069077560645,4.296927865390533
4,asp_logmean_no_clustering,0,1,-7.753069077560645,4.296927865390533
4,asp_clustered_2A,0,1,-7.753069077560645,4.296927865390533
5,vina_top1,0,1,-8.523972563512324,3.6417255443581458
5,asp_logmean_no_clustering,0,1,-8.523972563512324,3.6417255443581458
5,asp_clustered_2A,0,1,-8.523972563512324,3.6417255443581458
6,vina_top1,1,0,-8.271424175019822,4.65408958509311
6,asp_logmean_no_clustering,1,0,-8.271424175019822,4.65408958509311
6,asp_clustered_2A,1,0,-8.271424175019822,4.65408958509311
7,vina_top1,1,0,-8.492664687917642,2.893293604048276
7,asp_logmean_no_clustering,1,0,-8.492664687917642,2.893293604048276
7,asp_clustered_2A,1,0,-8.492664687917642,2.893293604048276
8,vina_top1,0,1,-8.38208830337432,4.272416125059962
8,asp_logmean_no_clustering,0,1,-8.38208830337432,4.272416125059962
8,asp_clustered_2A,0,1,-8.38208830337432,4.272416125059962
9,vina_top1,0,0,-7.825507293661119,0.5295133519500677
9,asp_logmean_no_clustering,0,1,-7.822433114597571,6.637773273344933
9,asp_clustered_2A,0,0,-7.825507293661119,0.5295133519500677
10,vina_top1,0,1,-8.628103862334825,6.050132598015012
10,asp_logmean_no_clustering,0,1,-8.628103862334825,6.050132598015012
10,asp_clustered_2A,0,1,-8.628103862334825,6.050132598015012
11,vina_top1,0,0,-8.905017910133312,4.263625621305062
11,asp_logmean_no_clustering,0,0,-8.905017910133312,4.263625621305062
11,asp_clustered_2A,0,0,-8.905017910133312,4.263625621305062
12,vina_top1,1,0,-7.845985168306012,6.139003131309744
12,asp_logmean_no_clustering,1,0,-7.845985168306012,6.139003131309744
12,asp_clustered_2A,1,0,-7.845985168306012,6.139003131309744
13,vina_top1,1,0,-8.309100581819855,4.421331273763663
13,asp_logmean_no_clustering,1,0,-8.309100581819855,4.421331273763663
13,asp_clustered_2A,1,0,-8.309100581819855,4.421331273763663
14,vina_top1,1,0,-8.99889193146968,4.980514510849246
14,asp_logmean_no_clustering,1,0,-8.99889193146968,4.980514510849246
14,asp_clustered_2A,1,0,-8.99889193146968,4.980514510849246
15,vina_top1,1,1,-8.072017363601555,1.3467215173490525
15,asp_logmean_no_clustering,1,0,-7.982544027804119,6.63829785019463
15,asp_clustered_2A,1,1,-8.072017363601555,1.3467215173490525
16,vina_top1,0,1,-8.834288579585555,4.751549363715411
16,asp_logmean_no_clustering,0,1,-8.834288579585555,4.751549363715411
16,asp_clustered_2A,0,1,-8.834288579585555,4.751549363715411
17,vina_top1,0,1,-8.002653346337182,3.5125033221779067
17,asp_logmean_no_clustering,0,1,-8.002653346337182,3.5125033221779067
17,asp_clustered_2A,0,1,-8.002653346337182,3.5125033221779067
18,vina_top1,1,0,-9.008133586900566,8.31413050672089
18,asp_logmean_no_clustering,1,0,-9.008133586900566,8.31413050672089
18,asp_clustered_2A,1,0,-9.008133586900566,8.31413050672089
19,vina_top1,0,1,-8.216694745915701,3.8651358853793853
19,asp_logmean_no_clustering,0,1,-8.216694745915701,3.8651358853793853
19,asp_clustered_2A,0,1,-8.216694745915701,3.8651358853793853
20,vina_top1,0,1,-8.821057129707803,5.208995228397488
20,asp_logmean_no_clustering,0,1,-8.821057129707803,5.208995228397488
20,asp_clustered_2A,0,1,-8.821057129707803,5.208995228397488
21,vina_top1,0,0,-7.9123186954254,0.8266091607053018
21,asp_logmean_no_clustering,0,0,-7.9123186954254,0.8266091607053018
21,asp_clustered_2A,0,0,-7.9123186954254,0.8266091607053018
22,vina_top1,1,0,-8.524585988113943,5.999348894670443
22,asp_logmean_no_clustering,1,0,-8.524585988113943,5.999348894670443
22,asp_clustered_2A,1,0,-8.524585988113943,5.999348894670443
23,vina_top1,1,0,-8.043519658812958,4.252985147652328
23,asp_logmean_no_clustering,1,0,-8.043519658812958,4.252985147652328
23,asp_clustered_2A,1,0,-8.043519658812958,4.252985147652328
24,vina_top1,0,1,-7.676553521823726,5.509883743653259
24,asp_logmean_no_clustering,0,1,-7.676553521823726,5.509883743653259
24,asp_clustered_2A,0,1,-7.676553521823726,5.509883743653259
25,vina_top1,1,1,-7.9856425839936875,1.5791867581148258
25,asp_logmean_no_clustering,1,0,-7.9240980970527515,2.6
25,asp_clustered_2A,1,1,-7.9856425839936875,1.5791867581148258
26,vina_top1,1,0,-8.404448322303905,4.732382863306242
26,asp_logmean_no_clustering,1,0,-8.404448322303905,4.732382863306242
26,asp_clustered_2A,1,0,-8.404448322303905,4.732382863306242
27,vina_top1,1,0,-8.14464656188139,6.335569918342262
27,asp_logmean_no_clustering,1,0,-8.14464656188139,6.335569918342262
27,asp_clustered_2A,1,0,-8.14464656188139,6.335569918342262
28,vina_top1,0,0,-8.422748166915914,4.91381716730947
28,asp_logmean_no_clustering,0,1,-7.65275434196461,3.5848609493694816
28,asp_clustered_2A,0,0,-8.422748166915914,4.91381716730947
29,vina_top1,1,0,-8.82524802514799,6.143859608364211
29,asp_logmean_no_clustering,1,0,-8.82524802514799,6.143859608364211
29,asp_clustered_2A,1,0,-8.82524802514799,6.143859608364211
30,vina_top1,1,0,-8.884262941840666,5.829955538527813
30,asp_logmean_no_clustering,1,0,-8.884262941840666,5.829955538527813
30,asp_clustered_2A,1,0,-8.884262941840666,5.829955538527813
31,vina_top1,0,1,-7.931647530009071,5.110111216272702
31,asp_logmean_no_clustering,0,1,-7.931647530009071,5.110111216272702
31,asp_clustered_2A,0,1,-7.931647530009071,5.110111216272702
32,vina_top1,0,1,-8.104346578460891,4.81533615517408
32,asp_logmean_no_clustering,0,1,-8.104346578460891,4.81533615517408
32,asp_clustered_2A,0,1,-8.104346578460891,4.81533615517408
33,vina_top1,0,0,-8.490087415442801,8.535163212467927
33,asp_logmean_no_clustering,0,0,-8.490087415442801,8.535163212467927
33,asp_clustered_2A,0,0,-8.490087415442801,8.535163212467927
34,vina_top1,1,0,-8.863340558451759,7.950063625560032
34,asp_logmean_no_clustering,1,0,-8.863340558451759,7.950063625560032
34,asp_clustered_2A,1,0,-8.863340558451759,7.950063625560032
35,vina_top1,0,1,-8.455401269941117,5.28956975717991
35,asp_logmean_no_clustering,0,1,-8.455401269941117,5.28956975717991
35,asp_clustered_2A,0,1,-8.455401269941117,5.28956975717991
36,vina_top1,0,0,-8.218442243466688,5.749573365582402
36,asp_logmean_no_clustering,0,1,-8.090722989326254,4.9290917493917705
36,asp_clustered_2A,0,0,-8.218442243466688,5.749573365582402
37,vina_top1,0,0,-8.203497769550783,1.7251268359367022
37,asp_logmean_no_clustering,0,1,-8.147723225928836,6.279939503515278
37,asp_clustered_2A,0,0,-8.203497769550783,1.7251268359367022
38,vina_top1,1,1,-8.008639056663974,1.2852939532915577
38,asp_logmean_no_clustering,1,0,-7.916880648033245,6.600970610437594
38,asp_clustered_2A,1,1,-8.008639056663974,1.2852939532915577
39,vina_top1,0,0,-8.057243334670869,6.905857631308742
39,asp_logmean_no_clustering,0,0,-8.057243334670869,6.905857631308742
39,asp_clustered_2A,0,0,-8.057243334670869,6.905857631308742
40,vina_top1,1,0,-8.572051724137841,5.5272823115625735
40,asp_logmean_no_clustering,1,0,-8.572051724137841,5.5272823115625735
40,asp_clustered_2A,1,0,-8.572051724137841,5.5272823115625735
41,vina_top1,1,0,-8.24291061772118,5.034443927830203
41,asp_logmean_no_clustering,1,0,-8.24291061772118,5.034443927830203
41,asp_clustered_2A,1,0,-8.24291061772118,5.034443927830203
42,vina_top1,0,0,-8.173487411527635,4.595511254695365
42,asp_logmean_no_clustering,0,0,-8.173487411527635,4.595511254695365
42,asp_clustered_2A,0,0,-8.173487411527635,4.595511254695365
43,vina_top1,1,0,-8.338104881683986,5.669766175312353
43,asp_logmean_no_clustering,1,0,-8.338104881683986,5.669766175312353
43,asp_clustered_2A,1,0,-8.338104881683986,5.669766175312353
44,vina_top1,1,0,-8.325287015111604,3.8341754454817902
44,asp_logmean_no_clustering,1,0,-8.325287015111604,3.8341754454817902
44,asp_clustered_2A,1,0,-8.325287015111604,3.8341754454817902
45,vina_top1,1,1,-8.046891987917757,3.6590298999579285
45,asp_logmean_no_clustering,1,0,-7.6389168591159855,3.088385718765896
45,asp_clustered_2A,1,1,-8.046891987917757,3.6590298999579285
46,vina_top1,0,1,-8.121732708497017,3.957476174604345
46,asp_logmean_no_clustering,0,1,-8.121732708497017,3.957476174604345
46,asp_clustered_2A,0,1,-8.121732708497017,3.957476174604345
47,vina_top1,0,1,-8.196919441595629,6.388855177845768
47,asp_logmean_no_clustering,0,1,-8.196919441595629,6.388855177845768
47,asp_clustered_2A,0,1,-8.196919441595629,6.388855177845768
48,vina_top1,1,0,-9.12475503747713,4.754215516166688
48,asp_logmean_no_clustering,1,0,-9.12475503747713,4.754215516166688
48,asp_clustered_2A,1,0,-9.12475503747713,4.754215516166688
49,vina_top1,1,0,-8.67762259808824,4.403497119531586
49,asp_logmean_no_clustering,1,0,-8.67762259808824,4.403497119531586
49,asp_clustered_2A,1,0,-8.67762259808824,4.403497119531586
50,vina_top1,1,0,-8.104829819701626,6.839011412417625
50,asp_logmean_no_clustering,1,1,-7.819698728963633,7.244451076547958
50,asp_clustered_2A,1,0,-8.104829819701626,6.839011412417625
51,vina_top1,1,0,-8.712321890312118,5.219605248287195
51,asp_logmean_no_clustering,1,0,-8.712321890312118,5.219605248287195
51,asp_clustered_2A,1,0,-8.712321890312118,5.219605248287195
52,vina_top1,0,0,-8.035785060784923,5.227056281014113
52,asp_logmean_no_clustering,0,1,-7.887822856631128,4.633741050586859
52,asp_clustered_2A,0,0,-8.035785060784923,5.227056281014113
53,vina_top1,1,1,-7.855783487858144,4.764875709832516
53,asp_logmean_no_clustering,1,1,-7.855783487858144,4.764875709832516
53,asp_clustered_2A,1,1,-7.855783487858144,4.764875709832516
54,vina_top1,1,0,-8.387500042842838,3.1771698251999108
54,asp_logmean_no_clustering,1,0,-8.387500042842838,3.1771698251999108
54,asp_clustered_2A,1,0,-8.387500042842838,3.1771698251999108
55,vina_top1,0,1,-8.886754845739642,4.255696095270073
55,asp_logmean_no_clustering,0,1,-8.886754845739642,4.255696095270073
55,asp_clustered_2A,0,1,-8.886754845739642,4.255696095270073
56,vina_top1,1,0,-8.068842008465758,5.17862303579857
56,asp_logmean_no_clustering,1,0,-8.068842008465758,5.17862303579857
56,asp_clustered_2A,1,0,-8.068842008465758,5.17862303579857
57,vina_top1,0,1,-8.447860791591527,5.914489953011893
57,asp_logmean_no_clustering,0,1,-8.447860791591527,5.914489953011893
57,asp_clustered_2A,0,1,-8.447860791591527,5.914489953011893
58,vina_top1,0,1,-7.978238340937352,7.05146515676684
58,asp_logmean_no_clustering,0,1,-7.978238340937352,7.05146515676684
58,asp_clustered_2A,0,1,-7.978238340937352,7.05146515676684
59,vina_top1,0,1,-8.307306815639452,5.190269655403366
59,asp_logmean_no_clustering,0,1,-8.307306815639452,5.190269655403366
59,asp_clustered_2A,0,1,-8.307306815639452,5.190269655403366
60,vina_top1,1,0,-8.137959089988472,4.647309283895371
60,asp_logmean_no_clustering,1,0,-8.137959089988472,4.647309283895371
60,asp_clustered_2A,1,0,-8.137959089988472,4.647309283895371
61,vina_top1,1,0,-8.444260314214485,5.671363933845084
61,asp_logmean_no_clustering,1,0,-8.444260314214485,5.671363933845084
61,asp_clustered_2A,1,0,-8.444260314214485,5.671363933845084
62,vina_top1,1,0,-8.916297137834592,3.0671613164695963
62,asp_logmean_no_clustering,1,0,-8.916297137834592,3.0671613164695963
62,asp_clustered_2A,1,0,-8.916297137834592,3.0671613164695963
63,vina_top1,1,1,-8.345604762760393,1.092310432436142
63,asp_logmean_no_clustering,1,0,-8.117189228925177,3.0942452094056536
63,asp_clustered_2A,1,1,-8.345604762760393,1.092310432436142
64,vina_top1,1,0,-8.499347235617067,7.645681398507438
64,asp_logmean_no_clustering,1,0,-8.499347235617067,7.645681398507438
64,asp_clustered_2A,1,0,-8.499347235617067,7.645681398507438
65,vina_top1,1,1,-8.155669925268267,5.648419513049719
65,asp_logmean_no_clustering,1,0,-7.877223197569842,5.9645377989871005
65,asp_clustered_2A,1,1,-8.155669925268267,5.648419513049719
66,vina_top1,0,0,-8.316241499556888,1.0425892564407107
66,asp_logmean_no_clustering,0,1,-8.00899664905474,5.093592282121083
66,asp_clustered_2A,0,0,-8.316241499556888,1.0425892564407107
67,vina_top1,1,0,-8.20158360808181,5.6120327239184284
67,asp_logmean_no_clustering,1,0,-8.20158360808181,5.6120327239184284
67,asp_clustered_2A,1,0,-8.20158360808181,5.6120327239184284
68,vina_top1,0,1,-8.15993426863507,4.152864114106238
68,asp_logmean_no_clustering,0,1,-8.15993426863507,4.152864114106238
68,asp_clustered_2A,0,1,-8.15993426863507,4.152864114106238
69,vina_top1,0,1,-7.933770853368846,3.5698564439000817
69,asp_logmean_no_clustering,0,1,-7.933770853368846,3.5698564439000817
69,asp_clustered_2A,0,1,-7.933770853368846,3.5698564439000817
70,vina_top1,1,0,-8.454711466735064,5.140976473790353
70,asp_logmean_no_clustering,1,0,-8.454711466735064,5.140976473790353
70,asp_clustered_2A,1,0,-8.454711466735064,5.140976473790353
71,vina_top1,0,0,-8.431436124779111,1.2360191616738987
71,asp_logmean_no_clustering,0,1,-8.38485093477381,4.201514468177473
71,asp_clustered_2A,0,0,-8.431436124779111,1.2360191616738987
72,vina_top1,0,0,-8.583273698205954,6.61585977148743
72,asp_logmean_no_clustering,0,1,-8.446455614155148,7.1694550306861915
72,asp_clustered_2A,0,0,-8.583273698205954,6.61585977148743
73,vina_top1,0,1,-7.946561492756195,5.925851776621014
73,asp_logmean_no_clustering,0,1,-7.946561492756195,5.925851776621014
73,asp_clustered_2A,0,1,-7.946561492756195,5.925851776621014
74,vina_top1,0,1,-8.351685110271065,4.499434950438669
74,asp_logmean_no_clustering,0,1,-8.351685110271065,4.499434950438669
74,asp_clustered_2A,0,1,-8.351685110271065,4.499434950438669
75,vina_top1,0,1,-8.220101204187696,2.9326040022087705
75,asp_logmean_no_clustering,0,1,-8.220101204187696,2.9326040022087705
75,asp_clustered_2A,0,1,-8.220101204187696,2.9326040022087705
76,vina_top1,1,0,-8.184450836657966,6.362415377964481
76,asp_logmean_no_clustering,1,0,-8.184450836657966,6.362415377964481
76,asp_clustered_2A,1,0,-8.184450836657966,6.362415377964481
77,vina_top1,0,1,-7.758918248553701,7.120352551478515
77,asp_logmean_no_clustering,0,1,-7.758918248553701,7.120352551478515
77,asp_clustered_2A,0,1,-7.758918248553701,7.120352551478515
78,vina_top1,1,0,-8.298639723624305,3.664505010302625
78,asp_logmean_no_clustering,1,0,-8.298639723624305,3.664505010302625
78,asp_clustered_2A,1,0,-8.298639723624305,3.664505010302625
79,vina_top1,1,0,-7.745696681751027,6.790737171937622
79,asp_logmean_no_clustering,1,0,-7.745696681751027,6.790737171937622
79,asp_clustered_2A,1,0,-7.745696681751027,6.790737171937622
80,vina_top1,1,1,-8.53877276813652,0.519991048512073
80,asp_logmean_no_clustering,1,0,-8.089280594552049,5.28533955734173
80,asp_clustered_2A,1,1,-8.53877276813652,0.519991048512073
81,vina_top1,0,0,-8.388814048018308,0.9612708725304747
81,asp_logmean_no_clustering,0,1,-8.320881328585832,5.373052945332331
81,asp_clustered_2A,0,0,-8.388814048018308,0.9612708725304747
82,vina_top1,0,1,-8.323983146480412,6.116297718392057
82,asp_logmean_no_clustering,0,1,-8.323983146480412,6.116297718392057
82,asp_clustered_2A,0,1,-8.323983146480412,6.116297718392057
83,vina_top1,1,0,-8.890481531052217,5.938877080447572
83,asp_logmean_no_clustering,1,0,-8.890481531052217,5.938877080447572
83,asp_clustered_2A,1,0,-8.890481531052217,5.938877080447572
84,vina_top1,0,1,-8.251939159621015,5.783771161153011
84,asp_logmean_no_clustering,0,1,-8.251939159621015,5.783771161153011
84,asp_clustered_2A,0,1,-8.251939159621015,5.783771161153011
85,vina_top1,0,0,-8.131959612147664,1.8825640285012795
85,asp_logmean_no_clustering,0,1,-7.709672309041029,4.703575454722776
85,asp_clustered_2A,0,0,-8.131959612147664,1.8825640285012795
86,vina_top1,1,1,-7.934921379636456,1.4102635105328594
86,asp_logmean_no_clustering,1,1,-7.934921379636456,1.4102635105328594
86,asp_clustered_2A,1,1,-7.934921379636456,1.4102635105328594
87,vina_top1,1,0,-8.030653064457047,6.403149838735681
87,asp_logmean_no_clustering,1,0,-8.030653064457047,6.403149838735681
87,asp_clustered_2A,1,0,-8.030653064457047,6.403149838735681
88,vina_top1,1,0,-8.582148684428079,3.0251824332182355
88,asp_logmean_no_clustering,1,0,-8.582148684428079,3.0251824332182355
88,asp_clustered_2A,1,0,-8.582148684428079,3.0251824332182355
89,vina_top1,1,0,-7.976728482656678,3.9861980221155298
89,asp_logmean_no_clustering,1,0,-7.976728482656678,3.9861980221155298
89,asp_clustered_2A,1,0,-7.976728482656678,3.9861980221155298
90,vina_top1,0,1,-8.166853657414551,5.868273560646199
90,asp_logmean_no_clustering,0,1,-8.166853657414551,5.868273560646199
90,asp_clustered_2A,0,1,-8.166853657414551,5.868273560646199
91,vina_top1,1,0,-8.327332100222659,5.941796403727935
91,asp_logmean_no_clustering,1,0,-8.327332100222659,5.941796403727935
91,asp_clustered_2A,1,0,-8.327332100222659,5.941796403727935
92,vina_top1,0,1,-8.248798071170999,5.170055979968097
92,asp_logmean_no_clustering,0,1,-8.248798071170999,5.170055979968097
92,asp_clustered_2A,0,1,-8.248798071170999,5.170055979968097
93,vina_top1,1,0,-8.510247478909621,5.527128164045891
93,asp_logmean_no_clustering,1,0,-8.510247478909621,5.527128164045891
93,asp_clustered_2A,1,0,-8.510247478909621,5.527128164045891
94,vina_top1,0,0,-8.930758428869861,1.0499147471762393
94,asp_logmean_no_clustering,0,0,-8.930758428869861,1.0499147471762393
94,asp_clustered_2A,0,0,-8.930758428869861,1.0499147471762393
95,vina_top1,0,1,-8.27535370706632,3.839525712790853
95,asp_logmean_no_clustering,0,1,-8.27535370706632,3.839525712790853
95,asp_clustered_2A,0,1,-8.27535370706632,3.839525712790853
96,vina_top1,0,0,-8.771501037263537,5.349753103339316
96,asp_logmean_no_clustering,0,1,-8.720618066692868,6.235451687412552
96,asp_clustered_2A,0,0,-8.771501037263537,5.349753103339316
97,vina_top1,1,1,-8.820199442148986,6.058666838170578
97,asp_logmean_no_clustering,1,1,-8.820199442148986,6.058666838170578
97,asp_clustered_2A,1,1,-8.820199442148986,6.058666838170578
98,vina_top1,1,1,-7.954119501960731,1.4505194401146586
98,asp_logmean_no_clustering,1,1,-7.954119501960731,1.4505194401146586
98,asp_clustered_2A,1,1,-7.954119501960731,1.4505194401146586
99,vina_top1,1,0,-8.631806840638161,4.529693953603343
99,asp_logmean_no_clustering,1,0,-8.631806840638161,4.529693953603343
99,asp_clustered_2A,1,0,-8.631806840638161,4.529693953603343
100,vina_top1,1,0,-9.042648658654494,5.779925171142364
100,asp_logmean_no_clustering,1,0,-9.042648658654494,5.779925171142364
100,asp_clustered_2A,1,0,-9.042648658654494,5.779925171142364
101,vina_top1,1,1,-8.90035461150328,0.8447339735381595
101,asp_logmean_no_clustering,1,1,-8.90035461150328,0.8447339735381595
101,asp_clustered_2A,1,1,-8.90035461150328,0.8447339735381595
102,vina_top1,0,1,-8.38092206758649,5.318388890254555
102,asp_logmean_no_clustering,0,1,-8.38092206758649,5.318388890254555
102,asp_clustered_2A,0,1,-8.38092206758649,5.318388890254555
103,vina_top1,1,0,-8.363455465940193,5.931422906560299
103,asp_logmean_no_clustering,1,0,-8.363455465940193,5.931422906560299
103,asp_clustered_2A,1,0,-8.363455465940193,5.931422906560299
104,vina_top1,0,1,-8.337713033572326,4.800185022706553
104,asp_logmean_no_clustering,0,1,-8.337713033572326,4.800185022706553
104,asp_clustered_2A,0,1,-8.337713033572326,4.800185022706553
105,vina_top1,1,1,-8.982449045407716,1.045640327025848
105,asp_logmean_no_clustering,1,1,-8.982449045407716,1.045640327025848
105,asp_clustered_2A,1,1,-8.982449045407716,1.045640327025848
106,vina_top1,0,1,-9.029309076205454,5.988907617278971
106,asp_logmean_no_clustering,0,1,-9.029309076205454,5.988907617278971
106,asp_clustered_2A,0,1,-9.029309076205454,5.988907617278971
107,vina_top1,0,1,-8.66640240217895,5.811767361758377
107,asp_logmean_no_clustering,0,1,-8.66640240217895,5.811767361758377
107,asp_clustered_2A,0,1,-8.66640240217895,5.811767361758377
108,vina_top1,0,1,-7.907211237390088,6.533705200731379
108,asp_logmean_no_clustering,0,0,-7.724485587675622,4.695654576023094
108,asp_clustered_2A,0,1,-7.907211237390088,6.533705200731379
109,vina_top1,1,0,-8.610071188278246,5.332891674180062
109,asp_logmean_no_clustering,1,0,-8.610071188278246,5.332891674180062
109,asp_clustered_2A,1,0,-8.610071188278246,5.332891674180062
110,vina_top1,1,0,-8.018300963225958,4.831120927868247
110,asp_logmean_no_clustering,1,0,-8.018300963225958,4.831120927868247
110,asp_clustered_2A,1,0,-8.018300963225958,4.831120927868247
111,vina_top1,0,1,-9.125242707313536,5.24687796051027
111,asp_logmean_no_clustering,0,1,-9.125242707313536,5.24687796051027
111,asp_clustered_2A,0,1,-9.125242707313536,5.24687796051027
112,vina_top1,0,1,-8.30550506602842,6.041968381193792
112,asp_logmean_no_clustering,0,1,-8.30550506602842,6.041968381193792
112,asp_clustered_2A,0,1,-8.30550506602842,6.041968381193792
113,vina_top1,0,1,-8.478840822531112,3.1731129383343415
113,asp_logmean_no_clustering,0,1,-8.478840822531112,3.1731129383343415
113,asp_clustered_2A,0,1,-8.478840822531112,3.1731129383343415
114,vina_top1,0,1,-8.915535873723105,3.803589646385496
114,asp_logmean_no_clustering,0,1,-8.915535873723105,3.803589646385496
114,asp_clustered_2A,0,1,-8.915535873723105,3.803589646385496
115,vina_top1,0,0,-8.47304316794966,3.3102242757749494
115,asp_logmean_no_clustering,0,0,-8.47304316794966,3.3102242757749494
115,asp_clustered_2A,0,0,-8.47304316794966,3.3102242757749494
116,vina_top1,1,0,-8.69780558425784,4.88074048499275
116,asp_logmean_no_clustering,1,0,-8.69780558425784,4.88074048499275
116,asp_clustered_2A,1,0,-8.69780558425784,4.88074048499275
117,vina_top1,0,1,-8.503965689879344,6.131849460402194
117,asp_logmean_no_clustering,0,1,-8.503965689879344,6.131849460402194
117,asp_clustered_2A,0,1,-8.503965689879344,6.131849460402194
118,vina_top1,0,1,-8.207233753430572,3.4691479713588587
118,asp_logmean_no_clustering,0,1,-8.207233753430572,3.4691479713588587
118,asp_clustered_2A,0,1,-8.207233753430572,3.4691479713588587
119,vina_top1,0,1,-7.9126332247299525,3.9013516125711534
119,asp_logmean_no_clustering,0,1,-7.9126332247299525,3.9013516125711534
119,asp_clustered_2A,0,1,-7.9126332247299525,3.9013516125711534
120,vina_top1,0,0,-8.364186196688348,1.3883038050171832
120,asp_logmean_no_clustering,0,1,-8.033942056896286,4.878205519218931
120,asp_clustered_2A,0,0,-8.364186196688348,1.3883038050171832
121,vina_top1,1,0,-8.96994151954195,4.122044243073253
121,asp_logmean_no_clustering,1,0,-8.96994151954195,4.122044243073253
121,asp_clustered_2A,1,0,-8.96994151954195,4.122044243073253
122,vina_top1,1,0,-8.708400268868955,5.990881345256342
122,asp_logmean_no_clustering,1,0,-8.708400268868955,5.990881345256342
122,asp_clustered_2A,1,0,-8.708400268868955,5.990881345256342
123,vina_top1,1,0,-8.110185046239588,3.0757105929089326
123,asp_logmean_no_clustering,1,0,-8.110185046239588,3.0757105929089326
123,asp_clustered_2A,1,0,-8.110185046239588,3.0757105929089326
124,vina_top1,0,0,-8.358766337480397,4.045453036997501
124,asp_logmean_no_clustering,0,0,-8.358766337480397,4.045453036997501
124,asp_clustered_2A,0,0,-8.358766337480397,4.045453036997501
125,vina_top1,1,0,-8.227200866062805,5.9423682959490876
125,asp_logmean_no_clustering,1,0,-8.227200866062805,5.9423682959490876
125,asp_clustered_2A,1,0,-8.227200866062805,5.9423682959490876
126,vina_top1,0,1,-8.477896833423962,5.687283078074042
126,asp_logmean_no_clustering,0,1,-8.477896833423962,5.687283078074042
126,asp_clustered_2A,0,1,-8.477896833423962,5.687283078074042
127,vina_top1,0,1,-8.539004292668011,5.235199733361682
127,asp_logmean_no_clustering,0,1,-8.539004292668011,5.235199733361682
127,asp_clustered_2A,0,1,-8.539004292668011,5.235199733361682
128,vina_top1,0,1,-8.319329918780827,5.940398204466734
128,asp_logmean_no_clustering,0,1,-8.319329918780827,5.940398204466734
128,asp_clustered_2A,0,1,-8.319329918780827,5.940398204466734
129,vina_top1,1,0,-8.295204722257832,4.781027646656785
129,asp_logmean_no_clustering,1,0,-8.295204722257832,4.781027646656785
129,asp_clustered_2A,1,0,-8.295204722257832,4.781027646656785
130,vina_top1,1,0,-8.199712319390942,5.785484240228172
130,asp_logmean_no_clustering,1,0,-8.199712319390942,5.785484240228172
130,asp_clustered_2A,1,0,-8.199712319390942,5.785484240228172
131,vina_top1,0,1,-8.427493256930884,5.815398525023412
131,asp_logmean_no_clustering,0,1,-8.427493256930884,5.815398525023412
131,asp_clustered_2A,0,1,-8.427493256930884,5.815398525023412
132,vina_top1,0,1,-8.23954908703062,4.160332124852847
132,asp_logmean_no_clustering,0,1,-8.23954908703062,4.160332124852847
132,asp_clustered_2A,0,1,-8.23954908703062,4.160332124852847
133,vina_top1,1,1,-8.67147773410488,3.333831728264063
133,asp_logmean_no_clustering,1,0,-8.3644100212735,3.3931416276743547
133,asp_clustered_2A,1,1,-8.67147773410488,3.333831728264063
134,vina_top1,0,1,-7.778223296839338,3.0231821531469123
134,asp_logmean_no_clustering,0,1,-7.778223296839338,3.0231821531469123
134,asp_clustered_2A,0,1,-7.778223296839338,3.0231821531469123
135,vina_top1,1,0,-8.360752498455573,4.265433548031016
135,asp_logmean_no_clustering,1,1,-8.333160045343204,0.35
135,asp_clustered_2A,1,0,-8.360752498455573,4.265433548031016
136,vina_top1,1,0,-7.80923331993483,5.670129682058239
136,asp_logmean_no_clustering,1,0,-7.80923331993483,5.670129682058239
136,asp_clustered_2A,1,0,-7.80923331993483,5.670129682058239
137,vina_top1,1,0,-7.9547518633225796,4.359357192699133
137,asp_logmean_no_clustering,1,0,-7.9547518633225796,4.359357192699133
137,asp_clustered_2A,1,0,-7.9547518633225796,4.359357192699133
138,vina_top1,1,0,-8.105581837196214,5.4988897753530415
138,asp_logmean_no_clustering,1,0,-8.105581837196214,5.4988897753530415
138,asp_clustered_2A,1,0,-8.105581837196214,5.4988897753530415
139,vina_top1,1,1,-8.177685446985498,0.9781473855876426
139,asp_logmean_no_clustering,1,0,-7.985393297676393,4.121087143739697
139,asp_clustered_2A,1,1,-8.177685446985498,0.9781473855876426
140,vina_top1,0,1,-8.882387874865765,4.829963569219481
140,asp_logmean_no_clustering,0,1,-8.882387874865765,4.829963569219481
140,asp_clustered_2A,0,1,-8.882387874865765,4.829963569219481
141,vina_top1,1,0,-8.306730968285105,2.6
141,asp_logmean_no_clustering,1,1,-8.072549781752977,4.951018280570407
141,asp_clustered_2A,1,0,-8.306730968285105,2.6
142,vina_top1,0,0,-7.975870275296874,6.595724925582421
142,asp_logmean_no_clustering,0,1,-7.95875003000656,8.030832858246008
142,asp_clustered_2A,0,0,-7.975870275296874,6.595724925582421
143,vina_top1,0,0,-8.148378596548815,4.453851083498646
143,asp_logmean_no_clustering,0,1,-7.981529978858989,6.537965877108879
143,asp_clustered_2A,0,0,-8.148378596548815,4.453851083498646
144,vina_top1,0,0,-8.133233933110379,1.4518709670588894
144,asp_logmean_no_clustering,0,1,-8.13306956825985,4.944059230638892
144,asp_clustered_2A,0,0,-8.133233933110379,1.4518709670588894
145,vina_top1,0,0,-8.025381672918595,1.7116339134787055
145,asp_logmean_no_clustering,0,0,-8.025381672918595,1.7116339134787055
145,asp_clustered_2A,0,0,-8.025381672918595,1.7116339134787055
146,vina_top1,1,1,-8.688646639692262,2.1858495553494826
146,asp_logmean_no_clustering,1,1,-8.688646639692262,2.1858495553494826
146,asp_clustered_2A,1,1,-8.688646639692262,2.1858495553494826
147,vina_top1,0,0,-8.494396764916269,0.9444299070861577
147,asp_logmean_no_clustering,0,0,-8.494396764916269,0.9444299070861577
147,asp_clustered_2A,0,0,-8.494396764916269,0.9444299070861577
148,vina_top1,0,1,-7.799045469050006,5.815930878558822
148,asp_logmean_no_clustering,0,1,-7.799045469050006,5.815930878558822
148,asp_clustered_2A,0,1,-7.799045469050006,5.815930878558822
149,vina_top1,0,1,-8.29246750203842,4.387741193538423
149,asp_logmean_no_clustering,0,0,-7.883348720411575,4.771832641958688
149,asp_clustered_2A,0,1,-8.29246750203842,4.387741193538423
150,vina_top1,0,1,-8.306415051800224,3.755369763804474
150,asp_logmean_no_clustering,0,1,-8.306415051800224,3.755369763804474
150,asp_clustered_2A,0,1,-8.306415051800224,3.755369763804474
151,vina_top1,0,1,-7.8444207354570965,3.204898460779982
151,asp_logmean_no_clustering,0,1,-7.8444207354570965,3.204898460779982
151,asp_clustered_2A,0,1,-7.8444207354570965,3.204898460779982
152,vina_top1,1,0,-7.85736931722891,3.5379778428645547
152,asp_logmean_no_clustering,1,0,-7.85736931722891,3.5379778428645547
152,asp_clustered_2A,1,0,-7.85736931722891,3.5379778428645547
153,vina_top1,0,1,-8.284030221427823,4.653392464338784
153,asp_logmean_no_clustering,0,1,-8.284030221427823,4.653392464338784
153,asp_clustered_2A,0,1,-8.284030221427823,4.653392464338784
154,vina_top1,1,1,-8.225383418063084,7.341956935809895
154,asp_logmean_no_clustering,1,0,-7.982604943619414,3.687705036030837
154,asp_clustered_2A,1,1,-8.225383418063084,7.341956935809895
155,vina_top1,0,1,-8.313491795557695,4.36487478026676
155,asp_logmean_no_clustering,0,1,-8.313491795557695,4.36487478026676
155,asp_clustered_2A,0,1,-8.313491795557695,4.36487478026676
156,vina_top1,1,1,-8.304675510561466,1.4876977182267492
156,asp_logmean_no_clustering,1,1,-8.304675510561466,1.4876977182267492
156,asp_clustered_2A,1,1,-8.304675510561466,1.4876977182267492
157,vina_top1,1,0,-8.269231369306912,3.3822997544549125
157,asp_logmean_no_clustering,1,0,-8.269231369306912,3.3822997544549125
157,asp_clustered_2A,1,0,-8.269231369306912,3.3822997544549125
158,vina_top1,0,1,-8.187543638943753,5.551151354286184
158,asp_logmean_no_clustering,0,1,-8.187543638943753,5.551151354286184
158,asp_clustered_2A,0,1,-8.187543638943753,5.551151354286184
159,vina_top1,1,0,-7.891032986334816,4.7884035185964295
159,asp_logmean_no_clustering,1,0,-7.891032986334816,4.7884035185964295
159,asp_clustered_2A,1,0,-7.891032986334816,4.7884035185964295
160,vina_top1,0,1,-8.207216680285521,5.422449961800774
160,asp_logmean_no_clustering,0,1,-8.207216680285521,5.422449961800774
160,asp_clustered_2A,0,1,-8.207216680285521,5.422449961800774
161,vina_top1,1,1,-8.433905673230868,5.699680277946987
161,asp_logmean_no_clustering,1,0,-7.95634702310662,4.192551127136025
161,asp_clustered_2A,1,1,-8.433905673230868,5.699680277946987
162,vina_top1,0,1,-8.507137868843413,5.110773068309125
162,asp_logmean_no_clustering,0,1,-8.507137868843413,5.110773068309125
162,asp_clustered_2A,0,1,-8.507137868843413,5.110773068309125
163,vina_top1,0,1,-8.279743703190364,4.3895196812249635
163,asp_logmean_no_clustering,0,1,-8.279743703190364,4.3895196812249635
163,asp_clustered_2A,0,1,-8.279743703190364,4.3895196812249635
164,vina_top1,1,0,-8.033550966460867,4.914947826808568
164,asp_logmean_no_clustering,1,0,-8.033550966460867,4.914947826808568
164,asp_clustered_2A,1,0,-8.033550966460867,4.914947826808568
165,vina_top1,1,0,-8.273657379755441,5.237504723611358
165,asp_logmean_no_clustering,1,0,-8.273657379755441,5.237504723611358
165,asp_clustered_2A,1,0,-8.273657379755441,5.237504723611358
166,vina_top1,0,0,-8.019128354421651,1.1933413138953057
166,asp_logmean_no_clustering,0,1,-7.835771334320415,6.055446004020004
166,asp_clustered_2A,0,0,-8.019128354421651,1.1933413138953057
167,vina_top1,1,0,-8.17828344607377,4.514254025736617
167,asp_logmean_no_clustering,1,0,-8.17828344607377,4.514254025736617
167,asp_clustered_2A,1,0,-8.17828344607377,4.514254025736617
168,vina_top1,0,1,-8.461077665908528,6.268182110093107
168,asp_logmean_no_clustering,0,0,-8.31956635447278,0.400488842997772
168,asp_clustered_2A,0,1,-8.461077665908528,6.268182110093107
169,vina_top1,0,1,-8.316815793777527,4.65739902587149
169,asp_logmean_no_clustering,0,1,-8.316815793777527,4.65739902587149
169,asp_clustered_2A,0,1,-8.316815793777527,4.65739902587149
170,vina_top1,0,1,-8.350574652238315,2.942368174968104
170,asp_logmean_no_clustering,0,1,-8.350574652238315,2.942368174968104
170,asp_clustered_2A,0,1,-8.350574652238315,2.942368174968104
171,vina_top1,1,0,-8.498315305936273,3.110957839712701
171,asp_logmean_no_clustering,1,0,-8.498315305936273,3.110957839712701
171,asp_clustered_2A,1,0,-8.498315305936273,3.110957839712701
172,vina_top1,0,1,-8.1923264384045,5.840546085990399
172,asp_logmean_no_clustering,0,1,-8.1923264384045,5.840546085990399
172,asp_clustered_2A,0,1,-8.1923264384045,5.840546085990399
173,vina_top1,0,1,-8.624423436437828,8.243762683908857
173,asp_logmean_no_clustering,0,1,-8.624423436437828,8.243762683908857
173,asp_clustered_2A,0,1,-8.624423436437828,8.243762683908857
174,vina_top1,1,0,-8.275845028453283,6.383526218176089
174,asp_logmean_no_clustering,1,0,-8.275845028453283,6.383526218176089
174,asp_clustered_2A,1,0,-8.275845028453283,6.383526218176089
175,vina_top1,0,1,-8.112542424765966,5.396051204025847
175,asp_logmean_no_clustering,0,1,-8.112542424765966,5.396051204025847
175,asp_clustered_2A,0,1,-8.112542424765966,5.396051204025847
176,vina_top1,0,1,-8.24589609210895,5.281624424537549
176,asp_logmean_no_clustering,0,1,-8.24589609210895,5.281624424537549
176,asp_clustered_2A,0,1,-8.24589609210895,5.281624424537549
177,vina_top1,1,0,-8.830714358839327,5.48638922479154
177,asp_logmean_no_clustering,1,0,-8.830714358839327,5.48638922479154
177,asp_clustered_2A,1,0,-8.830714358839327,5.48638922479154
178,vina_top1,0,1,-8.103086206226989,5.444049802401445
178,asp_logmean_no_clustering,0,1,-8.103086206226989,5.444049802401445
178,asp_clustered_2A,0,1,-8.103086206226989,5.444049802401445
179,vina_top1,1,0,-8.080842715462047,3.961781796055016
179,asp_logmean_no_clustering,1,0,-8.080842715462047,3.961781796055016
179,asp_clustered_2A,1,0,-8.080842715462047,3.961781796055016
180,vina_top1,1,1,-8.328187936329162,0.50777729552312
180,asp_logmean_no_clustering,1,0,-8.191807728607012,3.879946564387075
180,asp_clustered_2A,1,1,-8.328187936329162,0.50777729552312
181,vina_top1,1,0,-8.779036137625024,6.716209727948835
181,asp_logmean_no_clustering,1,0,-8.779036137625024,6.716209727948835
181,asp_clustered_2A,1,0,-8.779036137625024,6.716209727948835
182,vina_top1,1,0,-9.502151652922375,6.4908491160362844
182,asp_logmean_no_clustering,1,0,-9.502151652922375,6.4908491160362844
182,asp_clustered_2A,1,0,-9.502151652922375,6.4908491160362844
183,vina_top1,1,0,-8.706667706159852,4.240618585025494
183,asp_logmean_no_clustering,1,0,-8.706667706159852,4.240618585025494
183,asp_clustered_2A,1,0,-8.706667706159852,4.240618585025494
184,vina_top1,1,0,-8.803684942959425,2.914411871402219
184,asp_logmean_no_clustering,1,0,-8.803684942959425,2.914411871402219
184,asp_clustered_2A,1,0,-8.803684942959425,2.914411871402219
185,vina_top1,0,1,-8.077195636225357,5.3041468600882995
185,asp_logmean_no_clustering,0,1,-8.077195636225357,5.3041468600882995
185,asp_clustered_2A,0,1,-8.077195636225357,5.3041468600882995
186,vina_top1,1,1,-8.557386099046067,1.5788307203421832
186,asp_logmean_no_clustering,1,0,-8.443493595409384,3.397916635980036
186,asp_clustered_2A,1,1,-8.557386099046067,1.5788307203421832
187,vina_top1,0,1,-8.318477898153379,3.646568761372384
187,asp_logmean_no_clustering,0,1,-8.318477898153379,3.646568761372384
187,asp_clustered_2A,0,1,-8.318477898153379,3.646568761372384
188,vina_top1,1,0,-7.916009075643487,5.049909699489715
188,asp_logmean_no_clustering,1,0,-7.916009075643487,5.049909699489715
188,asp_clustered_2A,1,0,-7.916009075643487,5.049909699489715
189,vina_top1,0,1,-7.995261175338517,4.076767056018901
189,asp_logmean_no_clustering,0,1,-7.995261175338517,4.076767056018901
189,asp_clustered_2A,0,1,-7.995261175338517,4.076767056018901
190,vina_top1,0,1,-8.413162706072395,3.4260534567940826
190,asp_logmean_no_clustering,0,1,-8.413162706072395,3.4260534567940826
190,asp_clustered_2A,0,1,-8.413162706072395,3.4260534567940826
191,vina_top1,0,1,-8.024982694640387,4.746966937614897
191,asp_logmean_no_clustering,0,1,-8.024982694640387,4.746966937614897
191,asp_clustered_2A,0,1,-8.024982694640387,4.746966937614897
192,vina_top1,0,0,-8.58584919461872,5.108360290451905
192,asp_logmean_no_clustering,0,1,-8.474991086536251,4.070855339583958
192,asp_clustered_2A,0,0,-8.58584919461872,5.108360290451905
193,vina_top1,0,1,-8.6779481785135,4.19078994318955
193,asp_logmean_no_clustering,0,1,-8.6779481785135,4.19078994318955
193,asp_clustered_2A,0,1,-8.6779481785135,4.19078994318955
194,vina_top1,1,0,-8.488161699408383,5.140779845436561
194,asp_logmean_no_clustering,1,0,-8.488161699408383,5.140779845436561
194,asp_clustered_2A,1,0,-8.488161699408383,5.140779845436561
195,vina_top1,1,1,-8.317374836342879,5.664664431361324
195,asp_logmean_no_clustering,1,0,-8.042465268704944,3.5723840394670816
195,asp_clustered_2A,1,1,-8.317374836342879,5.664664431361324
196,vina_top1,1,0,-8.623366629477054,7.157030006510313
196,asp_logmean_no_clustering,1,0,-8.623366629477054,7.157030006510313
196,asp_clustered_2A,1,0,-8.623366629477054,7.157030006510313
197,vina_top1,1,0,-8.415046572116527,5.781217444754284
197,asp_logmean_no_clustering,1,0,-8.415046572116527,5.781217444754284
197,asp_clustered_2A,1,0,-8.415046572116527,5.781217444754284
198,vina_top1,1,0,-8.342488847491337,4.608132116997015
198,asp_logmean_no_clustering,1,0,-8.342488847491337,4.608132116997015
198,asp_clustered_2A,1,0,-8.342488847491337,4.608132116997015
199,vina_top1,1,0,-8.418572022946803,6.9126778543531255
199,asp_logmean_no_clustering,1,0,-8.418572022946803,6.9126778543531255
199,asp_clustered_2A,1,0,-8.418572022946803,6.9126778543531255
200,vina_top1,0,0,-8.129364274282981,4.407923952103824
200,asp_logmean_no_clustering,0,0,-8.129364274282981,4.407923952103824
200,asp_clustered_2A,0,0,-8.129364274282981,4.407923952103824
201,vina_top1,0,1,-8.8969396451536,5.986921780979744
201,asp_logmean_no_clustering,0,1,-8.8969396451536,5.986921780979744
201,asp_clustered_2A,0,1,-8.8969396451536,5.986921780979744
202,vina_top1,1,0,-7.877804606788878,6.897314421205081
202,asp_logmean_no_clustering,1,0,-7.877804606788878,6.897314421205081
202,asp_clustered_2A,1,0,-7.877804606788878,6.897314421205081
203,vina_top1,0,1,-8.659453891889678,4.096141360122669
203,asp_logmean_no_clustering,0,1,-8.659453891889678,4.096141360122669
203,asp_clustered_2A,0,1,-8.659453891889678,4.096141360122669
204,vina_top1,0,1,-8.657632308453367,4.007540770053795
204,asp_logmean_no_clustering,0,1,-8.657632308453367,4.007540770053795
204,asp_clustered_2A,0,1,-8.657632308453367,4.007540770053795
205,vina_top1,1,0,-8.006191349113292,5.160739014292112
205,asp_logmean_no_clustering,1,0,-8.006191349113292,5.160739014292112
205,asp_clustered_2A,1,0,-8.006191349113292,5.160739014292112
206,vina_top1,1,0,-8.629991920112678,5.76854771128496
206,asp_logmean_no_clustering,1,0,-8.629991920112678,5.76854771128496
206,asp_clustered_2A,1,0,-8.629991920112678,5.76854771128496
207,vina_top1,0,1,-8.083490748908364,5.5445383641597425
207,asp_logmean_no_clustering,0,1,-8.083490748908364,5.5445383641597425
207,asp_clustered_2A,0,1,-8.083490748908364,5.5445383641597425
208,vina_top1,1,0,-8.250477826540646,5.2309347642013995
208,asp_logmean_no_clustering,1,0,-8.250477826540646,5.2309347642013995
208,asp_clustered_2A,1,0,-8.250477826540646,5.2309347642013995
209,vina_top1,1,0,-8.362367207658602,4.617309765393779
209,asp_logmean_no_clustering,1,0,-8.362367207658602,4.617309765393779
209,asp_clustered_2A,1,0,-8.362367207658602,4.617309765393779
210,vina_top1,1,0,-8.326676409272002,4.458081722962129
210,asp_logmean_no_clustering,1,0,-8.326676409272002,4.458081722962129
210,asp_clustered_2A,1,0,-8.326676409272002,4.458081722962129
211,vina_top1,0,1,-8.983350057740122,4.705438901206705
211,asp_logmean_no_clustering,0,1,-8.983350057740122,4.705438901206705
211,asp_clustered_2A,0,1,-8.983350057740122,4.705438901206705
212,vina_top1,0,0,-8.009770473693612,1.597879223746665
212,asp_logmean_no_clustering,0,0,-8.009770473693612,1.597879223746665
212,asp_clustered_2A,0,0,-8.009770473693612,1.597879223746665
213,vina_top1,1,0,-8.01956329706642,6.331659307807842
213,asp_logmean_no_clustering,1,0,-8.01956329706642,6.331659307807842
213,asp_clustered_2A,1,0,-8.01956329706642,6.331659307807842
214,vina_top1,0,1,-7.948301920106718,6.695106035456636
214,asp_logmean_no_clustering,0,1,-7.948301920106718,6.695106035456636
214,asp_clustered_2A,0,1,-7.948301920106718,6.695106035456636
215,vina_top1,0,1,-8.76922279904133,4.596817739487448
215,asp_logmean_no_clustering,0,1,-8.76922279904133,4.596817739487448
215,asp_clustered_2A,0,1,-8.76922279904133,4.596817739487448
216,vina_top1,1,1,-8.807605418360355,1.6978104815397683
216,asp_logmean_no_clustering,1,1,-8.807605418360355,1.6978104815397683
216,asp_clustered_2A,1,1,-8.807605418360355,1.6978104815397683
217,vina_top1,0,1,-8.414197402828869,5.614656199701756
217,asp_logmean_no_clustering,0,1,-8.414197402828869,5.614656199701756
217,asp_clustered_2A,0,1,-8.414197402828869,5.614656199701756
218,vina_top1,1,0,-8.656819863253972,4.8469691366342555
218,asp_logmean_no_clustering,1,0,-8.656819863253972,4.8469691366342555
218,asp_clustered_2A,1,0,-8.656819863253972,4.8469691366342555
219,vina_top1,0,1,-8.01810447427394,3.9407121940751733
219,asp_logmean_no_clustering,0,1,-8.01810447427394,3.9407121940751733
219,asp_clustered_2A,0,1,-8.01810447427394,3.9407121940751733
220,vina_top1,0,1,-7.862124466382649,6.135304269061832
220,asp_logmean_no_clustering,0,1,-7.862124466382649,6.135304269061832
220,asp_clustered_2A,0,1,-7.862124466382649,6.135304269061832
221,vina_top1,0,0,-8.82532589338145,3.7809195585155924
221,asp_logmean_no_clustering,0,0,-8.82532589338145,3.7809195585155924
221,asp_clustered_2A,0,0,-8.82532589338145,3.7809195585155924
222,vina_top1,1,1,-8.683203389546915,0.9779720664364069
222,asp_logmean_no_clustering,1,0,-8.162332428436798,4.178313624554686
222,asp_clustered_2A,1,1,-8.683203389546915,0.9779720664364069
223,vina_top1,0,0,-8.260024962772576,3.4733116152997603
223,asp_logmean_no_clustering,0,1,-8.251566409500807,7.210076876937967
223,asp_clustered_2A,0,0,-8.260024962772576,3.4733116152997603
224,vina_top1,1,0,-8.467813886804883,6.711043778282827
224,asp_logmean_no_clustering,1,0,-8.467813886804883,6.711043778282827
224,asp_clustered_2A,1,0,-8.467813886804883,6.711043778282827
225,vina_top1,1,0,-8.319712080118096,2.811459159561271
225,asp_logmean_no_clustering,1,0,-8.319712080118096,2.811459159561271
225,asp_clustered_2A,1,0,-8.319712080118096,2.811459159561271
226,vina_top1,0,1,-8.144151598975554,6.2509680497239515
226,asp_logmean_no_clustering,0,1,-8.144151598975554,6.2509680497239515
226,asp_clustered_2A,0,1,-8.144151598975554,6.2509680497239515
227,vina_top1,1,0,-8.853825883211034,3.8651973963716184
227,asp_logmean_no_clustering,1,0,-8.853825883211034,3.8651973963716184
227,asp_clustered_2A,1,0,-8.853825883211034,3.8651973963716184
228,vina_top1,1,0,-8.48019962510258,5.561880275546329
228,asp_logmean_no_clustering,1,0,-8.48019962510258,5.561880275546329
228,asp_clustered_2A,1,0,-8.48019962510258,5.561880275546329
229,vina_top1,1,1,-8.212574382017594,7.123568400997295
229,asp_logmean_no_clustering,1,1,-8.212574382017594,7.123568400997295
229,asp_clustered_2A,1,1,-8.212574382017594,7.123568400997295
230,vina_top1,1,0,-8.684147499218493,3.2603276939073496
230,asp_logmean_no_clustering,1,0,-8.684147499218493,3.2603276939073496
230,asp_clustered_2A,1,0,-8.684147499218493,3.2603276939073496
231,vina_top1,0,1,-8.528779445905428,3.9332682025192702
231,asp_logmean_no_clustering,0,1,-8.528779445905428,3.9332682025192702
231,asp_clustered_2A,0,1,-8.528779445905428,3.9332682025192702
232,vina_top1,0,1,-8.812325769551803,6.1479557387278305
232,asp_logmean_no_clustering,0,1,-8.812325769551803,6.1479557387278305
232,asp_clustered_2A,0,1,-8.812325769551803,6.1479557387278305
233,vina_top1,1,0,-8.32662322322457,4.904423691379703
233,asp_logmean_no_clustering,1,0,-8.32662322322457,4.904423691379703
233,asp_clustered_2A,1,0,-8.32662322322457,4.904423691379703
234,vina_top1,0,1,-8.784958093415565,4.017864536426822
234,asp_logmean_no_clustering,0,1,-8.784958093415565,4.017864536426822
234,asp_clustered_2A,0,1,-8.784958093415565,4.017864536426822
235,vina_top1,0,0,-8.359666943194638,7.248932170878586
235,asp_logmean_no_clustering,0,0,-8.359666943194638,7.248932170878586
235,asp_clustered_2A,0,0,-8.359666943194638,7.248932170878586
236,vina_top1,0,0,-7.530757534219371,5.0803612870864665
236,asp_logmean_no_clustering,0,1,-7.50398328111054,4.033825700021049
236,asp_clustered_2A,0,0,-7.530757534219371,5.0803612870864665
237,vina_top1,0,1,-8.759191129106554,5.455661461137693
237,asp_logmean_no_clustering,0,1,-8.759191129106554,5.455661461137693
237,asp_clustered_2A,0,1,-8.759191129106554,5.455661461137693
238,vina_top1,1,0,-8.213744913478118,3.432223606620629
238,asp_logmean_no_clustering,1,0,-8.213744913478118,3.432223606620629
238,asp_clustered_2A,1,0,-8.213744913478118,3.432223606620629
239,vina_top1,1,1,-7.886695011331026,1.2224209572684557
239,asp_logmean_no_clustering,1,1,-7.886695011331026,1.2224209572684557
239,asp_clustered_2A,1,1,-7.886695011331026,1.2224209572684557
240,vina_top1,0,1,-7.902512047606169,4.455319008410469
240,asp_logmean_no_clustering,0,1,-7.902512047606169,4.455319008410469
240,asp_clustered_2A,0,1,-7.902512047606169,4.455319008410469
241,vina_top1,0,1,-8.726339109661778,4.619892685481892
241,asp_logmean_no_clustering,0,1,-8.726339109661778,4.619892685481892
241,asp_clustered_2A,0,1,-8.726339109661778,4.619892685481892
242,vina_top1,1,0,-8.306727660875772,6.1779061447559345
242,asp_logmean_no_clustering,1,0,-8.306727660875772,6.1779061447559345
242,asp_clustered_2A,1,0,-8.306727660875772,6.1779061447559345
243,vina_top1,1,0,-8.49562654862746,5.060547757030999
243,asp_logmean_no_clustering,1,0,-8.49562654862746,5.060547757030999
243,asp_clustered_2A,1,0,-8.49562654862746,5.060547757030999
244,vina_top1,1,1,-8.17199593807271,1.0788968760073974
244,asp_logmean_no_clustering,1,1,-8.17199593807271,1.0788968760073974
244,asp_clustered_2A,1,1,-8.17199593807271,1.0788968760073974
245,vina_top1,0,0,-8.300594398059435,0.9926936000185027
245,asp_logmean_no_clustering,0,1,-8.132480157610857,3.668333442801152
245,asp_clustered_2A,0,0,-8.300594398059435,0.9926936000185027
246,vina_top1,0,1,-8.848387700065935,4.546957254919501
246,asp_logmean_no_clustering,0,1,-8.848387700065935,4.546957254919501
246,asp_clustered_2A,0,1,-8.848387700065935,4.546957254919501
247,vina_top1,0,1,-8.344106836157218,7.02948102876219
247,asp_logmean_no_clustering,0,1,-8.344106836157218,7.02948102876219
247,asp_clustered_2A,0,1,-8.344106836157218,7.02948102876219
248,vina_top1,0,1,-8.257369905625234,5.993518772029811
248,asp_logmean_no_clustering,0,1,-8.257369905625234,5.993518772029811
248,asp_clustered_2A,0,1,-8.257369905625234,5.993518772029811
249,vina_top1,0,1,-8.463135370791854,5.9555003084753295
249,asp_logmean_no_clustering,0,1,-8.463135370791854,5.9555003084753295
249,asp_clustered_2A,0,1,-8.463135370791854,5.9555003084753295
250,vina_top1,1,0,-8.03199458683426,6.859920125440509
250,asp_logmean_no_clustering,1,0,-8.03199458683426,6.859920125440509
250,asp_clustered_2A,1,0,-8.03199458683426,6.859920125440509
251,vina_top1,0,1,-7.957028094217678,4.6352310229711815
251,asp_logmean_no_clustering,0,1,-7.957028094217678,4.6352310229711815
251,asp_clustered_2A,0,1,-7.957028094217678,4.6352310229711815
252,vina_top1,1,1,-7.979327594906253,1.302008360439311
252,asp_logmean_no_clustering,1,0,-7.924907464020456,3.807468453326429
252,asp_clustered_2A,1,1,-7.979327594906253,1.302008360439311
253,vina_top1,0,0,-8.300077594768355,4.004041119020308
253,asp_logmean_no_clustering,0,1,-7.781173230285275,4.340429871626731
253,asp_clustered_2A,0,0,-8.300077594768355,4.004041119020308
254,vina_top1,0,1,-8.78196534733965,4.350219959593808
254,asp_logmean_no_clustering,0,1,-8.78196534733965,4.350219959593808
254,asp_clustered_2A,0,1,-8.78196534733965,4.350219959593808
255,vina_top1,0,0,-7.751999745778109,1.6079118560504502
255,asp_logmean_no_clustering,0,1,-7.653270687116817,2.6
255,asp_clustered_2A,0,0,-7.751999745778109,1.6079118560504502
256,vina_top1,1,0,-8.125503058387565,7.1702862785215356
256,asp_logmean_no_clustering,1,0,-8.125503058387565,7.1702862785215356
256,asp_clustered_2A,1,0,-8.125503058387565,7.1702862785215356
257,vina_top1,1,1,-8.22290982502125,5.162559892232685
257,asp_logmean_no_clustering,1,0,-8.154973065683077,6.391177401330221
257,asp_clustered_2A,1,1,-8.22290982502125,5.162559892232685
258,vina_top1,0,1,-7.991933294325355,5.654264241915852
258,asp_logmean_no_clustering,0,1,-7.991933294325355,5.654264241915852
258,asp_clustered_2A,0,1,-7.991933294325355,5.654264241915852
259,vina_top1,1,0,-8.380608106290868,4.293366124423735
259,asp_logmean_no_clustering,1,0,-8.380608106290868,4.293366124423735
259,asp_clustered_2A,1,0,-8.380608106290868,4.293366124423735
260,vina_top1,0,1,-7.968621246439348,5.9119362829810385
260,asp_logmean_no_clustering,0,1,-7.968621246439348,5.9119362829810385
260,asp_clustered_2A,0,1,-7.968621246439348,5.9119362829810385
261,vina_top1,0,1,-8.158715141490427,6.547334715288992
261,asp_logmean_no_clustering,0,1,-8.158715141490427,6.547334715288992
261,asp_clustered_2A,0,1,-8.158715141490427,6.547334715288992
262,vina_top1,1,0,-8.42336990959598,7.406972998420679
262,asp_logmean_no_clustering,1,0,-8.42336990959598,7.406972998420679
262,asp_clustered_2A,1,0,-8.42336990959598,7.406972998420679
263,vina_top1,1,0,-8.048262646248451,4.039540645747606
263,asp_logmean_no_clustering,1,0,-8.048262646248451,4.039540645747606
263,asp_clustered_2A,1,0,-8.048262646248451,4.039540645747606
264,vina_top1,1,0,-8.099102072877077,5.914665555192329
264,asp_logmean_no_clustering,1,0,-8.099102072877077,5.914665555192329
264,asp_clustered_2A,1,0,-8.099102072877077,5.914665555192329
265,vina_top1,1,0,-9.192258105601628,4.602845536636927
265,asp_logmean_no_clustering,1,0,-9.192258105601628,4.602845536636927
265,asp_clustered_2A,1,0,-9.192258105601628,4.602845536636927
266,vina_top1,0,1,-8.404985471988017,5.967934504663393
266,asp_logmean_no_clustering,0,1,-8.404985471988017,5.967934504663393
266,asp_clustered_2A,0,1,-8.404985471988017,5.967934504663393
267,vina_top1,0,1,-9.005015652276823,4.637430511572953
267,asp_logmean_no_clustering,0,1,-9.005015652276823,4.637430511572953
267,asp_clustered_2A,0,1,-9.005015652276823,4.637430511572953
268,vina_top1,0,1,-8.240081838135739,7.891156692265149
268,asp_logmean_no_clustering,0,1,-8.240081838135739,7.891156692265149
268,asp_clustered_2A,0,1,-8.240081838135739,7.891156692265149
269,vina_top1,1,1,-8.003464123802875,1.207917947080471
269,asp_logmean_no_clustering,1,0,-7.730920140248239,4.987322025828863
269,asp_clustered_2A,1,1,-8.003464123802875,1.207917947080471
270,vina_top1,0,1,-8.140204413077882,7.892866165595825
270,asp_logmean_no_clustering,0,1,-8.140204413077882,7.892866165595825
270,asp_clustered_2A,0,1,-8.140204413077882,7.892866165595825
271,vina_top1,1,0,-8.132986028535655,6.144272287397205
271,asp_logmean_no_clustering,1,0,-8.132986028535655,6.144272287397205
271,asp_clustered_2A,1,0,-8.132986028535655,6.144272287397205
272,vina_top1,0,1,-8.145449229941292,6.142093747970378
272,asp_logmean_no_clustering,0,1,-8.145449229941292,6.142093747970378
272,asp_clustered_2A,0,1,-8.145449229941292,6.142093747970378
273,vina_top1,1,0,-8.077915984302125,2.69260097056677
273,asp_logmean_no_clustering,1,0,-8.077915984302125,2.69260097056677
273,asp_clustered_2A,1,0,-8.077915984302125,2.69260097056677
274,vina_top1,0,1,-8.089627653599004,6.508278361059952
274,asp_logmean_no_clustering,0,1,-8.089627653599004,6.508278361059952
274,asp_clustered_2A,0,1,-8.089627653599004,6.508278361059952
275,vina_top1,0,0,-8.073657979625295,6.211010202113137
275,asp_logmean_no_clustering,0,1,-8.067514221823842,3.3447987145007074
275,asp_clustered_2A,0,0,-8.073657979625295,6.211010202113137
276,vina_top1,1,0,-8.477581740110926,5.6361820550600745
276,asp_logmean_no_clustering,1,0,-8.477581740110926,5.6361820550600745
276,asp_clustered_2A,1,0,-8.477581740110926,5.6361820550600745
277,vina_top1,1,1,-8.522433408826723,1.9256021497197393
277,asp_logmean_no_clustering,1,1,-8.522433408826723,1.9256021497197393
277,asp_clustered_2A,1,1,-8.522433408826723,1.9256021497197393
278,vina_top1,1,0,-8.74130088842252,6.613506993092075
278,asp_logmean_no_clustering,1,0,-8.74130088842252,6.613506993092075
278,asp_clustered_2A,1,0,-8.74130088842252,6.613506993092075
279,vina_top1,0,0,-8.623699784408444,5.815798014163078
279,asp_logmean_no_clustering,0,1,-8.574785765486139,6.726114970342964
279,asp_clustered_2A,0,0,-8.623699784408444,5.815798014163078
280,vina_top1,1,0,-8.400941614358583,4.972573628376959
280,asp_logmean_no_clustering,1,0,-8.400941614358583,4.972573628376959
280,asp_clustered_2A,1,0,-8.400941614358583,4.972573628376959
281,vina_top1,0,1,-8.334006723109333,3.362623631296227
281,asp_logmean_no_clustering,0,1,-8.334006723109333,3.362623631296227
281,asp_clustered_2A,0,1,-8.334006723109333,3.362623631296227
282,vina_top1,1,1,-8.269495849540235,1.796794019157503
282,asp_logmean_no_clustering,1,1,-8.269495849540235,1.796794019157503
282,asp_clustered_2A,1,1,-8.269495849540235,1.796794019157503
283,vina_top1,1,1,-8.528849127305675,3.824322919075856
283,asp_logmean_no_clustering,1,1,-8.528849127305675,3.824322919075856
283,asp_clustered_2A,1,1,-8.528849127305675,3.824322919075856
284,vina_top1,1,1,-8.57533184747333,5.692092308121557
284,asp_logmean_no_clustering,1,1,-8.57533184747333,5.692092308121557
284,asp_clustered_2A,1,1,-8.57533184747333,5.692092308121557
285,vina_top1,0,0,-8.161813068121868,4.906835923501825
285,asp_logmean_no_clustering,0,0,-8.161813068121868,4.906835923501825
285,asp_clustered_2A,0,0,-8.161813068121868,4.906835923501825
286,vina_top1,1,0,-8.125429403704004,5.128454264848608
286,asp_logmean_no_clustering,1,0,-8.125429403704004,5.128454264848608
286,asp_clustered_2A,1,0,-8.125429403704004,5.128454264848608
287,vina_top1,1,0,-8.273252224692017,6.619096674527635
287,asp_logmean_no_clustering,1,0,-8.273252224692017,6.619096674527635
287,asp_clustered_2A,1,0,-8.273252224692017,6.619096674527635
288,vina_top1,0,1,-8.647647784305521,3.5620013788611837
288,asp_logmean_no_clustering,0,1,-8.647647784305521,3.5620013788611837
288,asp_clustered_2A,0,1,-8.647647784305521,3.5620013788611837
289,vina_top1,0,0,-8.177878595752524,4.556585766075472
289,asp_logmean_no_clustering,0,0,-8.177878595752524,4.556585766075472
289,asp_clustered_2A,0,0,-8.177878595752524,4.556585766075472
290,vina_top1,1,1,-8.255754256007698,6.39733941512282
290,asp_logmean_no_clustering,1,0,-8.235979444549269,4.238189129446374
290,asp_clustered_2A,1,1,-8.255754256007698,6.39733941512282
291,vina_top1,0,1,-8.845230010294598,3.5728485207594387
291,asp_logmean_no_clustering,0,1,-8.845230010294598,3.5728485207594387
291,asp_clustered_2A,0,1,-8.845230010294598,3.5728485207594387
292,vina_top1,1,1,-8.451713010042123,4.53718100653108
292,asp_logmean_no_clustering,1,0,-7.872578878189279,3.785545849122404
292,asp_clustered_2A,1,1,-8.451713010042123,4.53718100653108
293,vina_top1,0,0,-8.441875247607898,1.3697460892413083
293,asp_logmean_no_clustering,0,0,-8.441875247607898,1.3697460892413083
293,asp_clustered_2A,0,0,-8.441875247607898,1.3697460892413083
294,vina_top1,0,1,-8.826500791254563,3.0813494925349927
294,asp_logmean_no_clustering,0,1,-8.826500791254563,3.0813494925349927
294,asp_clustered_2A,0,1,-8.826500791254563,3.0813494925349927
295,vina_top1,1,0,-8.008597464558983,4.6050415586372
295,asp_logmean_no_clustering,1,0,-8.008597464558983,4.6050415586372
295,asp_clustered_2A,1,0,-8.008597464558983,4.6050415586372
296,vina_top1,0,1,-7.660245324021898,2.6
296,asp_logmean_no_clustering,0,1,-7.660245324021898,2.6
296,asp_clustered_2A,0,1,-7.660245324021898,2.6
297,vina_top1,1,0,-7.87832046749772,6.199813633592317
297,asp_logmean_no_clustering,1,0,-7.87832046749772,6.199813633592317
297,asp_clustered_2A,1,0,-7.87832046749772,6.199813633592317
298,vina_top1,1,0,-8.052854641610935,4.182032552183855
298,asp_logmean_no_clustering,1,0,-8.052854641610935,4.182032552183855
298,asp_clustered_2A,1,0,-8.052854641610935,4.182032552183855
299,vina_top1,1,1,-9.108455702645688,1.4652863105078826
299,asp_logmean_no_clustering,1,1,-9.108455702645688,1.4652863105078826
299,asp_clustered_2A,1,1,-9.108455702645688,1.4652863105078826
300,vina_top1,1,0,-9.344224323493297,5.681974327254401
300,asp_logmean_no_clustering,1,0,-9.344224323493297,5.681974327254401
300,asp_clustered_2A,1,0,-9.344224323493297,5.681974327254401
301,vina_top1,1,0,-8.203723032672379,3.018107692715059
301,asp_logmean_no_clustering,1,0,-8.203723032672379,3.018107692715059
301,asp_clustered_2A,1,0,-8.203723032672379,3.018107692715059
302,vina_top1,1,0,-8.130424418381622,6.04948898894205
302,asp_logmean_no_clustering,1,0,-8.130424418381622,6.04948898894205
302,asp_clustered_2A,1,0,-8.130424418381622,6.04948898894205
303,vina_top1,0,0,-8.107930581358717,1.4376232370898667
303,asp_logmean_no_clustering,0,0,-8.107930581358717,1.4376232370898667
303,asp_clustered_2A,0,0,-8.107930581358717,1.4376232370898667
304,vina_top1,0,1,-8.132492523130567,3.4095530607102256
304,asp_logmean_no_clustering,0,1,-8.132492523130567,3.4095530607102256
304,asp_clustered_2A,0,1,-8.132492523130567,3.4095530607102256
305,vina_top1,0,1,-8.118743517677537,4.094127507914001
305,asp_logmean_no_clustering,0,1,-8.118743517677537,4.094127507914001
305,asp_clustered_2A,0,1,-8.118743517677537,4.094127507914001
306,vina_top1,1,1,-8.820907768122362,1.9120665698110761
306,asp_logmean_no_clustering,1,1,-8.820907768122362,1.9120665698110761
306,asp_clustered_2A,1,1,-8.820907768122362,1.9120665698110761
307,vina_top1,1,0,-9.257700834612935,4.3835292719927414
307,asp_logmean_no_clustering,1,0,-9.257700834612935,4.3835292719927414
307,asp_clustered_2A,1,0,-9.257700834612935,4.3835292719927414
308,vina_top1,0,0,-8.185387820922461,4.9790306686608234
308,asp_logmean_no_clustering,0,1,-7.996468916707437,3.5130251080641886
308,asp_clustered_2A,0,0,-8.185387820922461,4.9790306686608234
309,vina_top1,1,0,-8.967793155202617,4.092986731792611
309,asp_logmean_no_clustering,1,0,-8.967793155202617,4.092986731792611
309,asp_clustered_2A,1,0,-8.967793155202617,4.092986731792611
310,vina_top1,0,1,-8.16040457437396,4.485643437695011
310,asp_logmean_no_clustering,0,1,-8.16040457437396,4.485643437695011
310,asp_clustered_2A,0,1,-8.16040457437396,4.485643437695011
311,vina_top1,0,1,-8.253349506463657,3.4808379810036945
311,asp_logmean_no_clustering,0,1,-8.253349506463657,3.4808379810036945
311,asp_clustered_2A,0,1,-8.253349506463657,3.4808379810036945
312,vina_top1,1,1,-8.508263361756544,5.756106915140647
312,asp_logmean_no_clustering,1,1,-8.508263361756544,5.756106915140647
312,asp_clustered_2A,1,1,-8.508263361756544,5.756106915140647
313,vina_top1,0,1,-7.652461140699964,4.456955776242078
313,asp_logmean_no_clustering,0,1,-7.652461140699964,4.456955776242078
313,asp_clustered_2A,0,1,-7.652461140699964,4.456955776242078
314,vina_top1,1,0,-8.030189252987366,4.893619638940938
314,asp_logmean_no_clustering,1,0,-8.030189252987366,4.893619638940938
314,asp_clustered_2A,1,0,-8.030189252987366,4.893619638940938
315,vina_top1,0,1,-8.261102886028674,5.642635949876046
315,asp_logmean_no_clustering,0,1,-8.261102886028674,5.642635949876046
315,asp_clustered_2A,0,1,-8.261102886028674,5.642635949876046
316,vina_top1,0,0,-8.36336309441479,1.4592621025543644
316,asp_logmean_no_clustering,0,0,-8.36336309441479,1.4592621025543644
316,asp_clustered_2A,0,0,-8.36336309441479,1.4592621025543644
317,vina_top1,0,1,-8.2479326589641,2.6
317,asp_logmean_no_clustering,0,1,-8.2479326589641,2.6
317,asp_clustered_2A,0,1,-8.2479326589641,2.6
318,vina_top1,1,0,-8.247716768977186,5.663046718460925
318,asp_logmean_no_clustering,1,0,-8.247716768977186,5.663046718460925
318,asp_clustered_2A,1,0,-8.247716768977186,5.663046718460925
319,vina_top1,1,0,-8.503705423540694,4.050875105490895
319,asp_logmean_no_clustering,1,0,-8.503705423540694,4.050875105490895
319,asp_clustered_2A,1,0,-8.503705423540694,4.050875105490895
320,vina_top1,0,1,-8.087463632701404,3.217110177795239
320,asp_logmean_no_clustering,0,1,-8.087463632701404,3.217110177795239
320,asp_clustered_2A,0,1,-8.087463632701404,3.217110177795239
321,vina_top1,0,1,-8.448636271885096,6.53852011654977
321,asp_logmean_no_clustering,0,1,-8.448636271885096,6.53852011654977
321,asp_clustered_2A,0,1,-8.448636271885096,6.53852011654977
322,vina_top1,1,0,-8.29162535969602,3.7436858266741466
322,asp_logmean_no_clustering,1,0,-8.29162535969602,3.7436858266741466
322,asp_clustered_2A,1,0,-8.29162535969602,3.7436858266741466
323,vina_top1,0,0,-8.048551447330746,4.926391052586332
323,asp_logmean_no_clustering,0,1,-7.761070083648917,5.179422945025912
323,asp_clustered_2A,0,0,-8.048551447330746,4.926391052586332
324,vina_top1,1,0,-8.437784222349752,4.9788516547812485
324,asp_logmean_no_clustering,1,0,-8.437784222349752,4.9788516547812485
324,asp_clustered_2A,1,0,-8.437784222349752,4.9788516547812485
325,vina_top1,1,0,-9.113419886390636,4.1357467252763085
325,asp_logmean_no_clustering,1,0,-9.113419886390636,4.1357467252763085
325,asp_clustered_2A,1,0,-9.113419886390636,4.1357467252763085
326,vina_top1,0,1,-8.565664752589619,3.8254506795384486
326,asp_logmean_no_clustering,0,1,-8.565664752589619,3.8254506795384486
326,asp_clustered_2A,0,1,-8.565664752589619,3.8254506795384486
327,vina_top1,0,0,-7.955994725404272,4.185449540641695
327,asp_logmean_no_clustering,0,1,-7.901140911759605,5.481527675328815
327,asp_clustered_2A,0,0,-7.955994725404272,4.185449540641695
328,vina_top1,0,1,-8.375700289728886,4.478288835100687
328,asp_logmean_no_clustering,0,0,-8.307867127922492,3.4936261598598275
328,asp_clustered_2A,0,1,-8.375700289728886,4.478288835100687
329,vina_top1,0,1,-8.04838383732337,3.448696839570652
329,asp_logmean_no_clustering,0,1,-8.04838383732337,3.448696839570652
329,asp_clustered_2A,0,1,-8.04838383732337,3.448696839570652
330,vina_top1,1,0,-7.877394996872239,6.003991977501677
330,asp_logmean_no_clustering,1,0,-7.877394996872239,6.003991977501677
330,asp_clustered_2A,1,0,-7.877394996872239,6.003991977501677
331,vina_top1,0,1,-8.867958037781023,4.910695734827369
331,asp_logmean_no_clustering,0,1,-8.867958037781023,4.910695734827369
331,asp_clustered_2A,0,1,-8.867958037781023,4.910695734827369
332,vina_top1,1,0,-8.093221137226594,4.9023966449534715
332,asp_logmean_no_clustering,1,0,-8.093221137226594,4.9023966449534715
332,asp_clustered_2A,1,0,-8.093221137226594,4.9023966449534715
333,vina_top1,0,1,-8.18990362884383,5.106717063313044
333,asp_logmean_no_clustering,0,1,-8.18990362884383,5.106717063313044
333,asp_clustered_2A,0,1,-8.18990362884383,5.106717063313044
334,vina_top1,0,0,-7.923314390669199,1.5012990027201538
334,asp_logmean_no_clustering,0,1,-7.833140207503578,6.435718135358684
334,asp_clustered_2A,0,0,-7.923314390669199,1.5012990027201538
335,vina_top1,1,1,-7.801894802139905,6.242216575183272
335,asp_logmean_no_clustering,1,0,-7.778459848634301,5.78691092451402
335,asp_clustered_2A,1,1,-7.801894802139905,6.242216575183272
336,vina_top1,1,0,-7.688861343258721,4.633681329682652
336,asp_logmean_no_clustering,1,1,-7.536296916822032,0.7040076259065291
336,asp_clustered_2A,1,0,-7.688861343258721,4.633681329682652
337,vina_top1,1,0,-8.64400409005371,5.791808756582844
337,asp_logmean_no_clustering,1,0,-8.64400409005371,5.791808756582844
337,asp_clustered_2A,1,0,-8.64400409005371,5.791808756582844
338,vina_top1,1,0,-8.396950767757927,6.763551110577112
338,asp_logmean_no_clustering,1,0,-8.396950767757927,6.763551110577112
338,asp_clustered_2A,1,0,-8.396950767757927,6.763551110577112
339,vina_top1,1,0,-9.032804934140625,3.022905833903669
339,asp_logmean_no_clustering,1,0,-9.032804934140625,3.022905833903669
339,asp_clustered_2A,1,0,-9.032804934140625,3.022905833903669
340,vina_top1,1,0,-7.819519716993796,6.207810342301878
340,asp_logmean_no_clustering,1,0,-7.819519716993796,6.207810342301878
340,asp_clustered_2A,1,0,-7.819519716993796,6.207810342301878
341,vina_top1,1,1,-8.307922549970383,1.0403403931674715
341,asp_logmean_no_clustering,1,1,-8.307922549970383,1.0403403931674715
341,asp_clustered_2A,1,1,-8.307922549970383,1.0403403931674715
342,vina_top1,1,1,-8.135606988393747,1.1319219874848594
342,asp_logmean_no_clustering,1,0,-7.71704003414898,5.369461845549024
342,asp_clustered_2A,1,1,-8.135606988393747,1.1319219874848594
343,vina_top1,0,1,-7.7173557552033625,5.454146801328438
343,asp_logmean_no_clustering,0,1,-7.7173557552033625,5.454146801328438
343,asp_clustered_2A,0,1,-7.7173557552033625,5.454146801328438
344,vina_top1,1,0,-8.101767148665648,3.871019370768953
344,asp_logmean_no_clustering,1,0,-8.101767148665648,3.871019370768953
344,asp_clustered_2A,1,0,-8.101767148665648,3.871019370768953
345,vina_top1,0,0,-8.501064178933088,5.168350142469526
345,asp_logmean_no_clustering,0,0,-8.501064178933088,5.168350142469526
345,asp_clustered_2A,0,0,-8.501064178933088,5.168350142469526
346,vina_top1,1,0,-8.596971828711167,6.787872077957491
346,asp_logmean_no_clustering,1,0,-8.596971828711167,6.787872077957491
346,asp_clustered_2A,1,0,-8.596971828711167,6.787872077957491
347,vina_top1,1,0,-8.30079055855981,5.218392922119155
347,asp_logmean_no_clustering,1,0,-8.30079055855981,5.218392922119155
347,asp_clustered_2A,1,0,-8.30079055855981,5.218392922119155
348,vina_top1,0,1,-8.70250854327575,6.5945695088286875
348,asp_logmean_no_clustering,0,1,-8.70250854327575,6.5945695088286875
348,asp_clustered_2A,0,1,-8.70250854327575,6.5945695088286875
349,vina_top1,1,0,-7.99439597810517,4.847912344538576
349,asp_logmean_no_clustering,1,0,-7.99439597810517,4.847912344538576
349,asp_clustered_2A,1,0,-7.99439597810517,4.847912344538576
350,vina_top1,1,0,-8.507570445440587,3.2210413346050335
350,asp_logmean_no_clustering,1,0,-8.507570445440587,3.2210413346050335
350,asp_clustered_2A,1,0,-8.507570445440587,3.2210413346050335
351,vina_top1,0,1,-8.403641140550734,5.380634623982681
351,asp_logmean_no_clustering,0,1,-8.403641140550734,5.380634623982681
351,asp_clustered_2A,0,1,-8.403641140550734,5.380634623982681
352,vina_top1,1,1,-7.870629286166902,3.0889528301304
352,asp_logmean_no_clustering,1,1,-7.870629286166902,3.0889528301304
352,asp_clustered_2A,1,1,-7.870629286166902,3.0889528301304
353,vina_top1,0,1,-8.080686794949969,4.027907571927443
353,asp_logmean_no_clustering,0,1,-8.080686794949969,4.027907571927443
353,asp_clustered_2A,0,1,-8.080686794949969,4.027907571927443
354,vina_top1,1,0,-9.617638288214732,5.9345370686263665
354,asp_logmean_no_clustering,1,0,-9.617638288214732,5.9345370686263665
354,asp_clustered_2A,1,0,-9.617638288214732,5.9345370686263665
355,vina_top1,1,1,-8.14942360387128,7.51868978344792
355,asp_logmean_no_clustering,1,0,-8.148027858711602,3.463543131551966
355,asp_clustered_2A,1,1,-8.14942360387128,7.51868978344792
356,vina_top1,0,1,-9.263218807675077,6.649127220908097
356,asp_logmean_no_clustering,0,1,-9.263218807675077,6.649127220908097
356,asp_clustered_2A,0,1,-9.263218807675077,6.649127220908097
357,vina_top1,0,0,-8.463456275132256,5.621011247870004
357,asp_logmean_no_clustering,0,0,-8.463456275132256,5.621011247870004
357,asp_clustered_2A,0,0,-8.463456275132256,5.621011247870004
358,vina_top1,0,1,-8.50611367241871,2.9861211993124686
358,asp_logmean_no_clustering,0,1,-8.50611367241871,2.9861211993124686
358,asp_clustered_2A,0,1,-8.50611367241871,2.9861211993124686
359,vina_top1,1,0,-8.489016755967116,5.976156655156366
359,asp_logmean_no_clustering,1,0,-8.489016755967116,5.976156655156366
359,asp_clustered_2A,1,0,-8.489016755967116,5.976156655156366
360,vina_top1,0,1,-8.451654564533735,4.161820826847254
360,asp_logmean_no_clustering,0,1,-8.451654564533735,4.161820826847254
360,asp_clustered_2A,0,1,-8.451654564533735,4.161820826847254
361,vina_top1,1,1,-8.726267230485265,3.841143990048899
361,asp_logmean_no_clustering,1,1,-8.726267230485265,3.841143990048899
361,asp_clustered_2A,1,1,-8.726267230485265,3.841143990048899
362,vina_top1,0,0,-7.8047661030788,4.394332505388671
362,asp_logmean_no_clustering,0,1,-7.707546572893881,5.918805954415005
362,asp_clustered_2A,0,0,-7.8047661030788,4.394332505388671
363,vina_top1,0,1,-8.174112706132373,5.916566940242389
363,asp_logmean_no_clustering,0,1,-8.174112706132373,5.916566940242389
363,asp_clustered_2A,0,1,-8.174112706132373,5.916566940242389
364,vina_top1,0,0,-7.865415479458052,0.35
364,asp_logmean_no_clustering,0,1,-7.671070492142831,6.76178121236768
364,asp_clustered_2A,0,0,-7.865415479458052,0.35
365,vina_top1,0,1,-8.357980527240539,4.025783412305806
365,asp_logmean_no_clustering,0,1,-8.357980527240539,4.025783412305806
365,asp_clustered_2A,0,1,-8.357980527240539,4.025783412305806
366,vina_top1,0,0,-7.618673888340341,1.2597084812111208
366,asp_logmean_no_clustering,0,1,-7.576415820235662,5.247284856138147
366,asp_clustered_2A,0,0,-7.618673888340341,1.2597084812111208
367,vina_top1,1,1,-8.49989554284172,0.6455830129510174
367,asp_logmean_no_clustering,1,1,-8.49989554284172,0.6455830129510174
367,asp_clustered_2A,1,1,-8.49989554284172,0.6455830129510174
368,vina_top1,1,0,-8.810644994682521,6.614851415820499
368,asp_logmean_no_clustering,1,0,-8.810644994682521,6.614851415820499
368,asp_clustered_2A,1,0,-8.810644994682521,6.614851415820499
369,vina_top1,0,1,-7.968158508625084,4.954996093498399
369,asp_logmean_no_clustering,0,1,-7.968158508625084,4.954996093498399
369,asp_clustered_2A,0,1,-7.968158508625084,4.954996093498399
370,vina_top1,0,1,-7.975526027810325,4.478545944164789
370,asp_logmean_no_clustering,0,1,-7.975526027810325,4.478545944164789
370,asp_clustered_2A,0,1,-7.975526027810325,4.478545944164789
371,vina_top1,1,1,-8.384825465019714,1.9170794794025288
371,asp_logmean_no_clustering,1,0,-8.043093355240316,4.593928986070123
371,asp_clustered_2A,1,1,-8.384825465019714,1.9170794794025288
372,vina_top1,1,1,-8.467141943567768,5.757868947797134
372,asp_logmean_no_clustering,1,0,-8.195667630275736,4.188841590644772
372,asp_clustered_2A,1,1,-8.467141943567768,5.757868947797134
373,vina_top1,1,1,-8.812046970792812,5.387364878987579
373,asp_logmean_no_clustering,1,1,-8.812046970792812,5.387364878987579
373,asp_clustered_2A,1,1,-8.812046970792812,5.387364878987579
374,vina_top1,1,0,-8.16316352502055,3.4444080511398187
374,asp_logmean_no_clustering,1,0,-8.16316352502055,3.4444080511398187
374,asp_clustered_2A,1,0,-8.16316352502055,3.4444080511398187
375,vina_top1,0,1,-8.156486265251761,4.0777322749814875
375,asp_logmean_no_clustering,0,1,-8.156486265251761,4.0777322749814875
375,asp_clustered_2A,0,1,-8.156486265251761,4.0777322749814875
376,vina_top1,1,0,-8.29371698510138,4.868800576275022
376,asp_logmean_no_clustering,1,0,-8.29371698510138,4.868800576275022
376,asp_clustered_2A,1,0,-8.29371698510138,4.868800576275022
377,vina_top1,1,0,-8.0264691139331,4.738503468115796
377,asp_logmean_no_clustering,1,0,-8.0264691139331,4.738503468115796
377,asp_clustered_2A,1,0,-8.0264691139331,4.738503468115796
378,vina_top1,1,1,-8.23005718330342,5.165285414074767
378,asp_logmean_no_clustering,1,1,-8.23005718330342,5.165285414074767
378,asp_clustered_2A,1,1,-8.23005718330342,5.165285414074767
379,vina_top1,0,0,-8.126747263279173,2.0084670452761975
379,asp_logmean_no_clustering,0,0,-8.126747263279173,2.0084670452761975
379,asp_clustered_2A,0,0,-8.126747263279173,2.0084670452761975
380,vina_top1,1,0,-9.03850509260599,3.3305376612436817
380,asp_logmean_no_clustering,1,0,-9.03850509260599,3.3305376612436817
380,asp_clustered_2A,1,0,-9.03850509260599,3.3305376612436817
381,vina_top1,1,0,-8.551945723866814,6.3278663358133995
381,asp_logmean_no_clustering,1,0,-8.551945723866814,6.3278663358133995
381,asp_clustered_2A,1,0,-8.551945723866814,6.3278663358133995
382,vina_top1,0,1,-8.702201188169955,5.2326952021977355
382,asp_logmean_no_clustering,0,1,-8.702201188169955,5.2326952021977355
382,asp_clustered_2A,0,1,-8.702201188169955,5.2326952021977355
383,vina_top1,0,1,-8.580186519814468,4.31373287494774
383,asp_logmean_no_clustering,0,1,-8.580186519814468,4.31373287494774
383,asp_clustered_2A,0,1,-8.580186519814468,4.31373287494774
384,vina_top1,1,0,-8.807403340694982,6.465768025255602
384,asp_logmean_no_clustering,1,0,-8.807403340694982,6.465768025255602
384,asp_clustered_2A,1,0,-8.807403340694982,6.465768025255602
385,vina_top1,1,1,-8.236091265080685,0.705280238757424
385,asp_logmean_no_clustering,1,1,-8.236091265080685,0.705280238757424
385,asp_clustered_2A,1,1,-8.236091265080685,0.705280238757424
386,vina_top1,0,0,-8.402843040236913,3.7363564246423904
386,asp_logmean_no_clustering,0,1,-8.262436265549217,3.213765876239971
386,asp_clustered_2A,0,0,-8.402843040236913,3.7363564246423904
387,vina_top1,1,0,-7.830030793899559,2.6
387,asp_logmean_no_clustering,1,0,-7.830030793899559,2.6
387,asp_clustered_2A,1,0,-7.830030793899559,2.6
388,vina_top1,0,1,-8.347030281342734,4.255135155915148
388,asp_logmean_no_clustering,0,1,-8.347030281342734,4.255135155915148
388,asp_clustered_2A,0,1,-8.347030281342734,4.255135155915148
389,vina_top1,0,0,-7.997744965400998,6.102353671355107
389,asp_logmean_no_clustering,0,1,-7.957920558926786,5.29923420476046
389,asp_clustered_2A,0,0,-7.997744965400998,6.102353671355107
390,vina_top1,0,0,-8.431681643207172,2.157286051850713
390,asp_logmean_no_clustering,0,0,-8.431681643207172,2.157286051850713
390,asp_clustered_2A,0,0,-8.431681643207172,2.157286051850713
391,vina_top1,1,0,-8.359012207129652,4.91163291849278
391,asp_logmean_no_clustering,1,0,-8.359012207129652,4.91163291849278
391,asp_clustered_2A,1,0,-8.359012207129652,4.91163291849278
392,vina_top1,1,0,-8.538535082673532,5.357778942098462
392,asp_logmean_no_clustering,1,0,-8.538535082673532,5.357778942098462
392,asp_clustered_2A,1,0,-8.538535082673532,5.357778942098462
393,vina_top1,1,0,-8.722540222275136,3.4505880818354067
393,asp_logmean_no_clustering,1,0,-8.722540222275136,3.4505880818354067
393,asp_clustered_2A,1,0,-8.722540222275136,3.4505880818354067
394,vina_top1,1,0,-8.741383500616717,2.6
394,asp_logmean_no_clustering,1,0,-8.741383500616717,2.6
394,asp_clustered_2A,1,0,-8.741383500616717,2.6
395,vina_top1,1,0,-8.725198375550422,4.2599061446096025
395,asp_logmean_no_clustering,1,0,-8.725198375550422,4.2599061446096025
395,asp_clustered_2A,1,0,-8.725198375550422,4.2599061446096025
396,vina_top1,0,1,-8.84834836122534,5.477311946972762
396,asp_logmean_no_clustering,0,1,-8.84834836122534,5.477311946972762
396,asp_clustered_2A,0,1,-8.84834836122534,5.477311946972762
397,vina_top1,1,1,-8.252800431207776,5.61338103881045
397,asp_logmean_no_clustering,1,1,-8.252800431207776,5.61338103881045
397,asp_clustered_2A,1,1,-8.252800431207776,5.61338103881045
398,vina_top1,1,0,-8.011052647978895,3.3918909885444837
398,asp_logmean_no_clustering,1,0,-8.011052647978895,3.3918909885444837
398,asp_clustered_2A,1,0,-8.011052647978895,3.3918909885444837
399,vina_top1,1,1,-8.626193790801677,0.9406201524192288
399,asp_logmean_no_clustering,1,0,-8.488549033346203,4.370619871154768
399,asp_clustered_2A,1,1,-8.626193790801677,0.9406201524192288
400,vina_top1,1,0,-8.011579642328945,6.716529060967994
400,asp_logmean_no_clustering,1,0,-8.011579642328945,6.716529060967994
400,asp_clustered_2A,1,0,-8.011579642328945,6.716529060967994
401,vina_top1,0,1,-8.153944718071843,6.848626885074388
401,asp_logmean_no_clustering,0,1,-8.153944718071843,6.848626885074388
401,asp_clustered_2A,0,1,-8.153944718071843,6.848626885074388
402,vina_top1,0,1,-8.185874507207084,5.673676654799477
402,asp_logmean_no_clustering,0,1,-8.185874507207084,5.673676654799477
402,asp_clustered_2A,0,1,-8.185874507207084,5.673676654799477
403,vina_top1,1,0,-7.967901756763231,7.69227819335644
403,asp_logmean_no_clustering,1,0,-7.967901756763231,7.69227819335644
403,asp_clustered_2A,1,0,-7.967901756763231,7.69227819335644
404,vina_top1,1,0,-8.371042550175003,6.413619546454955
404,asp_logmean_no_clustering,1,0,-8.371042550175003,6.413619546454955
404,asp_clustered_2A,1,0,-8.371042550175003,6.413619546454955
405,vina_top1,1,0,-8.474064643290117,5.119792888186928
405,asp_logmean_no_clustering,1,0,-8.474064643290117,5.119792888186928
405,asp_clustered_2A,1,0,-8.474064643290117,5.119792888186928
406,vina_top1,0,1,-8.159490647364962,4.595589084000287
406,asp_logmean_no_clustering,0,1,-8.159490647364962,4.595589084000287
406,asp_clustered_2A,0,1,-8.159490647364962,4.595589084000287
407,vina_top1,0,1,-8.182638455080948,4.7914244620533
407,asp_logmean_no_clustering,0,1,-8.182638455080948,4.7914244620533
407,asp_clustered_2A,0,1,-8.182638455080948,4.7914244620533
408,vina_top1,1,0,-8.119212721086377,3.4112717985416103
408,asp_logmean_no_clustering,1,0,-8.119212721086377,3.4112717985416103
408,asp_clustered_2A,1,0,-8.119212721086377,3.4112717985416103
409,vina_top1,1,0,-8.191432197264525,4.119843645227524
409,asp_logmean_no_clustering,1,0,-8.191432197264525,4.119843645227524
409,asp_clustered_2A,1,0,-8.191432197264525,4.119843645227524
410,vina_top1,1,1,-7.7979888044321175,4.821851307834471
410,asp_logmean_no_clustering,1,1,-7.7979888044321175,4.821851307834471
410,asp_clustered_2A,1,1,-7.7979888044321175,4.821851307834471
411,vina_top1,1,0,-8.435678876137155,4.73314944855893
411,asp_logmean_no_clustering,1,0,-8.435678876137155,4.73314944855893
411,asp_clustered_2A,1,0,-8.435678876137155,4.73314944855893
412,vina_top1,1,0,-8.356334328839546,7.104453328745106
412,asp_logmean_no_clustering,1,0,-8.356334328839546,7.104453328745106
412,asp_clustered_2A,1,0,-8.356334328839546,7.104453328745106
413,vina_top1,1,0,-8.39308096040268,4.448149658677613
413,asp_logmean_no_clustering,1,0,-8.39308096040268,4.448149658677613
413,asp_clustered_2A,1,0,-8.39308096040268,4.448149658677613
414,vina_top1,1,1,-7.942714483512918,1.7059212846590641
414,asp_logmean_no_clustering,1,0,-7.630338414283885,6.024682149791407
414,asp_clustered_2A,1,1,-7.942714483512918,1.7059212846590641
415,vina_top1,0,0,-8.19198894202226,5.838372718662438
415,asp_logmean_no_clustering,0,0,-8.19198894202226,5.838372718662438
415,asp_clustered_2A,0,0,-8.19198894202226,5.838372718662438
416,vina_top1,0,0,-8.318537000209105,3.4536171755240423
416,asp_logmean_no_clustering,0,0,-8.318537000209105,3.4536171755240423
416,asp_clustered_2A,0,0,-8.318537000209105,3.4536171755240423
417,vina_top1,1,0,-8.150431102455647,4.390187197335788
417,asp_logmean_no_clustering,1,0,-8.150431102455647,4.390187197335788
417,asp_clustered_2A,1,0,-8.150431102455647,4.390187197335788
418,vina_top1,1,0,-8.212161644911813,6.533988226542987
418,asp_logmean_no_clustering,1,0,-8.212161644911813,6.533988226542987
418,asp_clustered_2A,1,0,-8.212161644911813,6.533988226542987
419,vina_top1,1,0,-8.228860905383733,3.860803841904132
419,asp_logmean_no_clustering,1,0,-8.228860905383733,3.860803841904132
419,asp_clustered_2A,1,0,-8.228860905383733,3.860803841904132
420,vina_top1,1,1,-7.968703729764609,1.0143596783623927
420,asp_logmean_no_clustering,1,0,-7.913255359475471,4.099835892584282
420,asp_clustered_2A,1,1,-7.968703729764609,1.0143596783623927
421,vina_top1,1,0,-8.158411970377045,6.2827166171078375
421,asp_logmean_no_clustering,1,0,-8.158411970377045,6.2827166171078375
421,asp_clustered_2A,1,0,-8.158411970377045,6.2827166171078375
422,vina_top1,1,0,-8.23582370240275,5.41321253089808
422,asp_logmean_no_clustering,1,0,-8.23582370240275,5.41321253089808
422,asp_clustered_2A,1,0,-8.23582370240275,5.41321253089808
423,vina_top1,0,1,-8.141528360299212,5.129242993382659
423,asp_logmean_no_clustering,0,1,-8.141528360299212,5.129242993382659
423,asp_clustered_2A,0,1,-8.141528360299212,5.129242993382659
424,vina_top1,1,0,-7.861963084444199,5.2003286837803255
424,asp_logmean_no_clustering,1,0,-7.861963084444199,5.2003286837803255
424,asp_clustered_2A,1,0,-7.861963084444199,5.2003286837803255
425,vina_top1,1,0,-7.888010983479841,6.503778910963913
425,asp_logmean_no_clustering,1,0,-7.888010983479841,6.503778910963913
425,asp_clustered_2A,1,0,-7.888010983479841,6.503778910963913
426,vina_top1,1,0,-8.16359718881812,4.823477439341081
426,asp_logmean_no_clustering,1,0,-8.16359718881812,4.823477439341081
426,asp_clustered_2A,1,0,-8.16359718881812,4.823477439341081
427,vina_top1,0,1,-8.547036083925349,4.684828152129187
427,asp_logmean_no_clustering,0,1,-8.547036083925349,4.684828152129187
427,asp_clustered_2A,0,1,-8.547036083925349,4.684828152129187
428,vina_top1,0,1,-8.911409746635261,6.860652907380233
428,asp_logmean_no_clustering,0,1,-8.911409746635261,6.860652907380233
428,asp_clustered_2A,0,1,-8.911409746635261,6.860652907380233
429,vina_top1,1,1,-8.367925586089875,1.3215622020479372
429,asp_logmean_no_clustering,1,0,-8.280017199958097,5.562418812238661
429,asp_clustered_2A,1,1,-8.367925586089875,1.3215622020479372
430,vina_top1,1,0,-8.68847906976733,5.103662132658879
430,asp_logmean_no_clustering,1,0,-8.68847906976733,5.103662132658879
430,asp_clustered_2A,1,0,-8.68847906976733,5.103662132658879
431,vina_top1,0,1,-8.018423506104272,7.029379874412698
431,asp_logmean_no_clustering,0,1,-8.018423506104272,7.029379874412698
431,asp_clustered_2A,0,1,-8.018423506104272,7.029379874412698
432,vina_top1,1,0,-8.340761515237585,4.502694377306511
432,asp_logmean_no_clustering,1,0,-8.340761515237585,4.502694377306511
432,asp_clustered_2A,1,0,-8.340761515237585,4.502694377306511
433,vina_top1,0,1,-8.292944500227287,2.6
433,asp_logmean_no_clustering,0,1,-8.292944500227287,2.6
433,asp_clustered_2A,0,1,-8.292944500227287,2.6
434,vina_top1,0,1,-9.109657704484121,4.185480721982433
434,asp_logmean_no_clustering,0,1,-9.109657704484121,4.185480721982433
434,asp_clustered_2A,0,1,-9.109657704484121,4.185480721982433
435,vina_top1,0,0,-8.395699505127258,2.8474073106167825
435,asp_logmean_no_clustering,0,1,-8.156192293510456,6.406244900318489
435,asp_clustered_2A,0,0,-8.395699505127258,2.8474073106167825
436,vina_top1,0,1,-8.568903278325184,2.7263247111224933
436,asp_logmean_no_clustering,0,1,-8.568903278325184,2.7263247111224933
436,asp_clustered_2A,0,1,-8.568903278325184,2.7263247111224933
437,vina_top1,1,0,-8.063912143609704,2.89018808878084
437,asp_logmean_no_clustering,1,0,-8.063912143609704,2.89018808878084
437,asp_clustered_2A,1,0,-8.063912143609704,2.89018808878084
438,vina_top1,0,1,-8.019722194971312,6.63673343633088
438,asp_logmean_no_clustering,0,1,-8.019722194971312,6.63673343633088
438,asp_clustered_2A,0,1,-8.019722194971312,6.63673343633088
439,vina_top1,0,1,-8.405656000945443,3.9647840929957265
439,asp_logmean_no_clustering,0,1,-8.405656000945443,3.9647840929957265
439,asp_clustered_2A,0,1,-8.405656000945443,3.9647840929957265
440,vina_top1,1,1,-7.2995906162747595,5.529088444287177
440,asp_logmean_no_clustering,1,1,-7.2995906162747595,5.529088444287177
440,asp_clustered_2A,1,1,-7.2995906162747595,5.529088444287177
441,vina_top1,0,1,-8.481423846063295,6.379549335591949
441,asp_logmean_no_clustering,0,1,-8.481423846063295,6.379549335591949
441,asp_clustered_2A,0,1,-8.481423846063295,6.379549335591949
442,vina_top1,1,0,-8.292737927334349,5.728854916176411
442,asp_logmean_no_clustering,1,0,-8.292737927334349,5.728854916176411
442,asp_clustered_2A,1,0,-8.292737927334349,5.728854916176411
443,vina_top1,1,0,-8.138801040345696,3.6027857780902144
443,asp_logmean_no_clustering,1,0,-8.138801040345696,3.6027857780902144
443,asp_clustered_2A,1,0,-8.138801040345696,3.6027857780902144
444,vina_top1,1,0,-8.125025816944838,3.825205278451116
444,asp_logmean_no_clustering,1,0,-8.125025816944838,3.825205278451116
444,asp_clustered_2A,1,0,-8.125025816944838,3.825205278451116
445,vina_top1,1,0,-7.931711959102582,3.024127030120794
445,asp_logmean_no_clustering,1,0,-7.931711959102582,3.024127030120794
445,asp_clustered_2A,1,0,-7.931711959102582,3.024127030120794
446,vina_top1,0,1,-8.770512430909283,4.912183612277729
446,asp_logmean_no_clustering,0,1,-8.770512430909283,4.912183612277729
446,asp_clustered_2A,0,1,-8.770512430909283,4.912183612277729
447,vina_top1,0,1,-7.745106242872826,5.936707862098336
447,asp_logmean_no_clustering,0,1,-7.745106242872826,5.936707862098336
447,asp_clustered_2A,0,1,-7.745106242872826,5.936707862098336
448,vina_top1,1,1,-8.036039512546392,3.1834348010629974
448,asp_logmean_no_clustering,1,0,-7.654526136957271,5.20876317753414
448,asp_clustered_2A,1,1,-8.036039512546392,3.1834348010629974
449,vina_top1,1,0,-8.033413453851947,6.755533490267772
449,asp_logmean_no_clustering,1,0,-8.033413453851947,6.755533490267772
449,asp_clustered_2A,1,0,-8.033413453851947,6.755533490267772
450,vina_top1,0,1,-8.329639615900101,4.549698229157459
450,asp_logmean_no_clustering,0,1,-8.329639615900101,4.549698229157459
450,asp_clustered_2A,0,1,-8.329639615900101,4.549698229157459
451,vina_top1,0,0,-8.307325749171012,4.197567393513747
451,asp_logmean_no_clustering,0,1,-8.018595297063545,4.501012646531348
451,asp_clustered_2A,0,0,-8.307325749171012,4.197567393513747
452,vina_top1,0,1,-8.04595082537914,5.285555700070037
452,asp_logmean_no_clustering,0,1,-8.04595082537914,5.285555700070037
452,asp_clustered_2A,0,1,-8.04595082537914,5.285555700070037
453,vina_top1,0,0,-8.418177552430768,4.506937285080997
453,asp_logmean_no_clustering,0,0,-8.418177552430768,4.506937285080997
453,asp_clustered_2A,0,0,-8.418177552430768,4.506937285080997
454,vina_top1,0,1,-8.627361392570489,5.207018980403126
454,asp_logmean_no_clustering,0,1,-8.627361392570489,5.207018980403126
454,asp_clustered_2A,0,1,-8.627361392570489,5.207018980403126
455,vina_top1,1,0,-8.277133648217896,5.251681879179787
455,asp_logmean_no_clustering,1,0,-8.277133648217896,5.251681879179787
455,asp_clustered_2A,1,0,-8.277133648217896,5.251681879179787
456,vina_top1,0,0,-8.5080728846203,5.104672561490081
456,asp_logmean_no_clustering,0,0,-8.5080728846203,5.104672561490081
456,asp_clustered_2A,0,0,-8.5080728846203,5.104672561490081
457,vina_top1,1,0,-8.479315311611167,6.408661315696592
457,asp_logmean_no_clustering,1,0,-8.479315311611167,6.408661315696592
457,asp_clustered_2A,1,0,-8.479315311611167,6.408661315696592
458,vina_top1,0,0,-9.09591473134936,0.35
458,asp_logmean_no_clustering,0,0,-9.09591473134936,0.35
458,asp_clustered_2A,0,0,-9.09591473134936,0.35
459,vina_top1,0,1,-8.597432992805222,3.7323355630758366
459,asp_logmean_no_clustering,0,1,-8.597432992805222,3.7323355630758366
459,asp_clustered_2A,0,1,-8.597432992805222,3.7323355630758366
460,vina_top1,1,1,-8.301807239927026,1.4882010729318764
460,asp_logmean_no_clustering,1,0,-8.117900740156196,4.187635744747167
460,asp_clustered_2A,1,1,-8.301807239927026,1.4882010729318764
461,vina_top1,1,1,-8.603944822183394,1.8927714268888458
461,asp_logmean_no_clustering,1,1,-8.603944822183394,1.8927714268888458
461,asp_clustered_2A,1,1,-8.603944822183394,1.8927714268888458
462,vina_top1,0,1,-8.373310818751259,5.813448262573787
462,asp_logmean_no_clustering,0,1,-8.373310818751259,5.813448262573787
462,asp_clustered_2A,0,1,-8.373310818751259,5.813448262573787
463,vina_top1,1,1,-8.041143217170557,6.094255339948999
463,asp_logmean_no_clustering,1,0,-8.033240337140068,3.2074180370969474
463,asp_clustered_2A,1,1,-8.041143217170557,6.094255339948999
464,vina_top1,0,0,-8.449266456336664,1.6144956342527501
464,asp_logmean_no_clustering,0,0,-8.449266456336664,1.6144956342527501
464,asp_clustered_2A,0,0,-8.449266456336664,1.6144956342527501
465,vina_top1,0,0,-8.310706354843159,1.4199965245525394
465,asp_logmean_no_clustering,0,1,-8.288500156617944,7.598434539279035
465,asp_clustered_2A,0,0,-8.310706354843159,1.4199965245525394
466,vina_top1,0,1,-8.291517290822272,5.097797965415002
466,asp_logmean_no_clustering,0,1,-8.291517290822272,5.097797965415002
466,asp_clustered_2A,0,1,-8.291517290822272,5.097797965415002
467,vina_top1,1,0,-8.754935222320888,4.817966209098292
467,asp_logmean_no_clustering,1,0,-8.754935222320888,4.817966209098292
467,asp_clustered_2A,1,0,-8.754935222320888,4.817966209098292
468,vina_top1,1,1,-8.263435476533797,4.9100568629376
468,asp_logmean_no_clustering,1,0,-8.070642588149733,3.0098362639327485
468,asp_clustered_2A,1,1,-8.263435476533797,4.9100568629376
469,vina_top1,0,1,-7.835190791154536,4.8859338386816615
469,asp_logmean_no_clustering,0,1,-7.835190791154536,4.8859338386816615
469,asp_clustered_2A,0,1,-7.835190791154536,4.8859338386816615
470,vina_top1,1,0,-8.152866398924273,6.6624126942065915
470,asp_logmean_no_clustering,1,0,-8.152866398924273,6.6624126942065915
470,asp_clustered_2A,1,0,-8.152866398924273,6.6624126942065915
471,vina_top1,1,1,-8.251963151368498,1.6570453942099221
471,asp_logmean_no_clustering,1,0,-8.083268335851361,6.86137690730793
471,asp_clustered_2A,1,1,-8.251963151368498,1.6570453942099221
472,vina_top1,0,1,-8.244089993741,3.9793819552729035
472,asp_logmean_no_clustering,0,1,-8.244089993741,3.9793819552729035
472,asp_clustered_2A,0,1,-8.244089993741,3.9793819552729035
473,vina_top1,1,0,-7.542630018355499,4.638154885829037
473,asp_logmean_no_clustering,1,0,-7.542630018355499,4.638154885829037
473,asp_clustered_2A,1,0,-7.542630018355499,4.638154885829037
474,vina_top1,0,1,-8.170597339580834,5.5728540506357955
474,asp_logmean_no_clustering,0,1,-8.170597339580834,5.5728540506357955
474,asp_clustered_2A,0,1,-8.170597339580834,5.5728540506357955
475,vina_top1,1,0,-8.081487386181546,5.58423217117698
475,asp_logmean_no_clustering,1,0,-8.081487386181546,5.58423217117698
475,asp_clustered_2A,1,0,-8.081487386181546,5.58423217117698
476,vina_top1,0,1,-8.362578476981028,6.790119073314862
476,asp_logmean_no_clustering,0,1,-8.362578476981028,6.790119073314862
476,asp_clustered_2A,0,1,-8.362578476981028,6.790119073314862
477,vina_top1,0,1,-8.03232797448342,4.3324474782244575
477,asp_logmean_no_clustering,0,1,-8.03232797448342,4.3324474782244575
477,asp_clustered_2A,0,1,-8.03232797448342,4.3324474782244575
478,vina_top1,0,0,-8.355042732144033,1.5246430856943087
478,asp_logmean_no_clustering,0,0,-8.355042732144033,1.5246430856943087
478,asp_clustered_2A,0,0,-8.355042732144033,1.5246430856943087
479,vina_top1,0,1,-8.227645947386883,4.956763063335121
479,asp_logmean_no_clustering,0,1,-8.227645947386883,4.956763063335121
479,asp_clustered_2A,0,1,-8.227645947386883,4.956763063335121
480,vina_top1,1,0,-8.747971953438615,4.495476549675173
480,asp_logmean_no_clustering,1,0,-8.747971953438615,4.495476549675173
480,asp_clustered_2A,1,0,-8.747971953438615,4.495476549675173
481,vina_top1,0,0,-8.281246377505045,3.584041537986086
481,asp_logmean_no_clustering,0,1,-8.206816879416571,5.83656020356837
481,asp_clustered_2A,0,0,-8.281246377505045,3.584041537986086
482,vina_top1,1,1,-8.516173673203573,1.3129580025616077
482,asp_logmean_no_clustering,1,1,-8.516173673203573,1.3129580025616077
482,asp_clustered_2A,1,1,-8.516173673203573,1.3129580025616077
483,vina_top1,1,1,-7.867846611935945,1.5883952711158087
483,asp_logmean_no_clustering,1,0,-7.84681545115598,6.436853627495651
483,asp_clustered_2A,1,1,-7.867846611935945,1.5883952711158087
484,vina_top1,1,0,-8.130229345984539,3.5343033036115683
484,asp_logmean_no_clustering,1,0,-8.130229345984539,3.5343033036115683
484,asp_clustered_2A,1,0,-8.130229345984539,3.5343033036115683
485,vina_top1,0,0,-7.810010412239717,6.535084462896558
485,asp_logmean_no_clustering,0,1,-7.637126553282968,5.203056249519342
485,asp_clustered_2A,0,0,-7.810010412239717,6.535084462896558
486,vina_top1,0,1,-8.362744030399673,4.721956587894542
486,asp_logmean_no_clustering,0,1,-8.362744030399673,4.721956587894542
486,asp_clustered_2A,0,1,-8.362744030399673,4.721956587894542
487,vina_top1,1,0,-8.208509692814072,4.050516838265383
487,asp_logmean_no_clustering,1,0,-8.208509692814072,4.050516838265383
487,asp_clustered_2A,1,0,-8.208509692814072,4.050516838265383
488,vina_top1,1,0,-8.244016360424224,5.175475995167889
488,asp_logmean_no_clustering,1,0,-8.244016360424224,5.175475995167889
488,asp_clustered_2A,1,0,-8.244016360424224,5.175475995167889
489,vina_top1,0,0,-8.113567015451089,0.7807376289762005
489,asp_logmean_no_clustering,0,1,-8.047406433395786,4.346297431609297
489,asp_clustered_2A,0,0,-8.113567015451089,0.7807376289762005
490,vina_top1,0,1,-8.628245172575095,5.430883896829539
490,asp_logmean_no_clustering,0,1,-8.628245172575095,5.430883896829539
490,asp_clustered_2A,0,1,-8.628245172575095,5.430883896829539
491,vina_top1,1,0,-9.073386356024988,3.0472476046738466
491,asp_logmean_no_clustering,1,0,-9.073386356024988,3.0472476046738466
491,asp_clustered_2A,1,0,-9.073386356024988,3.0472476046738466
492,vina_top1,1,1,-7.873206831921324,1.4087929275035804
492,asp_logmean_no_clustering,1,1,-7.873206831921324,1.4087929275035804
492,asp_clustered_2A,1,1,-7.873206831921324,1.4087929275035804
493,vina_top1,1,0,-8.60603046776263,4.326685898611684
493,asp_logmean_no_clustering,1,0,-8.60603046776263,4.326685898611684
493,asp_clustered_2A,1,0,-8.60603046776263,4.326685898611684
494,vina_top1,0,0,-8.1905733712927,5.437322989945052
494,asp_logmean_no_clustering,0,0,-8.1905733712927,5.437322989945052
494,asp_clustered_2A,0,0,-8.1905733712927,5.437322989945052
495,vina_top1,1,0,-8.396784650848325,3.8966623027767686
495,asp_logmean_no_clustering,1,0,-8.396784650848325,3.8966623027767686
495,asp_clustered_2A,1,0,-8.396784650848325,3.8966623027767686
496,vina_top1,0,1,-7.718262787557783,3.949601776661246
496,asp_logmean_no_clustering,0,1,-7.718262787557783,3.949601776661246
496,asp_clustered_2A,0,1,-7.718262787557783,3.949601776661246
497,vina_top1,1,0,-8.686958735366515,6.930224157689677
497,asp_logmean_no_clustering,1,0,-8.686958735366515,6.930224157689677
497,asp_clustered_2A,1,0,-8.686958735366515,6.930224157689677
498,vina_top1,1,0,-7.813637243712907,6.061792338938284
498,asp_logmean_no_clustering,1,0,-7.813637243712907,6.061792338938284
498,asp_clustered_2A,1,0,-7.813637243712907,6.061792338938284
499,vina_top1,1,0,-8.494935527959838,6.003959652224596
499,asp_logmean_no_clustering,1,0,-8.494935527959838,6.003959652224596
499,asp_clustered_2A,1,0,-8.494935527959838,6.003959652224596
500,vina_top1,1,0,-7.77463526948883,2.6
500,asp_logmean_no_clustering,1,0,-7.77463526948883,2.6
500,asp_clustered_2A,1,0,-7.77463526948883,2.6
501,vina_top1,0,0,-8.58591362586238,0.8952265659541124
501,asp_logmean_no_clustering,0,0,-8.58591362586238,0.8952265659541124
501,asp_clustered_2A,0,0,-8.58591362586238,0.8952265659541124
502,vina_top1,1,1,-8.33594048019056,0.49145380275789863
502,asp_logmean_no_clustering,1,0,-8.046588408885887,3.5419704001133145
502,asp_clustered_2A,1,1,-8.33594048019056,0.49145380275789863
503,vina_top1,1,0,-8.478032419817565,2.9008094658453305
503,asp_logmean_no_clustering,1,0,-8.478032419817565,2.9008094658453305
503,asp_clustered_2A,1,0,-8.478032419817565,2.9008094658453305
504,vina_top1,0,1,-7.925660711777241,5.7902041730767415
504,asp_logmean_no_clustering,0,1,-7.925660711777241,5.7902041730767415
504,asp_clustered_2A,0,1,-7.925660711777241,5.7902041730767415
505,vina_top1,0,1,-8.09687116441503,3.2609013110545964
505,asp_logmean_no_clustering,0,1,-8.09687116441503,3.2609013110545964
505,asp_clustered_2A,0,1,-8.09687116441503,3.2609013110545964
506,vina_top1,0,1,-9.756865534570325,6.137324851140288
506,asp_logmean_no_clustering,0,1,-9.756865534570325,6.137324851140288
506,asp_clustered_2A,0,1,-9.756865534570325,6.137324851140288
507,vina_top1,1,0,-8.379857165353053,4.34595751867424
507,asp_logmean_no_clustering,1,0,-8.379857165353053,4.34595751867424
507,asp_clustered_2A,1,0,-8.379857165353053,4.34595751867424
508,vina_top1,1,0,-8.059109222275799,2.6
508,asp_logmean_no_clustering,1,1,-7.869856820541471,5.922657753824601
508,asp_clustered_2A,1,0,-8.059109222275799,2.6
509,vina_top1,1,0,-8.370187136971797,7.119558936478073
509,asp_logmean_no_clustering,1,0,-8.370187136971797,7.119558936478073
509,asp_clustered_2A,1,0,-8.370187136971797,7.119558936478073
510,vina_top1,1,1,-8.14262189656083,3.8171604781024313
510,asp_logmean_no_clustering,1,0,-7.948933211913599,7.570077323798536
510,asp_clustered_2A,1,1,-8.14262189656083,3.8171604781024313
511,vina_top1,0,1,-8.510679806696423,3.7808869455499594
511,asp_logmean_no_clustering,0,1,-8.510679806696423,3.7808869455499594
511,asp_clustered_2A,0,1,-8.510679806696423,3.7808869455499594
512,vina_top1,0,1,-8.08253834278054,5.679479369393983
512,asp_logmean_no_clustering,0,1,-8.08253834278054,5.679479369393983
512,asp_clustered_2A,0,1,-8.08253834278054,5.679479369393983
513,vina_top1,0,1,-8.38946519919281,2.6698693715247908
513,asp_logmean_no_clustering,0,1,-8.38946519919281,2.6698693715247908
513,asp_clustered_2A,0,1,-8.38946519919281,2.6698693715247908
514,vina_top1,0,1,-8.08657769911428,4.155875326754187
514,asp_logmean_no_clustering,0,1,-8.08657769911428,4.155875326754187
514,asp_clustered_2A,0,1,-8.08657769911428,4.155875326754187
515,vina_top1,0,0,-8.079458624714729,5.159296072980405
515,asp_logmean_no_clustering,0,0,-8.079458624714729,5.159296072980405
515,asp_clustered_2A,0,0,-8.079458624714729,5.159296072980405
516,vina_top1,1,0,-7.931664956373041,2.7851454987497015
516,asp_logmean_no_clustering,1,0,-7.931664956373041,2.7851454987497015
516,asp_clustered_2A,1,0,-7.931664956373041,2.7851454987497015
517,vina_top1,1,0,-8.524754241755344,5.6252824016397005
517,asp_logmean_no_clustering,1,0,-8.524754241755344,5.6252824016397005
517,asp_clustered_2A,1,0,-8.524754241755344,5.6252824016397005
518,vina_top1,1,0,-7.740232111307757,6.755498182857398
518,asp_logmean_no_clustering,1,0,-7.740232111307757,6.755498182857398
518,asp_clustered_2A,1,0,-7.740232111307757,6.755498182857398
519,vina_top1,0,1,-8.254442613549555,6.313228712289992
519,asp_logmean_no_clustering,0,1,-8.254442613549555,6.313228712289992
519,asp_clustered_2A,0,1,-8.254442613549555,6.313228712289992
520,vina_top1,1,0,-7.73516264168823,4.315234121717899
520,asp_logmean_no_clustering,1,1,-7.693815833078989,5.3767045529511135
520,asp_clustered_2A,1,0,-7.73516264168823,4.315234121717899
521,vina_top1,1,0,-8.381788920349516,6.8928050025144545
521,asp_logmean_no_clustering,1,0,-8.381788920349516,6.8928050025144545
521,asp_clustered_2A,1,0,-8.381788920349516,6.8928050025144545
522,vina_top1,0,1,-8.428448509260692,4.881178113861842
522,asp_logmean_no_clustering,0,1,-8.428448509260692,4.881178113861842
522,asp_clustered_2A,0,1,-8.428448509260692,4.881178113861842
523,vina_top1,1,0,-8.513308879151111,3.4446081536279314
523,asp_logmean_no_clustering,1,0,-8.513308879151111,3.4446081536279314
523,asp_clustered_2A,1,0,-8.513308879151111,3.4446081536279314
524,vina_top1,0,0,-7.726494832946259,3.918608658340702
524,asp_logmean_no_clustering,0,1,-7.635871862236677,5.358509100050207
524,asp_clustered_2A,0,0,-7.726494832946259,3.918608658340702
525,vina_top1,0,1,-8.193622872331439,4.0201080455356
525,asp_logmean_no_clustering,0,1,-8.193622872331439,4.0201080455356
525,asp_clustered_2A,0,1,-8.193622872331439,4.0201080455356
526,vina_top1,0,0,-8.427747830110368,5.418876222216213
526,asp_logmean_no_clustering,0,0,-8.427747830110368,5.418876222216213
526,asp_clustered_2A,0,0,-8.427747830110368,5.418876222216213
527,vina_top1,1,0,-8.648883550404383,4.901465536590041
527,asp_logmean_no_clustering,1,0,-8.648883550404383,4.901465536590041
527,asp_clustered_2A,1,0,-8.648883550404383,4.901465536590041
528,vina_top1,0,0,-7.990958078473406,0.9889489357826247
528,asp_logmean_no_clustering,0,0,-7.990958078473406,0.9889489357826247
528,asp_clustered_2A,0,0,-7.990958078473406,0.9889489357826247
529,vina_top1,0,0,-8.520997905072893,0.7743748449046696
529,asp_logmean_no_clustering,0,0,-8.520997905072893,0.7743748449046696
529,asp_clustered_2A,0,0,-8.520997905072893,0.7743748449046696
530,vina_top1,0,1,-8.942569160945776,4.425069057918188
530,asp_logmean_no_clustering,0,1,-8.942569160945776,4.425069057918188
530,asp_clustered_2A,0,1,-8.942569160945776,4.425069057918188
531,vina_top1,1,0,-8.492767808229013,5.722631747043399
531,asp_logmean_no_clustering,1,0,-8.492767808229013,5.722631747043399
531,asp_clustered_2A,1,0,-8.492767808229013,5.722631747043399
532,vina_top1,1,0,-8.056694459495082,5.475655609127518
532,asp_logmean_no_clustering,1,0,-8.056694459495082,5.475655609127518
532,asp_clustered_2A,1,0,-8.056694459495082,5.475655609127518
533,vina_top1,0,1,-7.686986453547681,3.4633737603899766
533,asp_logmean_no_clustering,0,1,-7.686986453547681,3.4633737603899766
533,asp_clustered_2A,0,1,-7.686986453547681,3.4633737603899766
534,vina_top1,0,1,-7.656172764914838,4.381564278488487
534,asp_logmean_no_clustering,0,1,-7.656172764914838,4.381564278488487
534,asp_clustered_2A,0,1,-7.656172764914838,4.381564278488487
535,vina_top1,1,0,-8.258086815666312,6.741963953142966
535,asp_logmean_no_clustering,1,0,-8.258086815666312,6.741963953142966
535,asp_clustered_2A,1,0,-8.258086815666312,6.741963953142966
536,vina_top1,0,0,-8.925181361814289,2.6
536,asp_logmean_no_clustering,0,0,-8.925181361814289,2.6
536,asp_clustered_2A,0,0,-8.925181361814289,2.6
537,vina_top1,1,0,-8.033140501947575,5.250963796146926
537,asp_logmean_no_clustering,1,0,-8.033140501947575,5.250963796146926
537,asp_clustered_2A,1,0,-8.033140501947575,5.250963796146926
538,vina_top1,1,1,-8.018565103619787,3.817097897700982
538,asp_logmean_no_clustering,1,0,-7.9338906226190495,3.882984663489114
538,asp_clustered_2A,1,1,-8.018565103619787,3.817097897700982
539,vina_top1,1,0,-8.008035331918704,3.257976210835727
539,asp_logmean_no_clustering,1,0,-8.008035331918704,3.257976210835727
539,asp_clustered_2A,1,0,-8.008035331918704,3.257976210835727
540,vina_top1,0,0,-7.685901631251618,1.236325399372322
540,asp_logmean_no_clustering,0,0,-7.685901631251618,1.236325399372322
540,asp_clustered_2A,0,0,-7.685901631251618,1.236325399372322
541,vina_top1,1,1,-8.343043825142486,1.0952940564821487
541,asp_logmean_no_clustering,1,0,-7.913783315867068,3.429285227225918
541,asp_clustered_2A,1,1,-8.343043825142486,1.0952940564821487
542,vina_top1,0,1,-7.908503355936524,3.545949029967093
542,asp_logmean_no_clustering,0,1,-7.908503355936524,3.545949029967093
542,asp_clustered_2A,0,1,-7.908503355936524,3.545949029967093
543,vina_top1,1,0,-8.384678915038949,3.5744165619016757
543,asp_logmean_no_clustering,1,0,-8.384678915038949,3.5744165619016757
543,asp_clustered_2A,1,0,-8.384678915038949,3.5744165619016757
544,vina_top1,0,0,-7.7235927457036935,6.958809748047669
544,asp_logmean_no_clustering,0,1,-7.675286794208583,5.441549559929464
544,asp_clustered_2A,0,0,-7.7235927457036935,6.958809748047669
545,vina_top1,0,0,-8.604465990578637,1.256305411044852
545,asp_logmean_no_clustering,0,0,-8.604465990578637,1.256305411044852
545,asp_clustered_2A,0,0,-8.604465990578637,1.256305411044852
546,vina_top1,1,0,-8.421653872844711,4.596124743580376
546,asp_logmean_no_clustering,1,0,-8.421653872844711,4.596124743580376
546,asp_clustered_2A,1,0,-8.421653872844711,4.596124743580376
547,vina_top1,1,0,-8.762577058981371,4.017546780885928
547,asp_logmean_no_clustering,1,0,-8.762577058981371,4.017546780885928
547,asp_clustered_2A,1,0,-8.762577058981371,4.017546780885928
548,vina_top1,0,1,-8.634225200342161,3.494634567881513
548,asp_logmean_no_clustering,0,1,-8.634225200342161,3.494634567881513
548,asp_clustered_2A,0,1,-8.634225200342161,3.494634567881513
549,vina_top1,1,0,-8.687602979231123,4.080376272886249
549,asp_logmean_no_clustering,1,0,-8.687602979231123,4.080376272886249
549,asp_clustered_2A,1,0,-8.687602979231123,4.080376272886249
550,vina_top1,0,1,-8.232124144369545,3.852641504518717
550,asp_logmean_no_clustering,0,1,-8.232124144369545,3.852641504518717
550,asp_clustered_2A,0,1,-8.232124144369545,3.852641504518717
551,vina_top1,1,1,-8.03593350669444,1.7958829449085782
551,asp_logmean_no_clustering,1,1,-8.03593350669444,1.7958829449085782
551,asp_clustered_2A,1,1,-8.03593350669444,1.7958829449085782
552,vina_top1,1,0,-7.998776806044901,4.557479953318509
552,asp_logmean_no_clustering,1,0,-7.998776806044901,4.557479953318509
552,asp_clustered_2A,1,0,-7.998776806044901,4.557479953318509
553,vina_top1,1,1,-8.336550167710293,1.2338344754442578
553,asp_logmean_no_clustering,1,0,-8.229775967135883,6.52328731088095
553,asp_clustered_2A,1,1,-8.336550167710293,1.2338344754442578
554,vina_top1,1,0,-7.822536564484844,4.731526140835322
554,asp_logmean_no_clustering,1,0,-7.822536564484844,4.731526140835322
554,asp_clustered_2A,1,0,-7.822536564484844,4.731526140835322
555,vina_top1,0,1,-8.455899161100778,4.369899675449329
555,asp_logmean_no_clustering,0,1,-8.455899161100778,4.369899675449329
555,asp_clustered_2A,0,1,-8.455899161100778,4.369899675449329
556,vina_top1,1,0,-7.896099847644125,6.822761550432405
556,asp_logmean_no_clustering,1,0,-7.896099847644125,6.822761550432405
556,asp_clustered_2A,1,0,-7.896099847644125,6.822761550432405
557,vina_top1,1,0,-8.035936629345425,5.98538791249545
557,asp_logmean_no_clustering,1,0,-8.035936629345425,5.98538791249545
557,asp_clustered_2A,1,0,-8.035936629345425,5.98538791249545
558,vina_top1,0,1,-8.255425764734547,7.239041914423884
558,asp_logmean_no_clustering,0,1,-8.255425764734547,7.239041914423884
558,asp_clustered_2A,0,1,-8.255425764734547,7.239041914423884
559,vina_top1,0,1,-7.72292024617621,6.567140122158191
559,asp_logmean_no_clustering,0,0,-7.548097334368945,6.599660754947691
559,asp_clustered_2A,0,1,-7.72292024617621,6.567140122158191
560,vina_top1,0,1,-8.2571019181635,6.40270676415885
560,asp_logmean_no_clustering,0,1,-8.2571019181635,6.40270676415885
560,asp_clustered_2A,0,1,-8.2571019181635,6.40270676415885
561,vina_top1,0,1,-8.379119457991965,4.4026701198261975
561,asp_logmean_no_clustering,0,1,-8.379119457991965,4.4026701198261975
561,asp_clustered_2A,0,1,-8.379119457991965,4.4026701198261975
562,vina_top1,1,0,-8.156115476476222,5.768111022245842
562,asp_logmean_no_clustering,1,0,-8.156115476476222,5.768111022245842
562,asp_clustered_2A,1,0,-8.156115476476222,5.768111022245842
563,vina_top1,1,0,-9.184313283876614,3.2811124749368714
563,asp_logmean_no_clustering,1,0,-9.184313283876614,3.2811124749368714
563,asp_clustered_2A,1,0,-9.184313283876614,3.2811124749368714
564,vina_top1,1,0,-8.81455541948316,4.801298505910056
564,asp_logmean_no_clustering,1,0,-8.81455541948316,4.801298505910056
564,asp_clustered_2A,1,0,-8.81455541948316,4.801298505910056
565,vina_top1,1,1,-8.19169064627551,1.0910355789696273
565,asp_logmean_no_clustering,1,1,-8.19169064627551,1.0910355789696273
565,asp_clustered_2A,1,1,-8.19169064627551,1.0910355789696273
566,vina_top1,0,1,-8.545852237083837,3.447796861210731
566,asp_logmean_no_clustering,0,1,-8.545852237083837,3.447796861210731
566,asp_clustered_2A,0,1,-8.545852237083837,3.447796861210731
567,vina_top1,1,0,-8.305662412722551,6.2816364537881135
567,asp_logmean_no_clustering,1,0,-8.305662412722551,6.2816364537881135
567,asp_clustered_2A,1,0,-8.305662412722551,6.2816364537881135
568,vina_top1,1,0,-8.494468493438022,4.561178334508734
568,asp_logmean_no_clustering,1,0,-8.494468493438022,4.561178334508734
568,asp_clustered_2A,1,0,-8.494468493438022,4.561178334508734
569,vina_top1,1,0,-7.900521316036392,2.6290431676960795
569,asp_logmean_no_clustering,1,0,-7.900521316036392,2.6290431676960795
569,asp_clustered_2A,1,0,-7.900521316036392,2.6290431676960795
570,vina_top1,1,0,-9.20565519316525,5.834893784889005
570,asp_logmean_no_clustering,1,0,-9.20565519316525,5.834893784889005
570,asp_clustered_2A,1,0,-9.20565519316525,5.834893784889005
571,vina_top1,0,0,-7.836245731669674,4.66410262963195
571,asp_logmean_no_clustering,0,1,-7.738213788811983,3.5979406773070153
571,asp_clustered_2A,0,0,-7.836245731669674,4.66410262963195
572,vina_top1,0,1,-8.486068251352542,7.138973201532087
572,asp_logmean_no_clustering,0,1,-8.486068251352542,7.138973201532087
572,asp_clustered_2A,0,1,-8.486068251352542,7.138973201532087
573,vina_top1,1,0,-8.640943424096482,5.1310021643990025
573,asp_logmean_no_clustering,1,0,-8.640943424096482,5.1310021643990025
573,asp_clustered_2A,1,0,-8.640943424096482,5.1310021643990025
574,vina_top1,0,0,-8.76529759265004,1.2945737643315
574,asp_logmean_no_clustering,0,0,-8.76529759265004,1.2945737643315
574,asp_clustered_2A,0,0,-8.76529759265004,1.2945737643315
575,vina_top1,1,0,-8.207053099322746,3.8764832998123677
575,asp_logmean_no_clustering,1,0,-8.207053099322746,3.8764832998123677
575,asp_clustered_2A,1,0,-8.207053099322746,3.8764832998123677
576,vina_top1,0,0,-8.580569541230531,2.167460065080471
576,asp_logmean_no_clustering,0,0,-8.580569541230531,2.167460065080471
576,asp_clustered_2A,0,0,-8.580569541230531,2.167460065080471
577,vina_top1,1,0,-8.243575948326594,6.933633962895076
577,asp_logmean_no_clustering,1,0,-8.243575948326594,6.933633962895076
577,asp_clustered_2A,1,0,-8.243575948326594,6.933633962895076
578,vina_top1,1,0,-7.836853675540277,5.719264947107088
578,asp_logmean_no_clustering,1,0,-7.836853675540277,5.719264947107088
578,asp_clustered_2A,1,0,-7.836853675540277,5.719264947107088
579,vina_top1,0,0,-8.117518456545984,5.907906373195194
579,asp_logmean_no_clustering,0,1,-7.897803377785363,5.816342606727415
579,asp_clustered_2A,0,0,-8.117518456545984,5.907906373195194
580,vina_top1,1,0,-8.476476460566786,4.402713779866145
580,asp_logmean_no_clustering,1,0,-8.476476460566786,4.402713779866145
580,asp_clustered_2A,1,0,-8.476476460566786,4.402713779866145
581,vina_top1,1,1,-7.996326530895814,1.4698307552133985
581,asp_logmean_no_clustering,1,1,-7.996326530895814,1.4698307552133985
581,asp_clustered_2A,1,1,-7.996326530895814,1.4698307552133985
582,vina_top1,1,0,-8.590154066585923,5.6027690323411345
582,asp_logmean_no_clustering,1,0,-8.590154066585923,5.6027690323411345
582,asp_clustered_2A,1,0,-8.590154066585923,5.6027690323411345
583,vina_top1,1,0,-8.738524971608319,5.27473210828665
583,asp_logmean_no_clustering,1,0,-8.738524971608319,5.27473210828665
583,asp_clustered_2A,1,0,-8.738524971608319,5.27473210828665
584,vina_top1,0,1,-7.891636609215727,6.089865486207066
584,asp_logmean_no_clustering,0,0,-7.851145488181948,3.578378971308399
584,asp_clustered_2A,0,1,-7.891636609215727,6.089865486207066
585,vina_top1,0,1,-8.059319824133544,6.851945570652769
585,asp_logmean_no_clustering,0,1,-8.059319824133544,6.851945570652769
585,asp_clustered_2A,0,1,-8.059319824133544,6.851945570652769
586,vina_top1,0,1,-8.137911679404398,2.6
586,asp_logmean_no_clustering,0,1,-8.137911679404398,2.6
586,asp_clustered_2A,0,1,-8.137911679404398,2.6
587,vina_top1,1,1,-8.076125903197116,1.8022852098294462
587,asp_logmean_no_clustering,1,1,-8.076125903197116,1.8022852098294462
587,asp_clustered_2A,1,1,-8.076125903197116,1.8022852098294462
588,vina_top1,0,1,-8.474129881942408,3.969404194950601
588,asp_logmean_no_clustering,0,1,-8.474129881942408,3.969404194950601
588,asp_clustered_2A,0,1,-8.474129881942408,3.969404194950601
589,vina_top1,1,0,-7.896783036256795,2.6858619326596993
589,asp_logmean_no_clustering,1,0,-7.896783036256795,2.6858619326596993
589,asp_clustered_2A,1,0,-7.896783036256795,2.6858619326596993
590,vina_top1,0,1,-7.925794076545178,4.013551800050287
590,asp_logmean_no_clustering,0,1,-7.925794076545178,4.013551800050287
590,asp_clustered_2A,0,1,-7.925794076545178,4.013551800050287
591,vina_top1,0,0,-8.312800520248992,6.302782874331717
591,asp_logmean_no_clustering,0,0,-8.312800520248992,6.302782874331717
591,asp_clustered_2A,0,0,-8.312800520248992,6.302782874331717
592,vina_top1,0,1,-8.701820443843635,6.19993868616245
592,asp_logmean_no_clustering,0,1,-8.701820443843635,6.19993868616245
592,asp_clustered_2A,0,1,-8.701820443843635,6.19993868616245
593,vina_top1,0,1,-7.996692782407286,5.408191247934896
593,asp_logmean_no_clustering,0,1,-7.996692782407286,5.408191247934896
593,asp_clustered_2A,0,1,-7.996692782407286,5.408191247934896
594,vina_top1,1,0,-8.662870631473393,4.552644201182585
594,asp_logmean_no_clustering,1,0,-8.662870631473393,4.552644201182585
594,asp_clustered_2A,1,0,-8.662870631473393,4.552644201182585
595,vina_top1,1,0,-8.943327071604005,6.178133986374359
595,asp_logmean_no_clustering,1,0,-8.943327071604005,6.178133986374359
595,asp_clustered_2A,1,0,-8.943327071604005,6.178133986374359
596,vina_top1,0,0,-8.603301654636537,7.421727684662386
596,asp_logmean_no_clustering,0,0,-8.603301654636537,7.421727684662386
596,asp_clustered_2A,0,0,-8.603301654636537,7.421727684662386
597,vina_top1,0,1,-8.285356820167795,5.0505238034404405
597,asp_logmean_no_clustering,0,1,-8.285356820167795,5.0505238034404405
597,asp_clustered_2A,0,1,-8.285356820167795,5.0505238034404405
598,vina_top1,0,1,-8.785678330764497,4.850038310794469
598,asp_logmean_no_clustering,0,1,-8.785678330764497,4.850038310794469
598,asp_clustered_2A,0,1,-8.785678330764497,4.850038310794469
599,vina_top1,0,1,-8.093460705678847,4.255243791727356
599,asp_logmean_no_clustering,0,1,-8.093460705678847,4.255243791727356
599,asp_clustered_2A,0,1,-8.093460705678847,4.255243791727356
600,vina_top1,0,0,-7.975959124430122,4.433737414360984
600,asp_logmean_no_clustering,0,1,-7.867683777625856,3.2985094892175066
600,asp_clustered_2A,0,0,-7.975959124430122,4.433737414360984
601,vina_top1,0,1,-8.303495689710966,4.791788122341715
601,asp_logmean_no_clustering,0,1,-8.303495689710966,4.791788122341715
601,asp_clustered_2A,0,1,-8.303495689710966,4.791788122341715
602,vina_top1,1,0,-9.058521471962127,5.811047625288856
602,asp_logmean_no_clustering,1,0,-9.058521471962127,5.811047625288856
602,asp_clustered_2A,1,0,-9.058521471962127,5.811047625288856
603,vina_top1,1,1,-8.15427607876747,5.507037563549436
603,asp_logmean_no_clustering,1,1,-8.15427607876747,5.507037563549436
603,asp_clustered_2A,1,1,-8.15427607876747,5.507037563549436
604,vina_top1,1,0,-7.936438603707041,5.340889780384307
604,asp_logmean_no_clustering,1,0,-7.936438603707041,5.340889780384307
604,asp_clustered_2A,1,0,-7.936438603707041,5.340889780384307
605,vina_top1,1,0,-8.13567442664156,4.088124528634115
605,asp_logmean_no_clustering,1,0,-8.13567442664156,4.088124528634115
605,asp_clustered_2A,1,0,-8.13567442664156,4.088124528634115
606,vina_top1,1,1,-7.912751289316462,5.196761928868762
606,asp_logmean_no_clustering,1,0,-7.9091742201434965,6.611140052906407
606,asp_clustered_2A,1,1,-7.912751289316462,5.196761928868762
607,vina_top1,0,1,-8.17918877394199,6.61995457280728
607,asp_logmean_no_clustering,0,1,-8.17918877394199,6.61995457280728
607,asp_clustered_2A,0,1,-8.17918877394199,6.61995457280728
608,vina_top1,0,1,-8.117598584423469,5.873628778292253
608,asp_logmean_no_clustering,0,1,-8.117598584423469,5.873628778292253
608,asp_clustered_2A,0,1,-8.117598584423469,5.873628778292253
609,vina_top1,0,1,-8.236279617738976,4.855621150010531
609,asp_logmean_no_clustering,0,1,-8.236279617738976,4.855621150010531
609,asp_clustered_2A,0,1,-8.236279617738976,4.855621150010531
610,vina_top1,1,0,-8.303372789847678,6.236758901022846
610,asp_logmean_no_clustering,1,0,-8.303372789847678,6.236758901022846
610,asp_clustered_2A,1,0,-8.303372789847678,6.236758901022846
611,vina_top1,1,0,-8.005748521779424,7.702002697842058
611,asp_logmean_no_clustering,1,0,-8.005748521779424,7.702002697842058
611,asp_clustered_2A,1,0,-8.005748521779424,7.702002697842058
612,vina_top1,0,1,-8.105971383353994,8.88526860693527
612,asp_logmean_no_clustering,0,1,-8.105971383353994,8.88526860693527
612,asp_clustered_2A,0,1,-8.105971383353994,8.88526860693527
613,vina_top1,1,0,-8.59734793540841,3.1198282192622075
613,asp_logmean_no_clustering,1,0,-8.59734793540841,3.1198282192622075
613,asp_clustered_2A,1,0,-8.59734793540841,3.1198282192622075
614,vina_top1,0,1,-8.155641930556351,6.503944369438191
614,asp_logmean_no_clustering,0,1,-8.155641930556351,6.503944369438191
614,asp_clustered_2A,0,1,-8.155641930556351,6.503944369438191
615,vina_top1,1,1,-8.108008917707778,1.2547779766673075
615,asp_logmean_no_clustering,1,0,-8.104349656515485,4.247135548437709
615,asp_clustered_2A,1,1,-8.108008917707778,1.2547779766673075
616,vina_top1,0,1,-7.917635457277649,5.71011072623578
616,asp_logmean_no_clustering,0,1,-7.917635457277649,5.71011072623578
616,asp_clustered_2A,0,1,-7.917635457277649,5.71011072623578
617,vina_top1,1,1,-8.341790271991448,4.064596796384896
617,asp_logmean_no_clustering,1,0,-8.201017328044633,3.210558522867872
617,asp_clustered_2A,1,1,-8.341790271991448,4.064596796384896
618,vina_top1,1,1,-8.422363531301336,2.6
618,asp_logmean_no_clustering,1,0,-8.325535262105088,6.903103095093112
618,asp_clustered_2A,1,1,-8.422363531301336,2.6
619,vina_top1,1,0,-8.338288372491247,2.6
619,asp_logmean_no_clustering,1,0,-8.338288372491247,2.6
619,asp_clustered_2A,1,0,-8.338288372491247,2.6
620,vina_top1,1,1,-9.345655756731876,4.87204456143472
620,asp_logmean_no_clustering,1,1,-9.345655756731876,4.87204456143472
620,asp_clustered_2A,1,1,-9.345655756731876,4.87204456143472
621,vina_top1,0,1,-8.261317673786085,5.020380543150418
621,asp_logmean_no_clustering,0,1,-8.261317673786085,5.020380543150418
621,asp_clustered_2A,0,1,-8.261317673786085,5.020380543150418
622,vina_top1,0,1,-8.532746692427194,5.854533135409706
622,asp_logmean_no_clustering,0,1,-8.532746692427194,5.854533135409706
622,asp_clustered_2A,0,1,-8.532746692427194,5.854533135409706
623,vina_top1,0,1,-8.224969402824424,7.351423788246684
623,asp_logmean_no_clustering,0,1,-8.224969402824424,7.351423788246684
623,asp_clustered_2A,0,1,-8.224969402824424,7.351423788246684
624,vina_top1,0,1,-7.902262202849317,6.211573823863243
624,asp_logmean_no_clustering,0,1,-7.902262202849317,6.211573823863243
624,asp_clustered_2A,0,1,-7.902262202849317,6.211573823863243
625,vina_top1,1,1,-8.464131831224423,5.070752447684604
625,asp_logmean_no_clustering,1,0,-8.22739024478437,5.423673679681127
625,asp_clustered_2A,1,1,-8.464131831224423,5.070752447684604
626,vina_top1,1,1,-8.587356316054624,1.608772855626976
626,asp_logmean_no_clustering,1,1,-8.587356316054624,1.608772855626976
626,asp_clustered_2A,1,1,-8.587356316054624,1.608772855626976
627,vina_top1,1,0,-8.051275430217963,3.1271864731958487
627,asp_logmean_no_clustering,1,0,-8.051275430217963,3.1271864731958487
627,asp_clustered_2A,1,0,-8.051275430217963,3.1271864731958487
628,vina_top1,1,0,-8.585085635210534,3.482612891510824
628,asp_logmean_no_clustering,1,0,-8.585085635210534,3.482612891510824
628,asp_clustered_2A,1,0,-8.585085635210534,3.482612891510824
629,vina_top1,1,1,-7.971975094180053,0.9646100093946882
629,asp_logmean_no_clustering,1,1,-7.971975094180053,0.9646100093946882
629,asp_clustered_2A,1,1,-7.971975094180053,0.9646100093946882
630,vina_top1,1,0,-8.20387544956431,2.952897166362651
630,asp_logmean_no_clustering,1,1,-8.152778294271089,4.319667874044339
630,asp_clustered_2A,1,0,-8.20387544956431,2.952897166362651
631,vina_top1,0,0,-8.116523961191993,1.3693949201744202
631,asp_logmean_no_clustering,0,0,-8.116523961191993,1.3693949201744202
631,asp_clustered_2A,0,0,-8.116523961191993,1.3693949201744202
632,vina_top1,1,0,-8.741746808823281,6.234683128518039
632,asp_logmean_no_clustering,1,0,-8.741746808823281,6.234683128518039
632,asp_clustered_2A,1,0,-8.741746808823281,6.234683128518039
633,vina_top1,0,1,-8.868510062698522,2.6
633,asp_logmean_no_clustering,0,1,-8.868510062698522,2.6
633,asp_clustered_2A,0,1,-8.868510062698522,2.6
634,vina_top1,0,1,-7.600596805591085,7.8044417964907264
634,asp_logmean_no_clustering,0,1,-7.600596805591085,7.8044417964907264
634,asp_clustered_2A,0,1,-7.600596805591085,7.8044417964907264
635,vina_top1,1,0,-8.103636121008616,3.202176685150277
635,asp_logmean_no_clustering,1,0,-8.103636121008616,3.202176685150277
635,asp_clustered_2A,1,0,-8.103636121008616,3.202176685150277
636,vina_top1,1,1,-9.034194041675855,1.3373332144754755
636,asp_logmean_no_clustering,1,1,-9.034194041675855,1.3373332144754755
636,asp_clustered_2A,1,1,-9.034194041675855,1.3373332144754755
637,vina_top1,1,0,-8.124537766198218,3.3092063866818204
637,asp_logmean_no_clustering,1,0,-8.124537766198218,3.3092063866818204
637,asp_clustered_2A,1,0,-8.124537766198218,3.3092063866818204
638,vina_top1,1,0,-8.1454645001346,5.303743730957843
638,asp_logmean_no_clustering,1,0,-8.1454645001346,5.303743730957843
638,asp_clustered_2A,1,0,-8.1454645001346,5.303743730957843
639,vina_top1,0,1,-8.326320769046383,2.6
639,asp_logmean_no_clustering,0,1,-8.326320769046383,2.6
639,asp_clustered_2A,0,1,-8.326320769046383,2.6
640,vina_top1,1,0,-9.284113828167818,7.533518021199548
640,asp_logmean_no_clustering,1,0,-9.284113828167818,7.533518021199548
640,asp_clustered_2A,1,0,-9.284113828167818,7.533518021199548
641,vina_top1,1,0,-9.040288708691184,6.183659830138749
641,asp_logmean_no_clustering,1,0,-9.040288708691184,6.183659830138749
641,asp_clustered_2A,1,0,-9.040288708691184,6.183659830138749
642,vina_top1,0,1,-8.401535496335091,7.9833761714728375
642,asp_logmean_no_clustering,0,1,-8.401535496335091,7.9833761714728375
642,asp_clustered_2A,0,1,-8.401535496335091,7.9833761714728375
643,vina_top1,0,0,-8.465600582245003,1.222944875231072
643,asp_logmean_no_clustering,0,0,-8.465600582245003,1.222944875231072
643,asp_clustered_2A,0,0,-8.465600582245003,1.222944875231072
644,vina_top1,1,0,-8.810636329711349,3.4833225444652998
644,asp_logmean_no_clustering,1,0,-8.810636329711349,3.4833225444652998
644,asp_clustered_2A,1,0,-8.810636329711349,3.4833225444652998
645,vina_top1,1,0,-8.349707163934774,4.464302069546507
645,asp_logmean_no_clustering,1,0,-8.349707163934774,4.464302069546507
645,asp_clustered_2A,1,0,-8.349707163934774,4.464302069546507
646,vina_top1,0,1,-8.780630188262673,4.149659360825544
646,asp_logmean_no_clustering,0,1,-8.780630188262673,4.149659360825544
646,asp_clustered_2A,0,1,-8.780630188262673,4.149659360825544
647,vina_top1,1,0,-8.166420793442706,5.261167002409875
647,asp_logmean_no_clustering,1,0,-8.166420793442706,5.261167002409875
647,asp_clustered_2A,1,0,-8.166420793442706,5.261167002409875
648,vina_top1,1,0,-8.51006644028368,5.273943016370072
648,asp_logmean_no_clustering,1,0,-8.51006644028368,5.273943016370072
648,asp_clustered_2A,1,0,-8.51006644028368,5.273943016370072
649,vina_top1,1,0,-8.76404624033122,3.6949523027686144
649,asp_logmean_no_clustering,1,0,-8.76404624033122,3.6949523027686144
649,asp_clustered_2A,1,0,-8.76404624033122,3.6949523027686144
650,vina_top1,0,0,-8.027779860054324,1.167262812510811
650,asp_logmean_no_clustering,0,0,-8.027779860054324,1.167262812510811
650,asp_clustered_2A,0,0,-8.027779860054324,1.167262812510811
651,vina_top1,0,1,-8.138360135817782,2.7300606784867663
651,asp_logmean_no_clustering,0,1,-8.138360135817782,2.7300606784867663
651,asp_clustered_2A,0,1,-8.138360135817782,2.7300606784867663
652,vina_top1,0,1,-7.878245819412809,2.6
652,asp_logmean_no_clustering,0,1,-7.878245819412809,2.6
652,asp_clustered_2A,0,1,-7.878245819412809,2.6
653,vina_top1,0,0,-8.254313297273045,1.3362202693795526
653,asp_logmean_no_clustering,0,1,-8.180472763788838,4.593538491664247
653,asp_clustered_2A,0,0,-8.254313297273045,1.3362202693795526
654,vina_top1,1,0,-8.140680843636252,4.009529102062806
654,asp_logmean_no_clustering,1,0,-8.140680843636252,4.009529102062806
654,asp_clustered_2A,1,0,-8.140680843636252,4.009529102062806
655,vina_top1,1,0,-8.534600548956611,5.559797206224571
655,asp_logmean_no_clustering,1,0,-8.534600548956611,5.559797206224571
655,asp_clustered_2A,1,0,-8.534600548956611,5.559797206224571
656,vina_top1,0,1,-8.183033695387351,4.974858216880573
656,asp_logmean_no_clustering,0,1,-8.183033695387351,4.974858216880573
656,asp_clustered_2A,0,1,-8.183033695387351,4.974858216880573
657,vina_top1,0,1,-8.557992971103257,3.839906931251015
657,asp_logmean_no_clustering,0,1,-8.557992971103257,3.839906931251015
657,asp_clustered_2A,0,1,-8.557992971103257,3.839906931251015
658,vina_top1,1,0,-8.112674653992974,6.365035696649441
658,asp_logmean_no_clustering,1,0,-8.112674653992974,6.365035696649441
658,asp_clustered_2A,1,0,-8.112674653992974,6.365035696649441
659,vina_top1,1,0,-9.14212521277184,3.6477722092137554
659,asp_logmean_no_clustering,1,0,-9.14212521277184,3.6477722092137554
659,asp_clustered_2A,1,0,-9.14212521277184,3.6477722092137554
660,vina_top1,1,1,-8.377930540383382,0.6802813891655913
660,asp_logmean_no_clustering,1,0,-8.33630368400418,5.553473012630228
660,asp_clustered_2A,1,1,-8.377930540383382,0.6802813891655913
661,vina_top1,1,0,-8.018359820554274,4.8203907402245685
661,asp_logmean_no_clustering,1,0,-8.018359820554274,4.8203907402245685
661,asp_clustered_2A,1,0,-8.018359820554274,4.8203907402245685
662,vina_top1,1,0,-8.108806324947684,4.775472438567075
662,asp_logmean_no_clustering,1,0,-8.108806324947684,4.775472438567075
662,asp_clustered_2A,1,0,-8.108806324947684,4.775472438567075
663,vina_top1,1,1,-8.062267205710883,1.1739804334152653
663,asp_logmean_no_clustering,1,0,-7.852751857485604,4.861757682938088
663,asp_clustered_2A,1,1,-8.062267205710883,1.1739804334152653
664,vina_top1,0,1,-8.236129953148042,6.1015608077413725
664,asp_logmean_no_clustering,0,1,-8.236129953148042,6.1015608077413725
664,asp_clustered_2A,0,1,-8.236129953148042,6.1015608077413725
665,vina_top1,0,0,-8.352805331988325,2.2409933935990343
665,asp_logmean_no_clustering,0,0,-8.352805331988325,2.2409933935990343
665,asp_clustered_2A,0,0,-8.352805331988325,2.2409933935990343
666,vina_top1,0,0,-8.39686940008253,1.4817007127907942
666,asp_logmean_no_clustering,0,0,-8.39686940008253,1.4817007127907942
666,asp_clustered_2A,0,0,-8.39686940008253,1.4817007127907942
667,vina_top1,1,1,-8.110003329864089,0.4184843279985335
667,asp_logmean_no_clustering,1,1,-8.110003329864089,0.4184843279985335
667,asp_clustered_2A,1,1,-8.110003329864089,0.4184843279985335
668,vina_top1,0,1,-8.501772335713806,4.68549927711004
668,asp_logmean_no_clustering,0,1,-8.501772335713806,4.68549927711004
668,asp_clustered_2A,0,1,-8.501772335713806,4.68549927711004
669,vina_top1,0,1,-8.389674560180268,4.2779943888289615
669,asp_logmean_no_clustering,0,1,-8.389674560180268,4.2779943888289615
669,asp_clustered_2A,0,1,-8.389674560180268,4.2779943888289615
670,vina_top1,1,0,-8.378969769774674,4.763535068727307
670,asp_logmean_no_clustering,1,0,-8.378969769774674,4.763535068727307
670,asp_clustered_2A,1,0,-8.378969769774674,4.763535068727307
671,vina_top1,0,0,-8.202124317326819,1.9061222158036801
671,asp_logmean_no_clustering,0,1,-8.018995837078288,3.1761556398851596
671,asp_clustered_2A,0,0,-8.202124317326819,1.9061222158036801
672,vina_top1,1,0,-8.297299908258474,4.592913781646105
672,asp_logmean_no_clustering,1,0,-8.297299908258474,4.592913781646105
672,asp_clustered_2A,1,0,-8.297299908258474,4.592913781646105
673,vina_top1,1,0,-8.213788458707539,4.852488905852426
673,asp_logmean_no_clustering,1,0,-8.213788458707539,4.852488905852426
673,asp_clustered_2A,1,0,-8.213788458707539,4.852488905852426
674,vina_top1,0,1,-7.806696096197447,4.819847839656837
674,asp_logmean_no_clustering,0,1,-7.806696096197447,4.819847839656837
674,asp_clustered_2A,0,1,-7.806696096197447,4.819847839656837
675,vina_top1,0,1,-7.870759549978548,5.230461159331683
675,asp_logmean_no_clustering,0,1,-7.870759549978548,5.230461159331683
675,asp_clustered_2A,0,1,-7.870759549978548,5.230461159331683
676,vina_top1,0,1,-8.411482735851806,4.363582145369293
676,asp_logmean_no_clustering,0,1,-8.411482735851806,4.363582145369293
676,asp_clustered_2A,0,1,-8.411482735851806,4.363582145369293
677,vina_top1,1,1,-8.500808472962424,1.3619795409448054
677,asp_logmean_no_clustering,1,0,-8.297885421067495,4.212045031800258
677,asp_clustered_2A,1,1,-8.500808472962424,1.3619795409448054
678,vina_top1,1,0,-9.588705019249627,3.354544687532907
678,asp_logmean_no_clustering,1,0,-9.588705019249627,3.354544687532907
678,asp_clustered_2A,1,0,-9.588705019249627,3.354544687532907
679,vina_top1,0,1,-8.3970250117846,4.200992572713836
679,asp_logmean_no_clustering,0,1,-8.3970250117846,4.200992572713836
679,asp_clustered_2A,0,1,-8.3970250117846,4.200992572713836
680,vina_top1,1,0,-8.869494470283367,5.131905983999073
680,asp_logmean_no_clustering,1,0,-8.869494470283367,5.131905983999073
680,asp_clustered_2A,1,0,-8.869494470283367,5.131905983999073
681,vina_top1,1,0,-8.64422479230063,5.0806432073747
681,asp_logmean_no_clustering,1,0,-8.64422479230063,5.0806432073747
681,asp_clustered_2A,1,0,-8.64422479230063,5.0806432073747
682,vina_top1,1,0,-9.276456473198953,7.184228133139654
682,asp_logmean_no_clustering,1,0,-9.276456473198953,7.184228133139654
682,asp_clustered_2A,1,0,-9.276456473198953,7.184228133139654
683,vina_top1,1,0,-8.30586437995081,2.804923679062361
683,asp_logmean_no_clustering,1,0,-8.30586437995081,2.804923679062361
683,asp_clustered_2A,1,0,-8.30586437995081,2.804923679062361
684,vina_top1,1,0,-8.482873025534834,6.603417333571377
684,asp_logmean_no_clustering,1,0,-8.482873025534834,6.603417333571377
684,asp_clustered_2A,1,0,-8.482873025534834,6.603417333571377
685,vina_top1,1,0,-8.421302600896675,4.419298645184911
685,asp_logmean_no_clustering,1,0,-8.421302600896675,4.419298645184911
685,asp_clustered_2A,1,0,-8.421302600896675,4.419298645184911
686,vina_top1,0,1,-7.92945073774545,5.728621599774459
686,asp_logmean_no_clustering,0,1,-7.92945073774545,5.728621599774459
686,asp_clustered_2A,0,1,-7.92945073774545,5.728621599774459
687,vina_top1,1,0,-8.365684944910061,5.6343202132803
687,asp_logmean_no_clustering,1,0,-8.365684944910061,5.6343202132803
687,asp_clustered_2A,1,0,-8.365684944910061,5.6343202132803
688,vina_top1,0,1,-8.714244891848733,5.940819145482109
688,asp_logmean_no_clustering,0,1,-8.714244891848733,5.940819145482109
688,asp_clustered_2A,0,1,-8.714244891848733,5.940819145482109
689,vina_top1,1,0,-8.56029448601161,5.485281782087321
689,asp_logmean_no_clustering,1,0,-8.56029448601161,5.485281782087321
689,asp_clustered_2A,1,0,-8.56029448601161,5.485281782087321
690,vina_top1,0,1,-8.947264936584157,3.3244142372920145
690,asp_logmean_no_clustering,0,1,-8.947264936584157,3.3244142372920145
690,asp_clustered_2A,0,1,-8.947264936584157,3.3244142372920145
691,vina_top1,0,0,-8.281119632308062,1.0023877835282184
691,asp_logmean_no_clustering,0,0,-8.281119632308062,1.0023877835282184
691,asp_clustered_2A,0,0,-8.281119632308062,1.0023877835282184
692,vina_top1,0,1,-8.685069565351018,6.482518418134877
692,asp_logmean_no_clustering,0,1,-8.685069565351018,6.482518418134877
692,asp_clustered_2A,0,1,-8.685069565351018,6.482518418134877
693,vina_top1,0,1,-8.69300990341639,6.485195245277773
693,asp_logmean_no_clustering,0,1,-8.69300990341639,6.485195245277773
693,asp_clustered_2A,0,1,-8.69300990341639,6.485195245277773
694,vina_top1,1,0,-8.507856641728969,6.87456679287641
694,asp_logmean_no_clustering,1,0,-8.507856641728969,6.87456679287641
694,asp_clustered_2A,1,0,-8.507856641728969,6.87456679287641
695,vina_top1,0,1,-8.157927057759293,3.787177273954126
695,asp_logmean_no_clustering,0,1,-8.157927057759293,3.787177273954126
695,asp_clustered_2A,0,1,-8.157927057759293,3.787177273954126
696,vina_top1,0,1,-8.01571751959567,5.157218527476723
696,asp_logmean_no_clustering,0,1,-8.01571751959567,5.157218527476723
696,asp_clustered_2A,0,1,-8.01571751959567,5.157218527476723
697,vina_top1,0,0,-8.189958801800387,0.726423236301225
697,asp_logmean_no_clustering,0,1,-8.107950382493087,5.174421556587818
697,asp_clustered_2A,0,0,-8.189958801800387,0.726423236301225
698,vina_top1,0,1,-8.39371524798539,5.963901381670173
698,asp_logmean_no_clustering,0,1,-8.39371524798539,5.963901381670173
698,asp_clustered_2A,0,1,-8.39371524798539,5.963901381670173
699,vina_top1,0,0,-8.220495581789608,6.438996066602309
699,asp_logmean_no_clustering,0,1,-7.954005579914734,4.967706719373897
699,asp_clustered_2A,0,0,-8.220495581789608,6.438996066602309
700,vina_top1,1,0,-9.073073400467077,5.819023749814841
700,asp_logmean_no_clustering,1,0,-9.073073400467077,5.819023749814841
700,asp_clustered_2A,1,0,-9.073073400467077,5.819023749814841
701,vina_top1,1,1,-9.175385260230668,4.106529317005483
701,asp_logmean_no_clustering,1,1,-9.175385260230668,4.106529317005483
701,asp_clustered_2A,1,1,-9.175385260230668,4.106529317005483
702,vina_top1,0,1,-8.147359313775539,4.250634895781162
702,asp_logmean_no_clustering,0,1,-8.147359313775539,4.250634895781162
702,asp_clustered_2A,0,1,-8.147359313775539,4.250634895781162
703,vina_top1,0,0,-8.303398647312129,0.9205020576851703
703,asp_logmean_no_clustering,0,0,-8.303398647312129,0.9205020576851703
703,asp_clustered_2A,0,0,-8.303398647312129,0.9205020576851703
704,vina_top1,0,0,-8.452880286235635,1.5444382307720668
704,asp_logmean_no_clustering,0,1,-8.204063330526221,2.9789874977435944
704,asp_clustered_2A,0,0,-8.452880286235635,1.5444382307720668
705,vina_top1,1,1,-9.066550876659521,0.7493434512018518
705,asp_logmean_no_clustering,1,1,-9.066550876659521,0.7493434512018518
705,asp_clustered_2A,1,1,-9.066550876659521,0.7493434512018518
706,vina_top1,1,1,-7.778893515713352,7.587952901746011
706,asp_logmean_no_clustering,1,0,-7.700471159017478,5.595147062676599
706,asp_clustered_2A,1,1,-7.778893515713352,7.587952901746011
707,vina_top1,1,0,-8.884364713327521,7.69690010163504
707,asp_logmean_no_clustering,1,0,-8.884364713327521,7.69690010163504
707,asp_clustered_2A,1,0,-8.884364713327521,7.69690010163504
708,vina_top1,0,1,-8.395275139853872,6.861058648475485
708,asp_logmean_no_clustering,0,1,-8.395275139853872,6.861058648475485
708,asp_clustered_2A,0,1,-8.395275139853872,6.861058648475485
709,vina_top1,1,0,-8.05645099975272,5.028020831344616
709,asp_logmean_no_clustering,1,0,-8.05645099975272,5.028020831344616
709,asp_clustered_2A,1,0,-8.05645099975272,5.028020831344616
710,vina_top1,0,1,-8.071800714647607,3.965307115932002
710,asp_logmean_no_clustering,0,1,-8.071800714647607,3.965307115932002
710,asp_clustered_2A,0,1,-8.071800714647607,3.965307115932002
711,vina_top1,0,1,-8.427733133134966,7.1768838640822405
711,asp_logmean_no_clustering,0,1,-8.427733133134966,7.1768838640822405
711,asp_clustered_2A,0,1,-8.427733133134966,7.1768838640822405
712,vina_top1,1,0,-7.936767812076359,6.25694516489142
712,asp_logmean_no_clustering,1,0,-7.936767812076359,6.25694516489142
712,asp_clustered_2A,1,0,-7.936767812076359,6.25694516489142
713,vina_top1,0,0,-7.98391329250786,5.534670669276318
713,asp_logmean_no_clustering,0,0,-7.98391329250786,5.534670669276318
713,asp_clustered_2A,0,0,-7.98391329250786,5.534670669276318
714,vina_top1,1,0,-9.136894799515957,4.009989350301001
714,asp_logmean_no_clustering,1,0,-9.136894799515957,4.009989350301001
714,asp_clustered_2A,1,0,-9.136894799515957,4.009989350301001
715,vina_top1,0,0,-7.884434375992203,3.4462378303279326
715,asp_logmean_no_clustering,0,1,-7.849589692683825,4.108906748818307
715,asp_clustered_2A,0,0,-7.884434375992203,3.4462378303279326
716,vina_top1,1,0,-8.183843503336334,3.5684711066531842
716,asp_logmean_no_clustering,1,0,-8.183843503336334,3.5684711066531842
716,asp_clustered_2A,1,0,-8.183843503336334,3.5684711066531842
717,vina_top1,1,1,-8.316672645225704,1.1722996384736544
717,asp_logmean_no_clustering,1,1,-8.316672645225704,1.1722996384736544
717,asp_clustered_2A,1,1,-8.316672645225704,1.1722996384736544
718,vina_top1,0,1,-8.645915966485202,5.870314927522982
718,asp_logmean_no_clustering,0,1,-8.645915966485202,5.870314927522982
718,asp_clustered_2A,0,1,-8.645915966485202,5.870314927522982
719,vina_top1,1,0,-8.825888313085297,5.6279308391944145
719,asp_logmean_no_clustering,1,0,-8.825888313085297,5.6279308391944145
719,asp_clustered_2A,1,0,-8.825888313085297,5.6279308391944145
720,vina_top1,0,1,-8.053656439478203,5.451058754867659
720,asp_logmean_no_clustering,0,1,-8.053656439478203,5.451058754867659
720,asp_clustered_2A,0,1,-8.053656439478203,5.451058754867659
721,vina_top1,0,1,-8.627970960819676,4.516400946570092
721,asp_logmean_no_clustering,0,1,-8.627970960819676,4.516400946570092
721,asp_clustered_2A,0,1,-8.627970960819676,4.516400946570092
722,vina_top1,0,1,-8.029911951268472,4.709440566068443
722,asp_logmean_no_clustering,0,0,-8.00004255259758,0.6756135326466293
722,asp_clustered_2A,0,1,-8.029911951268472,4.709440566068443
723,vina_top1,1,0,-8.579218217975454,5.417787194043174
723,asp_logmean_no_clustering,1,0,-8.579218217975454,5.417787194043174
723,asp_clustered_2A,1,0,-8.579218217975454,5.417787194043174
724,vina_top1,1,0,-8.474380273998367,5.736820358332464
724,asp_logmean_no_clustering,1,0,-8.474380273998367,5.736820358332464
724,asp_clustered_2A,1,0,-8.474380273998367,5.736820358332464
725,vina_top1,1,0,-7.910456241071423,6.435151564546196
725,asp_logmean_no_clustering,1,0,-7.910456241071423,6.435151564546196
725,asp_clustered_2A,1,0,-7.910456241071423,6.435151564546196
726,vina_top1,1,1,-7.873656378088391,3.636240707786494
726,asp_logmean_no_clustering,1,0,-7.529850671473742,3.7900002828211865
726,asp_clustered_2A,1,1,-7.873656378088391,3.636240707786494
727,vina_top1,0,1,-8.957393842249882,3.097159176004017
727,asp_logmean_no_clustering,0,1,-8.957393842249882,3.097159176004017
727,asp_clustered_2A,0,1,-8.957393842249882,3.097159176004017
728,vina_top1,1,0,-8.3590606535654,3.6700972606710494
728,asp_logmean_no_clustering,1,0,-8.3590606535654,3.6700972606710494
728,asp_clustered_2A,1,0,-8.3590606535654,3.6700972606710494
729,vina_top1,1,0,-8.327841678245939,4.847073030069379
729,asp_logmean_no_clustering,1,0,-8.327841678245939,4.847073030069379
729,asp_clustered_2A,1,0,-8.327841678245939,4.847073030069379
730,vina_top1,1,0,-8.29633630414253,6.753144938002471
730,asp_logmean_no_clustering,1,0,-8.29633630414253,6.753144938002471
730,asp_clustered_2A,1,0,-8.29633630414253,6.753144938002471
731,vina_top1,0,0,-8.090393159573257,1.826573561123993
731,asp_logmean_no_clustering,0,0,-8.090393159573257,1.826573561123993
731,asp_clustered_2A,0,0,-8.090393159573257,1.826573561123993
732,vina_top1,0,1,-8.035316893460426,5.62342473079762
732,asp_logmean_no_clustering,0,1,-8.035316893460426,5.62342473079762
732,asp_clustered_2A,0,1,-8.035316893460426,5.62342473079762
733,vina_top1,1,0,-8.222875974980557,4.2360682800522245
733,asp_logmean_no_clustering,1,0,-8.222875974980557,4.2360682800522245
733,asp_clustered_2A,1,0,-8.222875974980557,4.2360682800522245
734,vina_top1,0,1,-8.11051649518532,6.348014203595841
734,asp_logmean_no_clustering,0,1,-8.11051649518532,6.348014203595841
734,asp_clustered_2A,0,1,-8.11051649518532,6.348014203595841
735,vina_top1,1,0,-7.843909095017309,7.479236087384338
735,asp_logmean_no_clustering,1,0,-7.843909095017309,7.479236087384338
735,asp_clustered_2A,1,0,-7.843909095017309,7.479236087384338
736,vina_top1,1,0,-8.66883502280942,7.596893361742963
736,asp_logmean_no_clustering,1,0,-8.66883502280942,7.596893361742963
736,asp_clustered_2A,1,0,-8.66883502280942,7.596893361742963
737,vina_top1,0,1,-8.52652174537179,4.240142002504445
737,asp_logmean_no_clustering,0,1,-8.52652174537179,4.240142002504445
737,asp_clustered_2A,0,1,-8.52652174537179,4.240142002504445
738,vina_top1,1,0,-8.60813368297272,4.841158799103322
738,asp_logmean_no_clustering,1,0,-8.60813368297272,4.841158799103322
738,asp_clustered_2A,1,0,-8.60813368297272,4.841158799103322
739,vina_top1,0,1,-7.700225261657641,3.5249959303405385
739,asp_logmean_no_clustering,0,1,-7.700225261657641,3.5249959303405385
739,asp_clustered_2A,0,1,-7.700225261657641,3.5249959303405385
740,vina_top1,1,1,-7.787997775404316,0.7829366845920912
740,asp_logmean_no_clustering,1,0,-7.691016482550689,4.504966060601312
740,asp_clustered_2A,1,1,-7.787997775404316,0.7829366845920912
741,vina_top1,0,1,-8.091489885940717,6.0071845178368815
741,asp_logmean_no_clustering,0,1,-8.091489885940717,6.0071845178368815
741,asp_clustered_2A,0,1,-8.091489885940717,6.0071845178368815
742,vina_top1,0,1,-8.295420635604172,6.4811812845363335
742,asp_logmean_no_clustering,0,1,-8.295420635604172,6.4811812845363335
742,asp_clustered_2A,0,1,-8.295420635604172,6.4811812845363335
743,vina_top1,1,0,-8.821080339326674,2.6
743,asp_logmean_no_clustering,1,0,-8.821080339326674,2.6
743,asp_clustered_2A,1,0,-8.821080339326674,2.6
744,vina_top1,1,0,-8.836265618930467,5.752859079347678
744,asp_logmean_no_clustering,1,0,-8.836265618930467,5.752859079347678
744,asp_clustered_2A,1,0,-8.836265618930467,5.752859079347678
745,vina_top1,1,0,-8.920611122078004,5.344242076100812
745,asp_logmean_no_clustering,1,0,-8.920611122078004,5.344242076100812
745,asp_clustered_2A,1,0,-8.920611122078004,5.344242076100812
746,vina_top1,0,0,-8.35648820638555,1.6749728648770161
746,asp_logmean_no_clustering,0,0,-8.35648820638555,1.6749728648770161
746,asp_clustered_2A,0,0,-8.35648820638555,1.6749728648770161
747,vina_top1,1,1,-7.862567970615075,1.0260961376554234
747,asp_logmean_no_clustering,1,0,-7.8131562163150905,3.7912150983736694
747,asp_clustered_2A,1,1,-7.862567970615075,1.0260961376554234
748,vina_top1,1,0,-8.432917922255893,5.501614452990356
748,asp_logmean_no_clustering,1,0,-8.432917922255893,5.501614452990356
748,asp_clustered_2A,1,0,-8.432917922255893,5.501614452990356
749,vina_top1,1,0,-7.92861920419799,3.4165762124134558
749,asp_logmean_no_clustering,1,0,-7.92861920419799,3.4165762124134558
749,asp_clustered_2A,1,0,-7.92861920419799,3.4165762124134558
750,vina_top1,0,0,-7.99912148095296,4.346649051415508
750,asp_logmean_no_clustering,0,1,-7.794569040388159,6.673980151182825
750,asp_clustered_2A,0,0,-7.99912148095296,4.346649051415508
751,vina_top1,0,1,-8.487151039087586,5.785176268109046
751,asp_logmean_no_clustering,0,1,-8.487151039087586,5.785176268109046
751,asp_clustered_2A,0,1,-8.487151039087586,5.785176268109046
752,vina_top1,0,1,-8.206677784888912,5.247129342480226
752,asp_logmean_no_clustering,0,1,-8.206677784888912,5.247129342480226
752,asp_clustered_2A,0,1,-8.206677784888912,5.247129342480226
753,vina_top1,0,1,-8.049240270870316,6.746547489785523
753,asp_logmean_no_clustering,0,1,-8.049240270870316,6.746547489785523
753,asp_clustered_2A,0,1,-8.049240270870316,6.746547489785523
754,vina_top1,1,0,-7.932649691250598,4.7805976401318455
754,asp_logmean_no_clustering,1,0,-7.932649691250598,4.7805976401318455
754,asp_clustered_2A,1,0,-7.932649691250598,4.7805976401318455
755,vina_top1,0,0,-8.60872773166951,5.608562369007885
755,asp_logmean_no_clustering,0,1,-8.223029827621982,5.592510221684369
755,asp_clustered_2A,0,0,-8.60872773166951,5.608562369007885
756,vina_top1,0,1,-8.346357542603684,5.683118646681216
756,asp_logmean_no_clustering,0,1,-8.346357542603684,5.683118646681216
756,asp_clustered_2A,0,1,-8.346357542603684,5.683118646681216
757,vina_top1,1,0,-8.242657974331351,5.231072026808847
757,asp_logmean_no_clustering,1,0,-8.242657974331351,5.231072026808847
757,asp_clustered_2A,1,0,-8.242657974331351,5.231072026808847
758,vina_top1,1,0,-8.869797321487866,4.535861800761304
758,asp_logmean_no_clustering,1,0,-8.869797321487866,4.535861800761304
758,asp_clustered_2A,1,0,-8.869797321487866,4.535861800761304
759,vina_top1,1,0,-8.142139288221793,3.600785098373965
759,asp_logmean_no_clustering,1,0,-8.142139288221793,3.600785098373965
759,asp_clustered_2A,1,0,-8.142139288221793,3.600785098373965
760,vina_top1,0,1,-7.8632774451712795,3.742952762487784
760,asp_logmean_no_clustering,0,1,-7.8632774451712795,3.742952762487784
760,asp_clustered_2A,0,1,-7.8632774451712795,3.742952762487784
761,vina_top1,1,0,-8.380739872422264,3.5318408362225613
761,asp_logmean_no_clustering,1,0,-8.380739872422264,3.5318408362225613
761,asp_clustered_2A,1,0,-8.380739872422264,3.5318408362225613
762,vina_top1,0,1,-7.991032739338834,5.146858595008681
762,asp_logmean_no_clustering,0,1,-7.991032739338834,5.146858595008681
762,asp_clustered_2A,0,1,-7.991032739338834,5.146858595008681
763,vina_top1,1,0,-7.9374516497146255,4.881045808688398
763,asp_logmean_no_clustering,1,0,-7.9374516497146255,4.881045808688398
763,asp_clustered_2A,1,0,-7.9374516497146255,4.881045808688398
764,vina_top1,0,0,-8.247927276357736,0.5371862530895383
764,asp_logmean_no_clustering,0,0,-8.247927276357736,0.5371862530895383
764,asp_clustered_2A,0,0,-8.247927276357736,0.5371862530895383
765,vina_top1,0,0,-8.389138942671947,5.010394728809613
765,asp_logmean_no_clustering,0,0,-8.389138942671947,5.010394728809613
765,asp_clustered_2A,0,0,-8.389138942671947,5.010394728809613
766,vina_top1,0,0,-8.323092645304452,5.095652490368641
766,asp_logmean_no_clustering,0,0,-8.323092645304452,5.095652490368641
766,asp_clustered_2A,0,0,-8.323092645304452,5.095652490368641
767,vina_top1,1,0,-8.006621446317242,4.362149154543919
767,asp_logmean_no_clustering,1,0,-8.006621446317242,4.362149154543919
767,asp_clustered_2A,1,0,-8.006621446317242,4.362149154543919
768,vina_top1,0,1,-8.305554551073353,5.946299559221639
768,asp_logmean_no_clustering,0,1,-8.305554551073353,5.946299559221639
768,asp_clustered_2A,0,1,-8.305554551073353,5.946299559221639
769,vina_top1,0,1,-8.21389446221422,4.447164894117519
769,asp_logmean_no_clustering,0,1,-8.21389446221422,4.447164894117519
769,asp_clustered_2A,0,1,-8.21389446221422,4.447164894117519
770,vina_top1,1,0,-8.60001766994887,2.9655050046546947
770,asp_logmean_no_clustering,1,0,-8.60001766994887,2.9655050046546947
770,asp_clustered_2A,1,0,-8.60001766994887,2.9655050046546947
771,vina_top1,1,0,-8.478565815588935,2.6
771,asp_logmean_no_clustering,1,0,-8.478565815588935,2.6
771,asp_clustered_2A,1,0,-8.478565815588935,2.6
772,vina_top1,1,0,-8.047167171792639,5.897835197970014
772,asp_logmean_no_clustering,1,0,-8.047167171792639,5.897835197970014
772,asp_clustered_2A,1,0,-8.047167171792639,5.897835197970014
773,vina_top1,0,0,-8.270471223253937,5.732542409314489
773,asp_logmean_no_clustering,0,1,-8.125598503369009,6.082742621496019
773,asp_clustered_2A,0,0,-8.270471223253937,5.732542409314489
774,vina_top1,0,1,-8.52318184119159,5.311750991682154
774,asp_logmean_no_clustering,0,1,-8.52318184119159,5.311750991682154
774,asp_clustered_2A,0,1,-8.52318184119159,5.311750991682154
775,vina_top1,1,0,-8.439864884291087,4.905945178622918
775,asp_logmean_no_clustering,1,0,-8.439864884291087,4.905945178622918
775,asp_clustered_2A,1,0,-8.439864884291087,4.905945178622918
776,vina_top1,0,0,-8.010728719593972,5.050913790080283
776,asp_logmean_no_clustering,0,0,-8.010728719593972,5.050913790080283
776,asp_clustered_2A,0,0,-8.010728719593972,5.050913790080283
777,vina_top1,0,0,-8.549883188544017,2.801793517506353
777,asp_logmean_no_clustering,0,0,-8.549883188544017,2.801793517506353
777,asp_clustered_2A,0,0,-8.549883188544017,2.801793517506353
778,vina_top1,1,1,-8.844840288493472,1.499882243143642
778,asp_logmean_no_clustering,1,1,-8.844840288493472,1.499882243143642
778,asp_clustered_2A,1,1,-8.844840288493472,1.499882243143642
779,vina_top1,0,1,-8.36546031669316,5.895212915722415
779,asp_logmean_no_clustering,0,1,-8.36546031669316,5.895212915722415
779,asp_clustered_2A,0,1,-8.36546031669316,5.895212915722415
780,vina_top1,1,1,-8.022621992435967,5.056182190635665
780,asp_logmean_no_clustering,1,1,-8.022621992435967,5.056182190635665
780,asp_clustered_2A,1,1,-8.022621992435967,5.056182190635665
781,vina_top1,0,1,-8.55513048489027,5.9975020500034475
781,asp_logmean_no_clustering,0,1,-8.55513048489027,5.9975020500034475
781,asp_clustered_2A,0,1,-8.55513048489027,5.9975020500034475
782,vina_top1,0,0,-8.506153797283512,3.3645460514765464
782,asp_logmean_no_clustering,0,1,-8.096035760275331,5.411353106356939
782,asp_clustered_2A,0,0,-8.506153797283512,3.3645460514765464
783,vina_top1,1,0,-8.36108922939,4.390563795109611
783,asp_logmean_no_clustering,1,0,-8.36108922939,4.390563795109611
783,asp_clustered_2A,1,0,-8.36108922939,4.390563795109611
784,vina_top1,1,0,-9.072932477792607,6.624206295870213
784,asp_logmean_no_clustering,1,0,-9.072932477792607,6.624206295870213
784,asp_clustered_2A,1,0,-9.072932477792607,6.624206295870213
785,vina_top1,0,1,-8.033164097983681,2.806562024727683
785,asp_logmean_no_clustering,0,1,-8.033164097983681,2.806562024727683
785,asp_clustered_2A,0,1,-8.033164097983681,2.806562024727683
786,vina_top1,1,0,-8.09380611993131,5.143337358015386
786,asp_logmean_no_clustering,1,0,-8.09380611993131,5.143337358015386
786,asp_clustered_2A,1,0,-8.09380611993131,5.143337358015386
787,vina_top1,1,0,-9.155346122055738,2.9315481476223546
787,asp_logmean_no_clustering,1,0,-9.155346122055738,2.9315481476223546
787,asp_clustered_2A,1,0,-9.155346122055738,2.9315481476223546
788,vina_top1,1,1,-8.323044301804684,0.7509205692824518
788,asp_logmean_no_clustering,1,1,-8.323044301804684,0.7509205692824518
788,asp_clustered_2A,1,1,-8.323044301804684,0.7509205692824518
789,vina_top1,0,1,-7.88718181064576,5.340640783420207
789,asp_logmean_no_clustering,0,1,-7.88718181064576,5.340640783420207
789,asp_clustered_2A,0,1,-7.88718181064576,5.340640783420207
790,vina_top1,0,1,-8.639695433965834,5.137087421207734
790,asp_logmean_no_clustering,0,1,-8.639695433965834,5.137087421207734
790,asp_clustered_2A,0,1,-8.639695433965834,5.137087421207734
791,vina_top1,1,1,-8.7332798630847,5.2806107773950455
791,asp_logmean_no_clustering,1,0,-8.520601665989961,4.4658209681982175
791,asp_clustered_2A,1,1,-8.7332798630847,5.2806107773950455
792,vina_top1,1,0,-7.964676339374984,5.389054754246666
792,asp_logmean_no_clustering,1,0,-7.964676339374984,5.389054754246666
792,asp_clustered_2A,1,0,-7.964676339374984,5.389054754246666
793,vina_top1,0,0,-8.913869350779999,6.280522624018045
793,asp_logmean_no_clustering,0,0,-8.913869350779999,6.280522624018045
793,asp_clustered_2A,0,0,-8.913869350779999,6.280522624018045
794,vina_top1,1,0,-7.8841834147225,2.65326870977149
794,asp_logmean_no_clustering,1,0,-7.8841834147225,2.65326870977149
794,asp_clustered_2A,1,0,-7.8841834147225,2.65326870977149
795,vina_top1,1,0,-8.608154042489915,5.444865462285886
795,asp_logmean_no_clustering,1,0,-8.608154042489915,5.444865462285886
795,asp_clustered_2A,1,0,-8.608154042489915,5.444865462285886
796,vina_top1,1,0,-8.199665469156677,3.79655248573566
796,asp_logmean_no_clustering,1,0,-8.199665469156677,3.79655248573566
796,asp_clustered_2A,1,0,-8.199665469156677,3.79655248573566
797,vina_top1,1,0,-8.24498787040127,4.9339907847376185
797,asp_logmean_no_clustering,1,0,-8.24498787040127,4.9339907847376185
797,asp_clustered_2A,1,0,-8.24498787040127,4.9339907847376185
798,vina_top1,1,0,-8.894234400595868,6.65118222640468
798,asp_logmean_no_clustering,1,0,-8.894234400595868,6.65118222640468
798,asp_clustered_2A,1,0,-8.894234400595868,6.65118222640468
799,vina_top1,0,1,-8.137416158492682,4.503140495926199
799,asp_logmean_no_clustering,0,1,-8.137416158492682,4.503140495926199
799,asp_clustered_2A,0,1,-8.137416158492682,4.503140495926199
800,vina_top1,0,0,-8.498261076347632,1.526836135260246
800,asp_logmean_no_clustering,0,1,-8.322365384037063,6.660777330219702
800,asp_clustered_2A,0,0,-8.498261076347632,1.526836135260246
801,vina_top1,0,1,-8.558458429988397,6.03750583381072
801,asp_logmean_no_clustering,0,1,-8.558458429988397,6.03750583381072
801,asp_clustered_2A,0,1,-8.558458429988397,6.03750583381072
802,vina_top1,1,0,-8.443476845520902,2.6
802,asp_logmean_no_clustering,1,0,-8.443476845520902,2.6
802,asp_clustered_2A,1,0,-8.443476845520902,2.6
803,vina_top1,0,0,-8.226235192545424,3.9118098954937754
803,asp_logmean_no_clustering,0,0,-8.226235192545424,3.9118098954937754
803,asp_clustered_2A,0,0,-8.226235192545424,3.9118098954937754
804,vina_top1,0,1,-8.67729056540521,5.278903812364305
804,asp_logmean_no_clustering,0,1,-8.67729056540521,5.278903812364305
804,asp_clustered_2A,0,1,-8.67729056540521,5.278903812364305
805,vina_top1,1,1,-7.881529802907996,1.1009930263152476
805,asp_logmean_no_clustering,1,1,-7.881529802907996,1.1009930263152476
805,asp_clustered_2A,1,1,-7.881529802907996,1.1009930263152476
806,vina_top1,1,0,-8.108784364803045,4.6572367157667385
806,asp_logmean_no_clustering,1,0,-8.108784364803045,4.6572367157667385
806,asp_clustered_2A,1,0,-8.108784364803045,4.6572367157667385
807,vina_top1,0,1,-8.860727165135275,4.120619959874942
807,asp_logmean_no_clustering,0,1,-8.860727165135275,4.120619959874942
807,asp_clustered_2A,0,1,-8.860727165135275,4.120619959874942
808,vina_top1,0,1,-8.335500074455975,2.768048339626474
808,asp_logmean_no_clustering,0,1,-8.335500074455975,2.768048339626474
808,asp_clustered_2A,0,1,-8.335500074455975,2.768048339626474
809,vina_top1,0,0,-8.363610813481545,1.1315891744101017
809,asp_logmean_no_clustering,0,1,-8.32719744823543,3.8357737620143255
809,asp_clustered_2A,0,0,-8.363610813481545,1.1315891744101017
810,vina_top1,1,0,-8.024328456386217,4.481545577147212
810,asp_logmean_no_clustering,1,0,-8.024328456386217,4.481545577147212
810,asp_clustered_2A,1,0,-8.024328456386217,4.481545577147212
811,vina_top1,1,0,-9.008862556229351,4.636276215065114
811,asp_logmean_no_clustering,1,0,-9.008862556229351,4.636276215065114
811,asp_clustered_2A,1,0,-9.008862556229351,4.636276215065114
812,vina_top1,1,1,-8.305611802420769,5.356825568303744
812,asp_logmean_no_clustering,1,0,-8.060105139220106,5.731903644873443
812,asp_clustered_2A,1,1,-8.305611802420769,5.356825568303744
813,vina_top1,1,1,-8.208437477586905,1.1501060863128358
813,asp_logmean_no_clustering,1,1,-8.208437477586905,1.1501060863128358
813,asp_clustered_2A,1,1,-8.208437477586905,1.1501060863128358
814,vina_top1,0,0,-7.934731778244784,0.9907939184435038
814,asp_logmean_no_clustering,0,1,-7.899030187918091,5.374444137303517
814,asp_clustered_2A,0,0,-7.934731778244784,0.9907939184435038
815,vina_top1,1,0,-8.431925345966155,4.074839508395382
815,asp_logmean_no_clustering,1,0,-8.431925345966155,4.074839508395382
815,asp_clustered_2A,1,0,-8.431925345966155,4.074839508395382
816,vina_top1,1,0,-8.380434371889978,3.826718823392697
816,asp_logmean_no_clustering,1,0,-8.380434371889978,3.826718823392697
816,asp_clustered_2A,1,0,-8.380434371889978,3.826718823392697
817,vina_top1,0,1,-8.49097863153352,3.110171704584837
817,asp_logmean_no_clustering,0,1,-8.49097863153352,3.110171704584837
817,asp_clustered_2A,0,1,-8.49097863153352,3.110171704584837
818,vina_top1,1,0,-8.32935146091663,5.49296439821401
818,asp_logmean_no_clustering,1,0,-8.32935146091663,5.49296439821401
818,asp_clustered_2A,1,0,-8.32935146091663,5.49296439821401
819,vina_top1,1,0,-8.304804844492907,6.015461433555304
819,asp_logmean_no_clustering,1,0,-8.304804844492907,6.015461433555304
819,asp_clustered_2A,1,0,-8.304804844492907,6.015461433555304
820,vina_top1,0,0,-8.829833673496585,2.6542882651043636
820,asp_logmean_no_clustering,0,1,-8.083026839150692,4.512736403932083
820,asp_clustered_2A,0,0,-8.829833673496585,2.6542882651043636
821,vina_top1,0,0,-7.931548216063072,4.892005046768065
821,asp_logmean_no_clustering,0,1,-7.657529056106759,3.1371354754592904
821,asp_clustered_2A,0,0,-7.931548216063072,4.892005046768065
822,vina_top1,0,1,-7.565954259035311,4.8870326765061165
822,asp_logmean_no_clustering,0,1,-7.565954259035311,4.8870326765061165
822,asp_clustered_2A,0,1,-7.565954259035311,4.8870326765061165
823,vina_top1,1,0,-9.002179226135397,4.120002839043943
823,asp_logmean_no_clustering,1,0,-9.002179226135397,4.120002839043943
823,asp_clustered_2A,1,0,-9.002179226135397,4.120002839043943
824,vina_top1,0,1,-8.394461957643102,5.434736930359286
824,asp_logmean_no_clustering,0,1,-8.394461957643102,5.434736930359286
824,asp_clustered_2A,0,1,-8.394461957643102,5.434736930359286
825,vina_top1,1,0,-7.79831578462775,5.4985686652661165
825,asp_logmean_no_clustering,1,0,-7.79831578462775,5.4985686652661165
825,asp_clustered_2A,1,0,-7.79831578462775,5.4985686652661165
826,vina_top1,1,0,-8.050858052580375,4.930574697161712
826,asp_logmean_no_clustering,1,0,-8.050858052580375,4.930574697161712
826,asp_clustered_2A,1,0,-8.050858052580375,4.930574697161712
827,vina_top1,0,1,-8.424588856614944,6.191484630969308
827,asp_logmean_no_clustering,0,1,-8.424588856614944,6.191484630969308
827,asp_clustered_2A,0,1,-8.424588856614944,6.191484630969308
828,vina_top1,0,0,-8.544479586597092,4.750578052548786
828,asp_logmean_no_clustering,0,1,-8.540438951712707,6.128912196625771
828,asp_clustered_2A,0,0,-8.544479586597092,4.750578052548786
829,vina_top1,0,0,-8.74305322542245,7.491141425545648
829,asp_logmean_no_clustering,0,0,-8.74305322542245,7.491141425545648
829,asp_clustered_2A,0,0,-8.74305322542245,7.491141425545648
830,vina_top1,1,0,-8.389307083390015,6.880951361283368
830,asp_logmean_no_clustering,1,0,-8.389307083390015,6.880951361283368
830,asp_clustered_2A,1,0,-8.389307083390015,6.880951361283368
831,vina_top1,0,1,-7.975200308681363,5.582932550570157
831,asp_logmean_no_clustering,0,1,-7.975200308681363,5.582932550570157
831,asp_clustered_2A,0,1,-7.975200308681363,5.582932550570157
832,vina_top1,0,1,-7.830517491438755,5.94766897519394
832,asp_logmean_no_clustering,0,1,-7.830517491438755,5.94766897519394
832,asp_clustered_2A,0,1,-7.830517491438755,5.94766897519394
833,vina_top1,1,1,-8.036719918149169,1.0790288179706717
833,asp_logmean_no_clustering,1,1,-8.036719918149169,1.0790288179706717
833,asp_clustered_2A,1,1,-8.036719918149169,1.0790288179706717
834,vina_top1,1,0,-9.13172827615993,6.318405862094309
834,asp_logmean_no_clustering,1,0,-9.13172827615993,6.318405862094309
834,asp_clustered_2A,1,0,-9.13172827615993,6.318405862094309
835,vina_top1,0,1,-8.134355864381135,3.9541895366512962
835,asp_logmean_no_clustering,0,1,-8.134355864381135,3.9541895366512962
835,asp_clustered_2A,0,1,-8.134355864381135,3.9541895366512962
836,vina_top1,1,1,-8.348786337788601,5.350286993942612
836,asp_logmean_no_clustering,1,0,-8.255670099575864,4.376427417589006
836,asp_clustered_2A,1,1,-8.348786337788601,5.350286993942612
837,vina_top1,1,0,-8.347860671932196,3.805695524948322
837,asp_logmean_no_clustering,1,0,-8.347860671932196,3.805695524948322
837,asp_clustered_2A,1,0,-8.347860671932196,3.805695524948322
838,vina_top1,1,0,-9.060468159874256,4.703159203123729
838,asp_logmean_no_clustering,1,0,-9.060468159874256,4.703159203123729
838,asp_clustered_2A,1,0,-9.060468159874256,4.703159203123729
839,vina_top1,1,1,-8.469189672094071,5.949199398664685
839,asp_logmean_no_clustering,1,1,-8.469189672094071,5.949199398664685
839,asp_clustered_2A,1,1,-8.469189672094071,5.949199398664685
840,vina_top1,0,1,-8.273017266256288,6.070780787397875
840,asp_logmean_no_clustering,0,1,-8.273017266256288,6.070780787397875
840,asp_clustered_2A,0,1,-8.273017266256288,6.070780787397875
841,vina_top1,0,1,-8.342734299357504,5.308867841896617
841,asp_logmean_no_clustering,0,1,-8.342734299357504,5.308867841896617
841,asp_clustered_2A,0,1,-8.342734299357504,5.308867841896617
842,vina_top1,1,1,-7.983599566289169,0.8548214889701058
842,asp_logmean_no_clustering,1,0,-7.931948486565961,5.82442897224662
842,asp_clustered_2A,1,1,-7.983599566289169,0.8548214889701058
843,vina_top1,0,0,-8.097497253362226,1.5800218804952972
843,asp_logmean_no_clustering,0,1,-7.963846743199907,5.84388678049258
843,asp_clustered_2A,0,0,-8.097497253362226,1.5800218804952972
844,vina_top1,0,1,-8.6589565444102,4.362386706496498
844,asp_logmean_no_clustering,0,1,-8.6589565444102,4.362386706496498
844,asp_clustered_2A,0,1,-8.6589565444102,4.362386706496498
845,vina_top1,0,1,-8.480527516027205,4.077968348730076
845,asp_logmean_no_clustering,0,1,-8.480527516027205,4.077968348730076
845,asp_clustered_2A,0,1,-8.480527516027205,4.077968348730076
846,vina_top1,1,1,-8.474381089642474,5.284846690290268
846,asp_logmean_no_clustering,1,0,-8.148450207478108,4.488136156728143
846,asp_clustered_2A,1,1,-8.474381089642474,5.284846690290268
847,vina_top1,1,0,-8.835291757796984,3.90709618954905
847,asp_logmean_no_clustering,1,0,-8.835291757796984,3.90709618954905
847,asp_clustered_2A,1,0,-8.835291757796984,3.90709618954905
848,vina_top1,1,0,-8.765006293978919,5.061183692086345
848,asp_logmean_no_clustering,1,0,-8.765006293978919,5.061183692086345
848,asp_clustered_2A,1,0,-8.765006293978919,5.061183692086345
849,vina_top1,1,1,-8.539064467047448,1.4710975467617649
849,asp_logmean_no_clustering,1,1,-8.539064467047448,1.4710975467617649
849,asp_clustered_2A,1,1,-8.539064467047448,1.4710975467617649
850,vina_top1,1,1,-8.874456509001096,1.1913583401261274
850,asp_logmean_no_clustering,1,1,-8.874456509001096,1.1913583401261274
850,asp_clustered_2A,1,1,-8.874456509001096,1.1913583401261274
851,vina_top1,0,0,-7.679504461447872,6.822599497580163
851,asp_logmean_no_clustering,0,1,-7.6059108586880875,5.192007583261441
851,asp_clustered_2A,0,0,-7.679504461447872,6.822599497580163
852,vina_top1,1,0,-9.07089372074254,6.367490562435647
852,asp_logmean_no_clustering,1,0,-9.07089372074254,6.367490562435647
852,asp_clustered_2A,1,0,-9.07089372074254,6.367490562435647
853,vina_top1,0,1,-7.732195998290053,5.005303114721957
853,asp_logmean_no_clustering,0,1,-7.732195998290053,5.005303114721957
853,asp_clustered_2A,0,1,-7.732195998290053,5.005303114721957
854,vina_top1,1,1,-8.304356041162963,3.4760424303411055
854,asp_logmean_no_clustering,1,1,-8.304356041162963,3.4760424303411055
854,asp_clustered_2A,1,1,-8.304356041162963,3.4760424303411055
855,vina_top1,1,1,-8.25280076688523,4.6649222676334805
855,asp_logmean_no_clustering,1,0,-8.138463619655095,6.578893773505358
855,asp_clustered_2A,1,1,-8.25280076688523,4.6649222676334805
856,vina_top1,1,1,-7.963227042302005,0.7874072500544865
856,asp_logmean_no_clustering,1,0,-7.801748328275734,5.80280331631938
856,asp_clustered_2A,1,1,-7.963227042302005,0.7874072500544865
857,vina_top1,0,1,-8.639030596870178,6.192085690242644
857,asp_logmean_no_clustering,0,1,-8.639030596870178,6.192085690242644
857,asp_clustered_2A,0,1,-8.639030596870178,6.192085690242644
858,vina_top1,0,1,-8.181167154936785,3.0080909144994648
858,asp_logmean_no_clustering,0,1,-8.181167154936785,3.0080909144994648
858,asp_clustered_2A,0,1,-8.181167154936785,3.0080909144994648
859,vina_top1,1,0,-8.894959396949849,4.178610148229422
859,asp_logmean_no_clustering,1,0,-8.894959396949849,4.178610148229422
859,asp_clustered_2A,1,0,-8.894959396949849,4.178610148229422
860,vina_top1,0,1,-9.03357001484471,3.5230490758791992
860,asp_logmean_no_clustering,0,1,-9.03357001484471,3.5230490758791992
860,asp_clustered_2A,0,1,-9.03357001484471,3.5230490758791992
861,vina_top1,1,1,-8.242962676439088,1.8218291640405253
861,asp_logmean_no_clustering,1,0,-7.796698000264883,4.3874411501030295
861,asp_clustered_2A,1,1,-8.242962676439088,1.8218291640405253
862,vina_top1,1,0,-8.449572334362108,4.41078935914086
862,asp_logmean_no_clustering,1,0,-8.449572334362108,4.41078935914086
862,asp_clustered_2A,1,0,-8.449572334362108,4.41078935914086
863,vina_top1,1,0,-8.754407111759345,6.698577967367711
863,asp_logmean_no_clustering,1,0,-8.754407111759345,6.698577967367711
863,asp_clustered_2A,1,0,-8.754407111759345,6.698577967367711
864,vina_top1,0,0,-8.013443138502346,4.724800501222491
864,asp_logmean_no_clustering,0,1,-7.76229636879012,5.2361831082148225
864,asp_clustered_2A,0,0,-8.013443138502346,4.724800501222491
865,vina_top1,1,1,-7.913229148160766,2.2201408513116063
865,asp_logmean_no_clustering,1,1,-7.913229148160766,2.2201408513116063
865,asp_clustered_2A,1,1,-7.913229148160766,2.2201408513116063
866,vina_top1,1,1,-8.6460894372894,1.9102782951844963
866,asp_logmean_no_clustering,1,1,-8.6460894372894,1.9102782951844963
866,asp_clustered_2A,1,1,-8.6460894372894,1.9102782951844963
867,vina_top1,1,1,-8.299326137994381,0.9825751787811061
867,asp_logmean_no_clustering,1,0,-7.992152529422105,7.818498952696848
867,asp_clustered_2A,1,1,-8.299326137994381,0.9825751787811061
868,vina_top1,1,0,-8.04393857333126,5.98380308494958
868,asp_logmean_no_clustering,1,0,-8.04393857333126,5.98380308494958
868,asp_clustered_2A,1,0,-8.04393857333126,5.98380308494958
869,vina_top1,0,1,-8.173967940015638,3.6654974039058947
869,asp_logmean_no_clustering,0,1,-8.173967940015638,3.6654974039058947
869,asp_clustered_2A,0,1,-8.173967940015638,3.6654974039058947
870,vina_top1,0,1,-8.331484021465963,4.243143425744828
870,asp_logmean_no_clustering,0,1,-8.331484021465963,4.243143425744828
870,asp_clustered_2A,0,1,-8.331484021465963,4.243143425744828
871,vina_top1,1,0,-8.522808010232684,4.202036224311492
871,asp_logmean_no_clustering,1,0,-8.522808010232684,4.202036224311492
871,asp_clustered_2A,1,0,-8.522808010232684,4.202036224311492
872,vina_top1,0,1,-7.793575607397281,3.3176361161793992
872,asp_logmean_no_clustering,0,1,-7.793575607397281,3.3176361161793992
872,asp_clustered_2A,0,1,-7.793575607397281,3.3176361161793992
873,vina_top1,1,1,-8.201506422315616,5.286555970039719
873,asp_logmean_no_clustering,1,0,-7.850210981969891,5.25537481839554
873,asp_clustered_2A,1,1,-8.201506422315616,5.286555970039719
874,vina_top1,1,0,-8.141251136639996,7.985969974464753
874,asp_logmean_no_clustering,1,0,-8.141251136639996,7.985969974464753
874,asp_clustered_2A,1,0,-8.141251136639996,7.985969974464753
875,vina_top1,0,0,-8.568395888122733,1.0498688067312398
875,asp_logmean_no_clustering,0,1,-8.525982655219062,5.531704798209729
875,asp_clustered_2A,0,0,-8.568395888122733,1.0498688067312398
876,vina_top1,0,0,-8.347454091137907,1.915022998847872
876,asp_logmean_no_clustering,0,1,-8.074969136399222,5.011262472784959
876,asp_clustered_2A,0,0,-8.347454091137907,1.915022998847872
877,vina_top1,1,1,-8.1377733231601,4.822731348522914
877,asp_logmean_no_clustering,1,0,-8.044981202264868,3.164485081246557
877,asp_clustered_2A,1,1,-8.1377733231601,4.822731348522914
878,vina_top1,1,0,-9.009796020839644,2.7208034924285562
878,asp_logmean_no_clustering,1,0,-9.009796020839644,2.7208034924285562
878,asp_clustered_2A,1,0,-9.009796020839644,2.7208034924285562
879,vina_top1,0,1,-8.450768776379089,5.372300670734615
879,asp_logmean_no_clustering,0,1,-8.450768776379089,5.372300670734615
879,asp_clustered_2A,0,1,-8.450768776379089,5.372300670734615
880,vina_top1,0,0,-8.364811534461586,3.0130654977421285
880,asp_logmean_no_clustering,0,0,-8.364811534461586,3.0130654977421285
880,asp_clustered_2A,0,0,-8.364811534461586,3.0130654977421285
881,vina_top1,1,0,-8.528923577033733,7.0081220855300534
881,asp_logmean_no_clustering,1,0,-8.528923577033733,7.0081220855300534
881,asp_clustered_2A,1,0,-8.528923577033733,7.0081220855300534
882,vina_top1,0,1,-8.983706480521128,4.948089422543763
882,asp_logmean_no_clustering,0,1,-8.983706480521128,4.948089422543763
882,asp_clustered_2A,0,1,-8.983706480521128,4.948089422543763
883,vina_top1,1,1,-8.460525017017225,3.9808831171320973
883,asp_logmean_no_clustering,1,1,-8.460525017017225,3.9808831171320973
883,asp_clustered_2A,1,1,-8.460525017017225,3.9808831171320973
884,vina_top1,0,1,-7.866238352005521,4.504894627808824
884,asp_logmean_no_clustering,0,1,-7.866238352005521,4.504894627808824
884,asp_clustered_2A,0,1,-7.866238352005521,4.504894627808824
885,vina_top1,0,1,-8.83786879076418,4.676513655238171
885,asp_logmean_no_clustering,0,1,-8.83786879076418,4.676513655238171
885,asp_clustered_2A,0,1,-8.83786879076418,4.676513655238171
886,vina_top1,1,0,-8.593631598755952,4.3625696227049025
886,asp_logmean_no_clustering,1,0,-8.593631598755952,4.3625696227049025
886,asp_clustered_2A,1,0,-8.593631598755952,4.3625696227049025
887,vina_top1,1,1,-8.287477778763794,4.2027350922535955
887,asp_logmean_no_clustering,1,0,-8.156373777647877,5.155072828666126
887,asp_clustered_2A,1,1,-8.287477778763794,4.2027350922535955
888,vina_top1,0,1,-7.873705402416968,6.0917155310850895
888,asp_logmean_no_clustering,0,1,-7.873705402416968,6.0917155310850895
888,asp_clustered_2A,0,1,-7.873705402416968,6.0917155310850895
889,vina_top1,0,1,-7.980771859297496,6.57323219313103
889,asp_logmean_no_clustering,0,1,-7.980771859297496,6.57323219313103
889,asp_clustered_2A,0,1,-7.980771859297496,6.57323219313103
890,vina_top1,0,1,-8.609889328449425,2.8910346299404015
890,asp_logmean_no_clustering,0,1,-8.609889328449425,2.8910346299404015
890,asp_clustered_2A,0,1,-8.609889328449425,2.8910346299404015
891,vina_top1,0,0,-7.8102449648984145,0.5819904919758186
891,asp_logmean_no_clustering,0,1,-7.76156967865673,3.294377859792874
891,asp_clustered_2A,0,0,-7.8102449648984145,0.5819904919758186
892,vina_top1,1,0,-7.92404790157939,5.162825886858336
892,asp_logmean_no_clustering,1,0,-7.92404790157939,5.162825886858336
892,asp_clustered_2A,1,0,-7.92404790157939,5.162825886858336
893,vina_top1,1,1,-8.241471077512301,1.4734902471856182
893,asp_logmean_no_clustering,1,1,-8.241471077512301,1.4734902471856182
893,asp_clustered_2A,1,1,-8.241471077512301,1.4734902471856182
894,vina_top1,0,1,-8.83648925915157,5.159924761730725
894,asp_logmean_no_clustering,0,1,-8.83648925915157,5.159924761730725
894,asp_clustered_2A,0,1,-8.83648925915157,5.159924761730725
895,vina_top1,1,0,-8.823347622622007,4.9065778857967635
895,asp_logmean_no_clustering,1,0,-8.823347622622007,4.9065778857967635
895,asp_clustered_2A,1,0,-8.823347622622007,4.9065778857967635
896,vina_top1,0,1,-8.218328639153356,7.1613940328218035
896,asp_logmean_no_clustering,0,1,-8.218328639153356,7.1613940328218035
896,asp_clustered_2A,0,1,-8.218328639153356,7.1613940328218035
897,vina_top1,0,0,-7.800913471693931,5.609646789638874
897,asp_logmean_no_clustering,0,0,-7.800913471693931,5.609646789638874
897,asp_clustered_2A,0,0,-7.800913471693931,5.609646789638874
898,vina_top1,0,0,-8.138226269693769,3.758788832174375
898,asp_logmean_no_clustering,0,1,-8.08135157950085,5.361469729562978
898,asp_clustered_2A,0,0,-8.138226269693769,3.758788832174375
899,vina_top1,1,1,-8.320481501457255,5.270967113493592
899,asp_logmean_no_clustering,1,0,-8.147940885736684,3.6493077917504237
899,asp_clustered_2A,1,1,-8.320481501457255,5.270967113493592
900,vina_top1,1,1,-8.17277231272865,1.4977380125982143
900,asp_logmean_no_clustering,1,1,-8.17277231272865,1.4977380125982143
900,asp_clustered_2A,1,1,-8.17277231272865,1.4977380125982143
901,vina_top1,1,0,-8.606319441834527,3.9027910740014096
901,asp_logmean_no_clustering,1,0,-8.606319441834527,3.9027910740014096
901,asp_clustered_2A,1,0,-8.606319441834527,3.9027910740014096
902,vina_top1,0,1,-8.558720012976714,5.197046107231623
902,asp_logmean_no_clustering,0,1,-8.558720012976714,5.197046107231623
902,asp_clustered_2A,0,1,-8.558720012976714,5.197046107231623
903,vina_top1,1,0,-7.942997461540043,4.316562231511968
903,asp_logmean_no_clustering,1,0,-7.942997461540043,4.316562231511968
903,asp_clustered_2A,1,0,-7.942997461540043,4.316562231511968
904,vina_top1,0,1,-8.331558524904453,8.68517362272935
904,asp_logmean_no_clustering,0,1,-8.331558524904453,8.68517362272935
904,asp_clustered_2A,0,1,-8.331558524904453,8.68517362272935
905,vina_top1,1,1,-9.014072245628196,5.211670438604423
905,asp_logmean_no_clustering,1,0,-8.741335707748917,4.476176534180571
905,asp_clustered_2A,1,1,-9.014072245628196,5.211670438604423
906,vina_top1,0,1,-8.490505088435418,5.1783263461394
906,asp_logmean_no_clustering,0,1,-8.490505088435418,5.1783263461394
906,asp_clustered_2A,0,1,-8.490505088435418,5.1783263461394
907,vina_top1,1,0,-8.538841097308328,6.683328415390783
907,asp_logmean_no_clustering,1,0,-8.538841097308328,6.683328415390783
907,asp_clustered_2A,1,0,-8.538841097308328,6.683328415390783
908,vina_top1,1,0,-8.569202373142911,6.097787323169225
908,asp_logmean_no_clustering,1,0,-8.569202373142911,6.097787323169225
908,asp_clustered_2A,1,0,-8.569202373142911,6.097787323169225
909,vina_top1,0,1,-8.15443518721457,2.6
909,asp_logmean_no_clustering,0,1,-8.15443518721457,2.6
909,asp_clustered_2A,0,1,-8.15443518721457,2.6
910,vina_top1,0,0,-8.526929427855437,7.534571794556477
910,asp_logmean_no_clustering,0,0,-8.526929427855437,7.534571794556477
910,asp_clustered_2A,0,0,-8.526929427855437,7.534571794556477
911,vina_top1,1,0,-8.27324511058022,6.969185518048287
911,asp_logmean_no_clustering,1,0,-8.27324511058022,6.969185518048287
911,asp_clustered_2A,1,0,-8.27324511058022,6.969185518048287
912,vina_top1,1,1,-8.201077789565126,2.0781736249085894
912,asp_logmean_no_clustering,1,1,-8.201077789565126,2.0781736249085894
912,asp_clustered_2A,1,1,-8.201077789565126,2.0781736249085894
913,vina_top1,1,0,-8.56146330176197,6.529072749632869
913,asp_logmean_no_clustering,1,0,-8.56146330176197,6.529072749632869
913,asp_clustered_2A,1,0,-8.56146330176197,6.529072749632869
914,vina_top1,1,1,-8.042570948257104,5.85324650334299
914,asp_logmean_no_clustering,1,0,-7.962985417559983,3.5249013357864083
914,asp_clustered_2A,1,1,-8.042570948257104,5.85324650334299
915,vina_top1,1,0,-7.918473523034409,7.108779356123152
915,asp_logmean_no_clustering,1,0,-7.918473523034409,7.108779356123152
915,asp_clustered_2A,1,0,-7.918473523034409,7.108779356123152
916,vina_top1,0,1,-8.433774628220194,5.132286016624656
916,asp_logmean_no_clustering,0,1,-8.433774628220194,5.132286016624656
916,asp_clustered_2A,0,1,-8.433774628220194,5.132286016624656
917,vina_top1,1,0,-8.31799590184326,3.1272471849685184
917,asp_logmean_no_clustering,1,0,-8.31799590184326,3.1272471849685184
917,asp_clustered_2A,1,0,-8.31799590184326,3.1272471849685184
918,vina_top1,0,1,-8.583701881373395,5.063021233908738
918,asp_logmean_no_clustering,0,1,-8.583701881373395,5.063021233908738
918,asp_clustered_2A,0,1,-8.583701881373395,5.063021233908738
919,vina_top1,0,1,-8.024429480273065,3.944645263892495
919,asp_logmean_no_clustering,0,1,-8.024429480273065,3.944645263892495
919,asp_clustered_2A,0,1,-8.024429480273065,3.944645263892495
920,vina_top1,0,0,-7.861398355720984,5.176360313561884
920,asp_logmean_no_clustering,0,1,-7.715437911522018,5.19257084161349
920,asp_clustered_2A,0,0,-7.861398355720984,5.176360313561884
921,vina_top1,0,1,-8.301751858064582,5.614119243901762
921,asp_logmean_no_clustering,0,1,-8.301751858064582,5.614119243901762
921,asp_clustered_2A,0,1,-8.301751858064582,5.614119243901762
922,vina_top1,0,1,-8.52567339812394,4.817079098023677
922,asp_logmean_no_clustering,0,1,-8.52567339812394,4.817079098023677
922,asp_clustered_2A,0,1,-8.52567339812394,4.817079098023677
923,vina_top1,1,1,-8.265120790874798,1.4606168366858463
923,asp_logmean_no_clustering,1,0,-8.180358397484644,4.102486309965464
923,asp_clustered_2A,1,1,-8.265120790874798,1.4606168366858463
924,vina_top1,1,0,-8.583757432219926,6.133254598439119
924,asp_logmean_no_clustering,1,0,-8.583757432219926,6.133254598439119
924,asp_clustered_2A,1,0,-8.583757432219926,6.133254598439119
925,vina_top1,0,1,-8.127230662852032,6.200397520566744
925,asp_logmean_no_clustering,0,1,-8.127230662852032,6.200397520566744
925,asp_clustered_2A,0,1,-8.127230662852032,6.200397520566744
926,vina_top1,0,1,-7.824374713896072,4.684120549196542
926,asp_logmean_no_clustering,0,1,-7.824374713896072,4.684120549196542
926,asp_clustered_2A,0,1,-7.824374713896072,4.684120549196542
927,vina_top1,1,0,-8.008869559980532,3.789389640254319
927,asp_logmean_no_clustering,1,0,-8.008869559980532,3.789389640254319
927,asp_clustered_2A,1,0,-8.008869559980532,3.789389640254319
928,vina_top1,1,0,-8.98899406954795,3.839488300786895
928,asp_logmean_no_clustering,1,0,-8.98899406954795,3.839488300786895
928,asp_clustered_2A,1,0,-8.98899406954795,3.839488300786895
929,vina_top1,0,1,-8.52509866320912,4.412254207617365
929,asp_logmean_no_clustering,0,1,-8.52509866320912,4.412254207617365
929,asp_clustered_2A,0,1,-8.52509866320912,4.412254207617365
930,vina_top1,1,0,-8.637876145844038,6.58158712837777
930,asp_logmean_no_clustering,1,0,-8.637876145844038,6.58158712837777
930,asp_clustered_2A,1,0,-8.637876145844038,6.58158712837777
931,vina_top1,1,0,-8.614351123032328,4.732396763904878
931,asp_logmean_no_clustering,1,0,-8.614351123032328,4.732396763904878
931,asp_clustered_2A,1,0,-8.614351123032328,4.732396763904878
932,vina_top1,0,1,-8.20973348985871,4.848513299250835
932,asp_logmean_no_clustering,0,1,-8.20973348985871,4.848513299250835
932,asp_clustered_2A,0,1,-8.20973348985871,4.848513299250835
933,vina_top1,0,0,-8.152030799720142,4.8537864311564345
933,asp_logmean_no_clustering,0,0,-8.152030799720142,4.8537864311564345
933,asp_clustered_2A,0,0,-8.152030799720142,4.8537864311564345
934,vina_top1,0,1,-8.772238787474992,7.389060397552908
934,asp_logmean_no_clustering,0,1,-8.772238787474992,7.389060397552908
934,asp_clustered_2A,0,1,-8.772238787474992,7.389060397552908
935,vina_top1,0,1,-8.27921842126586,2.8526550267602406
935,asp_logmean_no_clustering,0,1,-8.27921842126586,2.8526550267602406
935,asp_clustered_2A,0,1,-8.27921842126586,2.8526550267602406
936,vina_top1,1,0,-8.369462197935142,5.033489661012533
936,asp_logmean_no_clustering,1,0,-8.369462197935142,5.033489661012533
936,asp_clustered_2A,1,0,-8.369462197935142,5.033489661012533
937,vina_top1,0,0,-8.27857729828688,1.698730143265811
937,asp_logmean_no_clustering,0,0,-8.27857729828688,1.698730143265811
937,asp_clustered_2A,0,0,-8.27857729828688,1.698730143265811
938,vina_top1,1,1,-8.493848636283012,1.8485588722957436
938,asp_logmean_no_clustering,1,1,-8.493848636283012,1.8485588722957436
938,asp_clustered_2A,1,1,-8.493848636283012,1.8485588722957436
939,vina_top1,1,0,-8.08828579164189,4.493871106158087
939,asp_logmean_no_clustering,1,0,-8.08828579164189,4.493871106158087
939,asp_clustered_2A,1,0,-8.08828579164189,4.493871106158087
940,vina_top1,0,1,-8.54857553899442,4.155001570464165
940,asp_logmean_no_clustering,0,1,-8.54857553899442,4.155001570464165
940,asp_clustered_2A,0,1,-8.54857553899442,4.155001570464165
941,vina_top1,1,1,-8.180217514118398,5.7826534543893
941,asp_logmean_no_clustering,1,1,-8.180217514118398,5.7826534543893
941,asp_clustered_2A,1,1,-8.180217514118398,5.7826534543893
942,vina_top1,0,1,-8.884557643648947,4.2656772309152124
942,asp_logmean_no_clustering,0,1,-8.884557643648947,4.2656772309152124
942,asp_clustered_2A,0,1,-8.884557643648947,4.2656772309152124
943,vina_top1,0,0,-9.109252088545393,6.91917878226535
943,asp_logmean_no_clustering,0,0,-9.109252088545393,6.91917878226535
943,asp_clustered_2A,0,0,-9.109252088545393,6.91917878226535
944,vina_top1,0,0,-8.352071329446218,1.4009800397672707
944,asp_logmean_no_clustering,0,1,-8.189180637673305,4.491539515421308
944,asp_clustered_2A,0,0,-8.352071329446218,1.4009800397672707
945,vina_top1,0,0,-8.499598379453102,0.7864377390206423
945,asp_logmean_no_clustering,0,0,-8.499598379453102,0.7864377390206423
945,asp_clustered_2A,0,0,-8.499598379453102,0.7864377390206423
946,vina_top1,0,0,-8.11553378001777,5.4722616967480215
946,asp_logmean_no_clustering,0,0,-8.11553378001777,5.4722616967480215
946,asp_clustered_2A,0,0,-8.11553378001777,5.4722616967480215
947,vina_top1,1,0,-8.29295495220216,4.025120835501979
947,asp_logmean_no_clustering,1,0,-8.29295495220216,4.025120835501979
947,asp_clustered_2A,1,0,-8.29295495220216,4.025120835501979
948,vina_top1,1,0,-7.435993153284637,5.374591267851629
948,asp_logmean_no_clustering,1,0,-7.435993153284637,5.374591267851629
948,asp_clustered_2A,1,0,-7.435993153284637,5.374591267851629
949,vina_top1,0,1,-9.103629747479868,3.627315715253881
949,asp_logmean_no_clustering,0,1,-9.103629747479868,3.627315715253881
949,asp_clustered_2A,0,1,-9.103629747479868,3.627315715253881
950,vina_top1,0,1,-8.80161706097425,2.6
950,asp_logmean_no_clustering,0,1,-8.80161706097425,2.6
950,asp_clustered_2A,0,1,-8.80161706097425,2.6
951,vina_top1,1,0,-8.207364309669599,3.4840771551064282
951,asp_logmean_no_clustering,1,0,-8.207364309669599,3.4840771551064282
951,asp_clustered_2A,1,0,-8.207364309669599,3.4840771551064282
952,vina_top1,0,1,-7.927231687456299,2.6
952,asp_logmean_no_clustering,0,1,-7.927231687456299,2.6
952,asp_clustered_2A,0,1,-7.927231687456299,2.6
953,vina_top1,0,1,-8.193911297725114,6.448463835186937
953,asp_logmean_no_clustering,0,1,-8.193911297725114,6.448463835186937
953,asp_clustered_2A,0,1,-8.193911297725114,6.448463835186937
954,vina_top1,0,1,-7.825285979899619,3.8075562605296795
954,asp_logmean_no_clustering,0,1,-7.825285979899619,3.8075562605296795
954,asp_clustered_2A,0,1,-7.825285979899619,3.8075562605296795
955,vina_top1,0,1,-8.412329221244638,6.745498120057622
955,asp_logmean_no_clustering,0,1,-8.412329221244638,6.745498120057622
955,asp_clustered_2A,0,1,-8.412329221244638,6.745498120057622
956,vina_top1,1,1,-7.852444326801864,1.4145188865525415
956,asp_logmean_no_clustering,1,0,-7.798031953544853,5.520285486856171
956,asp_clustered_2A,1,1,-7.852444326801864,1.4145188865525415
957,vina_top1,1,1,-9.340415752385697,4.450936325063966
957,asp_logmean_no_clustering,1,1,-9.340415752385697,4.450936325063966
957,asp_clustered_2A,1,1,-9.340415752385697,4.450936325063966
958,vina_top1,1,0,-8.290752129849498,5.372283602047784
958,asp_logmean_no_clustering,1,1,-7.819488907002863,1.188622576891327
958,asp_clustered_2A,1,0,-8.290752129849498,5.372283602047784
959,vina_top1,1,0,-8.575883520056422,5.682098232400357
959,asp_logmean_no_clustering,1,0,-8.575883520056422,5.682098232400357
959,asp_clustered_2A,1,0,-8.575883520056422,5.682098232400357
960,vina_top1,0,1,-8.202071393454915,5.540754070229435
960,asp_logmean_no_clustering,0,1,-8.202071393454915,5.540754070229435
960,asp_clustered_2A,0,1,-8.202071393454915,5.540754070229435
961,vina_top1,1,0,-8.729481652375833,5.184641403775715
961,asp_logmean_no_clustering,1,0,-8.729481652375833,5.184641403775715
961,asp_clustered_2A,1,0,-8.729481652375833,5.184641403775715
962,vina_top1,1,0,-8.122125464180764,4.639187454669712
962,asp_logmean_no_clustering,1,0,-8.122125464180764,4.639187454669712
962,asp_clustered_2A,1,0,-8.122125464180764,4.639187454669712
963,vina_top1,0,0,-8.011715691940658,4.344126488929918
963,asp_logmean_no_clustering,0,1,-7.888503877270579,4.975377776312151
963,asp_clustered_2A,0,0,-8.011715691940658,4.344126488929918
964,vina_top1,1,0,-9.4007692626854,4.166646354816364
964,asp_logmean_no_clustering,1,0,-9.4007692626854,4.166646354816364
964,asp_clustered_2A,1,0,-9.4007692626854,4.166646354816364
965,vina_top1,0,1,-7.9672391406721115,5.559558046142877
965,asp_logmean_no_clustering,0,1,-7.9672391406721115,5.559558046142877
965,asp_clustered_2A,0,1,-7.9672391406721115,5.559558046142877
966,vina_top1,0,1,-8.0262533439493,2.6
966,asp_logmean_no_clustering,0,0,-7.858077214935889,1.1173500671572099
966,asp_clustered_2A,0,1,-8.0262533439493,2.6
967,vina_top1,0,0,-8.368765395191003,4.881582243088594
967,asp_logmean_no_clustering,0,1,-8.193462781395672,5.318308312474315
967,asp_clustered_2A,0,0,-8.368765395191003,4.881582243088594
968,vina_top1,1,1,-8.263242057514358,3.896029171604111
968,asp_logmean_no_clustering,1,1,-8.263242057514358,3.896029171604111
968,asp_clustered_2A,1,1,-8.263242057514358,3.896029171604111
969,vina_top1,0,0,-9.315642800093297,4.080052603323438
969,asp_logmean_no_clustering,0,0,-9.315642800093297,4.080052603323438
969,asp_clustered_2A,0,0,-9.315642800093297,4.080052603323438
970,vina_top1,1,0,-8.041421582522833,6.553461682462265
970,asp_logmean_no_clustering,1,0,-8.041421582522833,6.553461682462265
970,asp_clustered_2A,1,0,-8.041421582522833,6.553461682462265
971,vina_top1,1,0,-7.772919823738672,4.6247757067436455
971,asp_logmean_no_clustering,1,0,-7.772919823738672,4.6247757067436455
971,asp_clustered_2A,1,0,-7.772919823738672,4.6247757067436455
972,vina_top1,0,0,-8.522495344547208,1.1748368453057294
972,asp_logmean_no_clustering,0,0,-8.522495344547208,1.1748368453057294
972,asp_clustered_2A,0,0,-8.522495344547208,1.1748368453057294
973,vina_top1,0,1,-8.539069374065205,3.54702360356589
973,asp_logmean_no_clustering,0,1,-8.539069374065205,3.54702360356589
973,asp_clustered_2A,0,1,-8.539069374065205,3.54702360356589
974,vina_top1,1,0,-8.319304969172153,5.932384520347881
974,asp_logmean_no_clustering,1,0,-8.319304969172153,5.932384520347881
974,asp_clustered_2A,1,0,-8.319304969172153,5.932384520347881
975,vina_top1,1,0,-7.888113484204258,2.727080866128935
975,asp_logmean_no_clustering,1,0,-7.888113484204258,2.727080866128935
975,asp_clustered_2A,1,0,-7.888113484204258,2.727080866128935
976,vina_top1,1,0,-8.164429353232386,3.4509230875347265
976,asp_logmean_no_clustering,1,0,-8.164429353232386,3.4509230875347265
976,asp_clustered_2A,1,0,-8.164429353232386,3.4509230875347265
977,vina_top1,0,0,-8.00284035045649,1.538734484629357
977,asp_logmean_no_clustering,0,0,-8.00284035045649,1.538734484629357
977,asp_clustered_2A,0,0,-8.00284035045649,1.538734484629357
978,vina_top1,0,1,-8.534535852670704,5.515762276552706
978,asp_logmean_no_clustering,0,1,-8.534535852670704,5.515762276552706
978,asp_clustered_2A,0,1,-8.534535852670704,5.515762276552706
979,vina_top1,1,0,-7.958705058005358,7.0856476587114585
979,asp_logmean_no_clustering,1,0,-7.958705058005358,7.0856476587114585
979,asp_clustered_2A,1,0,-7.958705058005358,7.0856476587114585
980,vina_top1,1,1,-8.184112624218276,6.440526948747536
980,asp_logmean_no_clustering,1,1,-8.184112624218276,6.440526948747536
980,asp_clustered_2A,1,1,-8.184112624218276,6.440526948747536
981,vina_top1,1,1,-9.322768852421381,5.8498565452015265
981,asp_logmean_no_clustering,1,1,-9.322768852421381,5.8498565452015265
981,asp_clustered_2A,1,1,-9.322768852421381,5.8498565452015265
982,vina_top1,0,0,-8.869846075213589,4.097690748570888
982,asp_logmean_no_clustering,0,0,-8.869846075213589,4.097690748570888
982,asp_clustered_2A,0,0,-8.869846075213589,4.097690748570888
983,vina_top1,0,0,-8.363623582071932,3.99916975047346
983,asp_logmean_no_clustering,0,0,-8.363623582071932,3.99916975047346
983,asp_clustered_2A,0,0,-8.363623582071932,3.99916975047346
984,vina_top1,0,1,-8.917855761365228,2.6
984,asp_logmean_no_clustering,0,1,-8.917855761365228,2.6
984,asp_clustered_2A,0,1,-8.917855761365228,2.6
985,vina_top1,0,1,-8.112320534517195,5.563847195920931
985,asp_logmean_no_clustering,0,1,-8.112320534517195,5.563847195920931
985,asp_clustered_2A,0,1,-8.112320534517195,5.563847195920931
986,vina_top1,1,1,-8.9943202918825,1.4824473088411187
986,asp_logmean_no_clustering,1,1,-8.9943202918825,1.4824473088411187
986,asp_clustered_2A,1,1,-8.9943202918825,1.4824473088411187
987,vina_top1,1,1,-8.125312740465777,5.01951659132254
987,asp_logmean_no_clustering,1,0,-7.814212373822365,4.367347829992459
987,asp_clustered_2A,1,1,-8.125312740465777,5.01951659132254
988,vina_top1,0,1,-8.212306570500052,6.35882066211828
988,asp_logmean_no_clustering,0,1,-8.212306570500052,6.35882066211828
988,asp_clustered_2A,0,1,-8.212306570500052,6.35882066211828
989,vina_top1,0,0,-8.433340867381776,4.469706976673956
989,asp_logmean_no_clustering,0,0,-8.433340867381776,4.469706976673956
989,asp_clustered_2A,0,0,-8.433340867381776,4.469706976673956
990,vina_top1,0,1,-8.499233302443317,6.096475130590961
990,asp_logmean_no_clustering,0,1,-8.499233302443317,6.096475130590961
990,asp_clustered_2A,0,1,-8.499233302443317,6.096475130590961
991,vina_top1,0,1,-8.82670021670727,2.902380113450784
991,asp_logmean_no_clustering,0,1,-8.82670021670727,2.902380113450784
991,asp_clustered_2A,0,1,-8.82670021670727,2.902380113450784
992,vina_top1,0,1,-8.518370458058609,2.935221445704373
992,asp_logmean_no_clustering,0,1,-8.518370458058609,2.935221445704373
992,asp_clustered_2A,0,1,-8.518370458058609,2.935221445704373
993,vina_top1,0,0,-8.97405634146587,0.9715112107813085
993,asp_logmean_no_clustering,0,0,-8.97405634146587,0.9715112107813085
993,asp_clustered_2A,0,0,-8.97405634146587,0.9715112107813085
994,vina_top1,0,1,-8.872589628375282,4.415035382284323
994,asp_logmean_no_clustering,0,1,-8.872589628375282,4.415035382284323
994,asp_clustered_2A,0,1,-8.872589628375282,4.415035382284323
995,vina_top1,1,1,-7.938322139713625,0.8699320868166399
995,asp_logmean_no_clustering,1,1,-7.938322139713625,0.8699320868166399
995,asp_clustered_2A,1,1,-7.938322139713625,0.8699320868166399
996,vina_top1,0,1,-8.14916084847723,5.409407807186769
996,asp_logmean_no_clustering,0,1,-8.14916084847723,5.409407807186769
996,asp_clustered_2A,0,1,-8.14916084847723,5.409407807186769
997,vina_top1,1,1,-7.96842461251167,1.6290688035658958
997,asp_logmean_no_clustering,1,1,-7.96842461251167,1.6290688035658958
997,asp_clustered_2A,1,1,-7.96842461251167,1.6290688035658958
998,vina_top1,0,1,-8.71421865707659,5.665127168314916
998,asp_logmean_no_clustering,0,1,-8.71421865707659,5.665127168314916
998,asp_clustered_2A,0,1,-8.71421865707659,5.665127168314916
999,vina_top1,0,1,-8.68403164464969,3.7961045369813196
999,asp_logmean_no_clustering,0,1,-8.68403164464969,3.7961045369813196
999,asp_clustered_2A,0,1,-8.68403164464969,3.7961045369813196
1000,vina_top1,0,1,-8.184849891038507,3.923314324058846
1000,asp_logmean_no_clustering,0,1,-8.184849891038507,3.923314324058846
1000,asp_clustered_2A,0,1,-8.184849891038507,3.923314324058846
1001,vina_top1,1,0,-7.9841355168268775,7.7055348782170325
1001,asp_logmean_no_clustering,1,0,-7.9841355168268775,7.7055348782170325
1001,asp_clustered_2A,1,0,-7.9841355168268775,7.7055348782170325
1002,vina_top1,0,1,-8.30850045080554,6.585534493759628
1002,asp_logmean_no_clustering,0,1,-8.30850045080554,6.585534493759628
1002,asp_clustered_2A,0,1,-8.30850045080554,6.585534493759628
1003,vina_top1,0,1,-7.841518927237995,4.895770211501275
1003,asp_logmean_no_clustering,0,1,-7.841518927237995,4.895770211501275
1003,asp_clustered_2A,0,1,-7.841518927237995,4.895770211501275
1004,vina_top1,0,1,-8.742590038124906,6.8857513367929055
1004,asp_logmean_no_clustering,0,1,-8.742590038124906,6.8857513367929055
1004,asp_clustered_2A,0,1,-8.742590038124906,6.8857513367929055
1005,vina_top1,0,0,-8.380830833831313,1.24340122692285
1005,asp_logmean_no_clustering,0,1,-7.850577417527459,5.768046784641658
1005,asp_clustered_2A,0,0,-8.380830833831313,1.24340122692285
1006,vina_top1,1,0,-8.023133573310016,5.749000804172056
1006,asp_logmean_no_clustering,1,0,-8.023133573310016,5.749000804172056
1006,asp_clustered_2A,1,0,-8.023133573310016,5.749000804172056
1007,vina_top1,0,1,-7.9851930607331205,3.9963901362708865
1007,asp_logmean_no_clustering,0,1,-7.9851930607331205,3.9963901362708865
1007,asp_clustered_2A,0,1,-7.9851930607331205,3.9963901362708865
1008,vina_top1,0,1,-9.096784402801612,4.6612464706114904
1008,asp_logmean_no_clustering,0,1,-9.096784402801612,4.6612464706114904
1008,asp_clustered_2A,0,1,-9.096784402801612,4.6612464706114904
1009,vina_top1,1,1,-8.455199373323758,5.257455812213691
1009,asp_logmean_no_clustering,1,1,-8.455199373323758,5.257455812213691
1009,asp_clustered_2A,1,1,-8.455199373323758,5.257455812213691
1010,vina_top1,0,0,-8.50418248250917,5.885889852891244
1010,asp_logmean_no_clustering,0,0,-8.50418248250917,5.885889852891244
1010,asp_clustered_2A,0,0,-8.50418248250917,5.885889852891244
1011,vina_top1,0,1,-8.093095833287162,5.1959115730689875
1011,asp_logmean_no_clustering,0,1,-8.093095833287162,5.1959115730689875
1011,asp_clustered_2A,0,1,-8.093095833287162,5.1959115730689875
1012,vina_top1,1,0,-7.970387325293104,3.986214159181786
1012,asp_logmean_no_clustering,1,0,-7.970387325293104,3.986214159181786
1012,asp_clustered_2A,1,0,-7.970387325293104,3.986214159181786
1013,vina_top1,1,0,-8.101782301429047,3.697755594186413
1013,asp_logmean_no_clustering,1,0,-8.101782301429047,3.697755594186413
1013,asp_clustered_2A,1,0,-8.101782301429047,3.697755594186413
1014,vina_top1,0,0,-8.827065486601732,4.231934329462977
1014,asp_logmean_no_clustering,0,0,-8.827065486601732,4.231934329462977
1014,asp_clustered_2A,0,0,-8.827065486601732,4.231934329462977
1015,vina_top1,0,0,-8.095224869363493,5.640657598739215
1015,asp_logmean_no_clustering,0,1,-7.987511720668335,7.653639778397494
1015,asp_clustered_2A,0,0,-8.095224869363493,5.640657598739215
1016,vina_top1,0,1,-8.453699439920463,2.6
1016,asp_logmean_no_clustering,0,1,-8.453699439920463,2.6
1016,asp_clustered_2A,0,1,-8.453699439920463,2.6
1017,vina_top1,1,0,-8.365555253623082,5.5516566527316344
1017,asp_logmean_no_clustering,1,0,-8.365555253623082,5.5516566527316344
1017,asp_clustered_2A,1,0,-8.365555253623082,5.5516566527316344
1018,vina_top1,1,1,-7.8841085534824655,4.154499349675845
1018,asp_logmean_no_clustering,1,1,-7.8841085534824655,4.154499349675845
1018,asp_clustered_2A,1,1,-7.8841085534824655,4.154499349675845
1019,vina_top1,1,0,-8.170089728161717,4.114420884736582
1019,asp_logmean_no_clustering,1,0,-8.170089728161717,4.114420884736582
1019,asp_clustered_2A,1,0,-8.170089728161717,4.114420884736582
1020,vina_top1,0,0,-8.588355547703305,2.0669340559069886
1020,asp_logmean_no_clustering,0,0,-8.588355547703305,2.0669340559069886
1020,asp_clustered_2A,0,0,-8.588355547703305,2.0669340559069886
1021,vina_top1,1,0,-8.059748994261733,5.317534457553533
1021,asp_logmean_no_clustering,1,0,-8.059748994261733,5.317534457553533
1021,asp_clustered_2A,1,0,-8.059748994261733,5.317534457553533
1022,vina_top1,1,1,-8.26164192401138,1.670371133919819
1022,asp_logmean_no_clustering,1,0,-8.156797975632468,3.7684476407195957
1022,asp_clustered_2A,1,1,-8.26164192401138,1.670371133919819
1023,vina_top1,0,0,-8.35730245319948,1.6343136462276673
1023,asp_logmean_no_clustering,0,0,-8.35730245319948,1.6343136462276673
1023,asp_clustered_2A,0,0,-8.35730245319948,1.6343136462276673
1024,vina_top1,1,0,-8.302962715697628,4.6744766949156125
1024,asp_logmean_no_clustering,1,0,-8.302962715697628,4.6744766949156125
1024,asp_clustered_2A,1,0,-8.302962715697628,4.6744766949156125
1025,vina_top1,0,1,-7.783082798042811,3.788230078130824
1025,asp_logmean_no_clustering,0,1,-7.783082798042811,3.788230078130824
1025,asp_clustered_2A,0,1,-7.783082798042811,3.788230078130824
1026,vina_top1,1,1,-7.678174636577421,1.5503020068336677
1026,asp_logmean_no_clustering,1,0,-7.667090096997897,4.414914874567495
1026,asp_clustered_2A,1,1,-7.678174636577421,1.5503020068336677
1027,vina_top1,1,1,-8.231870839872764,1.2608879791684386
1027,asp_logmean_no_clustering,1,0,-7.919114282082287,3.2831221190675075
1027,asp_clustered_2A,1,1,-8.231870839872764,1.2608879791684386
1028,vina_top1,1,0,-8.414729211017592,3.8045839559411023
1028,asp_logmean_no_clustering,1,0,-8.414729211017592,3.8045839559411023
1028,asp_clustered_2A,1,0,-8.414729211017592,3.8045839559411023
1029,vina_top1,0,1,-8.326155866526754,5.208966863293277
1029,asp_logmean_no_clustering,0,1,-8.326155866526754,5.208966863293277
1029,asp_clustered_2A,0,1,-8.326155866526754,5.208966863293277
1030,vina_top1,0,1,-7.986010441910251,6.674750455923552
1030,asp_logmean_no_clustering,0,1,-7.986010441910251,6.674750455923552
1030,asp_clustered_2A,0,1,-7.986010441910251,6.674750455923552
1031,vina_top1,0,1,-8.264662042668503,3.7728659325368334
1031,asp_logmean_no_clustering,0,1,-8.264662042668503,3.7728659325368334
1031,asp_clustered_2A,0,1,-8.264662042668503,3.7728659325368334
1032,vina_top1,0,1,-8.595865578134083,6.060175356500047
1032,asp_logmean_no_clustering,0,1,-8.595865578134083,6.060175356500047
1032,asp_clustered_2A,0,1,-8.595865578134083,6.060175356500047
1033,vina_top1,1,0,-8.512693499754372,5.431600994997143
1033,asp_logmean_no_clustering,1,0,-8.512693499754372,5.431600994997143
1033,asp_clustered_2A,1,0,-8.512693499754372,5.431600994997143
1034,vina_top1,0,0,-8.218089355549967,7.2689903038038
1034,asp_logmean_no_clustering,0,1,-7.9825320851725685,3.7333905269032472
1034,asp_clustered_2A,0,0,-8.218089355549967,7.2689903038038
1035,vina_top1,0,1,-8.801432267981937,2.982232987550225
1035,asp_logmean_no_clustering,0,1,-8.801432267981937,2.982232987550225
1035,asp_clustered_2A,0,1,-8.801432267981937,2.982232987550225
1036,vina_top1,0,1,-8.713093951033507,6.179835760551247
1036,asp_logmean_no_clustering,0,1,-8.713093951033507,6.179835760551247
1036,asp_clustered_2A,0,1,-8.713093951033507,6.179835760551247
1037,vina_top1,0,1,-8.08470547506362,6.329162447790639
1037,asp_logmean_no_clustering,0,1,-8.08470547506362,6.329162447790639
1037,asp_clustered_2A,0,1,-8.08470547506362,6.329162447790639
1038,vina_top1,0,0,-8.248922241030847,2.308741630848965
1038,asp_logmean_no_clustering,0,1,-8.215224199856435,4.893101656483255
1038,asp_clustered_2A,0,0,-8.248922241030847,2.308741630848965
1039,vina_top1,0,1,-8.512153458056936,5.548346026557802
1039,asp_logmean_no_clustering,0,1,-8.512153458056936,5.548346026557802
1039,asp_clustered_2A,0,1,-8.512153458056936,5.548346026557802
1040,vina_top1,0,1,-8.481076123626579,6.310205812384088
1040,asp_logmean_no_clustering,0,1,-8.481076123626579,6.310205812384088
1040,asp_clustered_2A,0,1,-8.481076123626579,6.310205812384088
1041,vina_top1,0,0,-8.465344570754334,0.8644364649820453
1041,asp_logmean_no_clustering,0,1,-8.171733761411357,4.953830980918452
1041,asp_clustered_2A,0,0,-8.465344570754334,0.8644364649820453
1042,vina_top1,1,1,-8.308158593238666,4.20991041526898
1042,asp_logmean_no_clustering,1,1,-8.308158593238666,4.20991041526898
1042,asp_clustered_2A,1,1,-8.308158593238666,4.20991041526898
1043,vina_top1,1,0,-8.159499763558529,3.5363104515471457
1043,asp_logmean_no_clustering,1,0,-8.159499763558529,3.5363104515471457
1043,asp_clustered_2A,1,0,-8.159499763558529,3.5363104515471457
1044,vina_top1,1,1,-8.12263753198611,1.2560430889658396
1044,asp_logmean_no_clustering,1,1,-8.12263753198611,1.2560430889658396
1044,asp_clustered_2A,1,1,-8.12263753198611,1.2560430889658396
1045,vina_top1,0,0,-8.586535609935968,1.2639517114065002
1045,asp_logmean_no_clustering,0,1,-8.314804087489833,3.6783398538544754
1045,asp_clustered_2A,0,0,-8.586535609935968,1.2639517114065002
1046,vina_top1,1,0,-8.230100093070952,7.130404595272799
1046,asp_logmean_no_clustering,1,0,-8.230100093070952,7.130404595272799
1046,asp_clustered_2A,1,0,-8.230100093070952,7.130404595272799
1047,vina_top1,0,1,-8.805751432103989,4.985067360202786
1047,asp_logmean_no_clustering,0,1,-8.805751432103989,4.985067360202786
1047,asp_clustered_2A,0,1,-8.805751432103989,4.985067360202786
1048,vina_top1,1,1,-8.651264326425391,1.1438476985309878
1048,asp_logmean_no_clustering,1,1,-8.651264326425391,1.1438476985309878
1048,asp_clustered_2A,1,1,-8.651264326425391,1.1438476985309878
1049,vina_top1,1,0,-8.25455813832203,6.927307104611453
1049,asp_logmean_no_clustering,1,0,-8.25455813832203,6.927307104611453
1049,asp_clustered_2A,1,0,-8.25455813832203,6.927307104611453
1050,vina_top1,0,1,-8.76241004513162,4.174412551980585
1050,asp_logmean_no_clustering,0,1,-8.76241004513162,4.174412551980585
1050,asp_clustered_2A,0,1,-8.76241004513162,4.174412551980585
1051,vina_top1,1,0,-8.761168569116103,6.1301843161127545
1051,asp_logmean_no_clustering,1,0,-8.761168569116103,6.1301843161127545
1051,asp_clustered_2A,1,0,-8.761168569116103,6.1301843161127545
1052,vina_top1,1,1,-8.348760433732782,0.9901947831228435
1052,asp_logmean_no_clustering,1,1,-8.348760433732782,0.9901947831228435
1052,asp_clustered_2A,1,1,-8.348760433732782,0.9901947831228435
1053,vina_top1,0,1,-8.839421276530533,5.019318890098015
1053,asp_logmean_no_clustering,0,1,-8.839421276530533,5.019318890098015
1053,asp_clustered_2A,0,1,-8.839421276530533,5.019318890098015
1054,vina_top1,0,0,-8.369804269580106,0.5048407941996234
1054,asp_logmean_no_clustering,0,0,-8.369804269580106,0.5048407941996234
1054,asp_clustered_2A,0,0,-8.369804269580106,0.5048407941996234
1055,vina_top1,1,1,-8.518370395516817,0.7234090956193224
1055,asp_logmean_no_clustering,1,1,-8.518370395516817,0.7234090956193224
1055,asp_clustered_2A,1,1,-8.518370395516817,0.7234090956193224
1056,vina_top1,1,0,-8.444554253588358,3.8215933241541293
1056,asp_logmean_no_clustering,1,0,-8.444554253588358,3.8215933241541293
1056,asp_clustered_2A,1,0,-8.444554253588358,3.8215933241541293
1057,vina_top1,1,0,-8.592563576311203,7.344692288102129
1057,asp_logmean_no_clustering,1,0,-8.592563576311203,7.344692288102129
1057,asp_clustered_2A,1,0,-8.592563576311203,7.344692288102129
1058,vina_top1,0,1,-8.376107822228649,4.934284763243596
1058,asp_logmean_no_clustering,0,1,-8.376107822228649,4.934284763243596
1058,asp_clustered_2A,0,1,-8.376107822228649,4.934284763243596
1059,vina_top1,0,1,-8.973363663515059,5.3094232646382675
1059,asp_logmean_no_clustering,0,1,-8.973363663515059,5.3094232646382675
1059,asp_clustered_2A,0,1,-8.973363663515059,5.3094232646382675
1060,vina_top1,0,1,-7.790783042624529,4.8536297086844495
1060,asp_logmean_no_clustering,0,1,-7.790783042624529,4.8536297086844495
1060,asp_clustered_2A,0,1,-7.790783042624529,4.8536297086844495
1061,vina_top1,0,1,-8.094065940958549,5.849264944367502
1061,asp_logmean_no_clustering,0,1,-8.094065940958549,5.849264944367502
1061,asp_clustered_2A,0,1,-8.094065940958549,5.849264944367502
1062,vina_top1,0,0,-8.17837981869578,5.4732222922136
1062,asp_logmean_no_clustering,0,1,-7.934749153431135,2.6799546150147444
1062,asp_clustered_2A,0,0,-8.17837981869578,5.4732222922136
1063,vina_top1,1,0,-8.879728785418354,3.3911618722922734
1063,asp_logmean_no_clustering,1,0,-8.879728785418354,3.3911618722922734
1063,asp_clustered_2A,1,0,-8.879728785418354,3.3911618722922734
1064,vina_top1,0,1,-8.952585337759224,7.008181049759895
1064,asp_logmean_no_clustering,0,1,-8.952585337759224,7.008181049759895
1064,asp_clustered_2A,0,1,-8.952585337759224,7.008181049759895
1065,vina_top1,0,0,-8.079690270460553,6.846726140782588
1065,asp_logmean_no_clustering,0,1,-7.950056878519778,3.4896647473583737
1065,asp_clustered_2A,0,0,-8.079690270460553,6.846726140782588
1066,vina_top1,0,1,-8.144739044206196,7.1142424925808605
1066,asp_logmean_no_clustering,0,1,-8.144739044206196,7.1142424925808605
1066,asp_clustered_2A,0,1,-8.144739044206196,7.1142424925808605
1067,vina_top1,1,0,-8.759122992642624,4.251143494214714
1067,asp_logmean_no_clustering,1,0,-8.759122992642624,4.251143494214714
1067,asp_clustered_2A,1,0,-8.759122992642624,4.251143494214714
1068,vina_top1,0,1,-8.836195461028467,5.262141435841925
1068,asp_logmean_no_clustering,0,1,-8.836195461028467,5.262141435841925
1068,asp_clustered_2A,0,1,-8.836195461028467,5.262141435841925
1069,vina_top1,1,0,-8.398238721331994,4.293365004330956
1069,asp_logmean_no_clustering,1,0,-8.398238721331994,4.293365004330956
1069,asp_clustered_2A,1,0,-8.398238721331994,4.293365004330956
1070,vina_top1,0,1,-8.369351732029235,5.086080760316898
1070,asp_logmean_no_clustering,0,1,-8.369351732029235,5.086080760316898
1070,asp_clustered_2A,0,1,-8.369351732029235,5.086080760316898
1071,vina_top1,1,0,-8.310780567082439,3.4234705083070867
1071,asp_logmean_no_clustering,1,0,-8.310780567082439,3.4234705083070867
1071,asp_clustered_2A,1,0,-8.310780567082439,3.4234705083070867
1072,vina_top1,1,0,-8.663635552314611,4.96914814327977
1072,asp_logmean_no_clustering,1,0,-8.663635552314611,4.96914814327977
1072,asp_clustered_2A,1,0,-8.663635552314611,4.96914814327977
1073,vina_top1,0,0,-8.390847296530655,1.8288052821828489
1073,asp_logmean_no_clustering,0,0,-8.390847296530655,1.8288052821828489
1073,asp_clustered_2A,0,0,-8.390847296530655,1.8288052821828489
1074,vina_top1,0,0,-8.219294592851572,6.779040223934844
1074,asp_logmean_no_clustering,0,0,-8.219294592851572,6.779040223934844
1074,asp_clustered_2A,0,0,-8.219294592851572,6.779040223934844
1075,vina_top1,1,0,-8.29617706288622,4.5118958594574465
1075,asp_logmean_no_clustering,1,0,-8.29617706288622,4.5118958594574465
1075,asp_clustered_2A,1,0,-8.29617706288622,4.5118958594574465
1076,vina_top1,1,0,-9.060529961830706,5.8317965929677875
1076,asp_logmean_no_clustering,1,0,-9.060529961830706,5.8317965929677875
1076,asp_clustered_2A,1,0,-9.060529961830706,5.8317965929677875
1077,vina_top1,0,0,-7.7974165445519645,6.607930849709923
1077,asp_logmean_no_clustering,0,1,-7.79063743904152,5.856471930929571
1077,asp_clustered_2A,0,0,-7.7974165445519645,6.607930849709923
1078,vina_top1,0,1,-7.941730913635242,5.263758558644497
1078,asp_logmean_no_clustering,0,1,-7.941730913635242,5.263758558644497
1078,asp_clustered_2A,0,1,-7.941730913635242,5.263758558644497
1079,vina_top1,1,0,-8.418376951401898,5.645744919085952
1079,asp_logmean_no_clustering,1,0,-8.418376951401898,5.645744919085952
1079,asp_clustered_2A,1,0,-8.418376951401898,5.645744919085952
1080,vina_top1,0,0,-9.121032853543243,1.862987697820341
1080,asp_logmean_no_clustering,0,0,-9.121032853543243,1.862987697820341
1080,asp_clustered_2A,0,0,-9.121032853543243,1.862987697820341
1081,vina_top1,1,0,-8.061461330137234,9.230914384513566
1081,asp_logmean_no_clustering,1,0,-8.061461330137234,9.230914384513566
1081,asp_clustered_2A,1,0,-8.061461330137234,9.230914384513566
1082,vina_top1,0,1,-7.6304469847071585,5.436601456954656
1082,asp_logmean_no_clustering,0,1,-7.6304469847071585,5.436601456954656
1082,asp_clustered_2A,0,1,-7.6304469847071585,5.436601456954656
1083,vina_top1,0,0,-8.395365860323457,1.379589619099456
1083,asp_logmean_no_clustering,0,0,-8.395365860323457,1.379589619099456
1083,asp_clustered_2A,0,0,-8.395365860323457,1.379589619099456
1084,vina_top1,0,1,-7.957353620120388,3.3587675157914143
1084,asp_logmean_no_clustering,0,1,-7.957353620120388,3.3587675157914143
1084,asp_clustered_2A,0,1,-7.957353620120388,3.3587675157914143
1085,vina_top1,0,1,-8.001809512147725,4.372084752608
1085,asp_logmean_no_clustering,0,1,-8.001809512147725,4.372084752608
1085,asp_clustered_2A,0,1,-8.001809512147725,4.372084752608
1086,vina_top1,0,1,-8.427520563553214,5.390097771006682
1086,asp_logmean_no_clustering,0,1,-8.427520563553214,5.390097771006682
1086,asp_clustered_2A,0,1,-8.427520563553214,5.390097771006682
1087,vina_top1,0,0,-8.260415080930581,1.613921348471831
1087,asp_logmean_no_clustering,0,1,-8.10975538860691,6.109345455804013
1087,asp_clustered_2A,0,0,-8.260415080930581,1.613921348471831
1088,vina_top1,1,1,-8.944872980624854,1.3996450250845835
1088,asp_logmean_no_clustering,1,0,-8.284794792886986,5.202249750275136
1088,asp_clustered_2A,1,1,-8.944872980624854,1.3996450250845835
1089,vina_top1,0,1,-8.247074216715944,4.0779751289993165
1089,asp_logmean_no_clustering,0,1,-8.247074216715944,4.0779751289993165
1089,asp_clustered_2A,0,1,-8.247074216715944,4.0779751289993165
1090,vina_top1,0,0,-8.117637339823293,1.376701074981995
1090,asp_logmean_no_clustering,0,1,-7.829567320749198,5.618947036304704
1090,asp_clustered_2A,0,0,-8.117637339823293,1.376701074981995
1091,vina_top1,0,1,-8.358306720532713,4.10305036975789
1091,asp_logmean_no_clustering,0,1,-8.358306720532713,4.10305036975789
1091,asp_clustered_2A,0,1,-8.358306720532713,4.10305036975789
1092,vina_top1,1,1,-8.438845119884382,0.9536470916500482
1092,asp_logmean_no_clustering,1,0,-7.914982732750204,3.0571387923178923
1092,asp_clustered_2A,1,1,-8.438845119884382,0.9536470916500482
1093,vina_top1,1,0,-8.305626155441711,5.869153055483863
1093,asp_logmean_no_clustering,1,0,-8.305626155441711,5.869153055483863
1093,asp_clustered_2A,1,0,-8.305626155441711,5.869153055483863
1094,vina_top1,1,0,-8.094832406436126,6.08746281184726
1094,asp_logmean_no_clustering,1,0,-8.094832406436126,6.08746281184726
1094,asp_clustered_2A,1,0,-8.094832406436126,6.08746281184726
1095,vina_top1,1,0,-8.233180971371356,7.564211252241236
1095,asp_logmean_no_clustering,1,1,-8.098373492729106,5.975730791070686
1095,asp_clustered_2A,1,0,-8.233180971371356,7.564211252241236
1096,vina_top1,1,0,-8.262964857246459,5.644792039308937
1096,asp_logmean_no_clustering,1,0,-8.262964857246459,5.644792039308937
1096,asp_clustered_2A,1,0,-8.262964857246459,5.644792039308937
1097,vina_top1,0,1,-8.864051537512832,5.097673687000749
1097,asp_logmean_no_clustering,0,1,-8.864051537512832,5.097673687000749
1097,asp_clustered_2A,0,1,-8.864051537512832,5.097673687000749
1098,vina_top1,0,1,-8.512579912232894,4.8136267883866415
1098,asp_logmean_no_clustering,0,1,-8.512579912232894,4.8136267883866415
1098,asp_clustered_2A,0,1,-8.512579912232894,4.8136267883866415
1099,vina_top1,0,1,-8.18009473927599,5.263348358742333
1099,asp_logmean_no_clustering,0,1,-8.18009473927599,5.263348358742333
1099,asp_clustered_2A,0,1,-8.18009473927599,5.263348358742333
1100,vina_top1,0,1,-7.98635211148702,6.625961534675578
1100,asp_logmean_no_clustering,0,1,-7.98635211148702,6.625961534675578
1100,asp_clustered_2A,0,1,-7.98635211148702,6.625961534675578
1101,vina_top1,1,0,-8.690255946031215,4.756606162432333
1101,asp_logmean_no_clustering,1,0,-8.690255946031215,4.756606162432333
1101,asp_clustered_2A,1,0,-8.690255946031215,4.756606162432333
1102,vina_top1,1,1,-7.982645774198314,6.93987786971596
1102,asp_logmean_no_clustering,1,1,-7.982645774198314,6.93987786971596
1102,asp_clustered_2A,1,1,-7.982645774198314,6.93987786971596
1103,vina_top1,1,0,-8.552816798012707,4.901845802886035
1103,asp_logmean_no_clustering,1,0,-8.552816798012707,4.901845802886035
1103,asp_clustered_2A,1,0,-8.552816798012707,4.901845802886035
1104,vina_top1,1,0,-8.125516915526692,4.917446233967345
1104,asp_logmean_no_clustering,1,0,-8.125516915526692,4.917446233967345
1104,asp_clustered_2A,1,0,-8.125516915526692,4.917446233967345
1105,vina_top1,0,0,-7.591700347926182,4.941466471890439
1105,asp_logmean_no_clustering,0,0,-7.591700347926182,4.941466471890439
1105,asp_clustered_2A,0,0,-7.591700347926182,4.941466471890439
1106,vina_top1,1,1,-8.222935038076626,4.046502349642205
1106,asp_logmean_no_clustering,1,1,-8.222935038076626,4.046502349642205
1106,asp_clustered_2A,1,1,-8.222935038076626,4.046502349642205
1107,vina_top1,0,0,-8.197038172844552,0.9411276234752667
1107,asp_logmean_no_clustering,0,0,-8.197038172844552,0.9411276234752667
1107,asp_clustered_2A,0,0,-8.197038172844552,0.9411276234752667
1108,vina_top1,0,1,-8.408659733046642,2.9259624244135067
1108,asp_logmean_no_clustering,0,1,-8.408659733046642,2.9259624244135067
1108,asp_clustered_2A,0,1,-8.408659733046642,2.9259624244135067
1109,vina_top1,1,0,-8.421606443878082,3.349333758609956
1109,asp_logmean_no_clustering,1,0,-8.421606443878082,3.349333758609956
1109,asp_clustered_2A,1,0,-8.421606443878082,3.349333758609956
1110,vina_top1,0,1,-7.806665936683605,5.133973834766084
1110,asp_logmean_no_clustering,0,1,-7.806665936683605,5.133973834766084
1110,asp_clustered_2A,0,1,-7.806665936683605,5.133973834766084
1111,vina_top1,0,1,-8.715715853524589,6.095754953972074
1111,asp_logmean_no_clustering,0,1,-8.715715853524589,6.095754953972074
1111,asp_clustered_2A,0,1,-8.715715853524589,6.095754953972074
1112,vina_top1,0,0,-8.35301273970088,1.5656089198873993
1112,asp_logmean_no_clustering,0,1,-8.193546294969288,5.244933176343704
1112,asp_clustered_2A,0,0,-8.35301273970088,1.5656089198873993
1113,vina_top1,0,0,-8.15126911840306,5.843230750628762
1113,asp_logmean_no_clustering,0,1,-8.120573971213583,4.301503408943109
1113,asp_clustered_2A,0,0,-8.15126911840306,5.843230750628762
1114,vina_top1,0,1,-8.183095272161516,5.2890119253807475
1114,asp_logmean_no_clustering,0,0,-8.079267951040867,1.3714374992372136
1114,asp_clustered_2A,0,1,-8.183095272161516,5.2890119253807475
1115,vina_top1,1,0,-8.313775042606574,4.284011345985715
1115,asp_logmean_no_clustering,1,0,-8.313775042606574,4.284011345985715
1115,asp_clustered_2A,1,0,-8.313775042606574,4.284011345985715
1116,vina_top1,1,0,-8.545975664980464,4.950869774940802
1116,asp_logmean_no_clustering,1,0,-8.545975664980464,4.950869774940802
1116,asp_clustered_2A,1,0,-8.545975664980464,4.950869774940802
1117,vina_top1,0,1,-8.512254456963946,4.6076402944838915
1117,asp_logmean_no_clustering,0,1,-8.512254456963946,4.6076402944838915
1117,asp_clustered_2A,0,1,-8.512254456963946,4.6076402944838915
1118,vina_top1,1,1,-8.066216196402127,2.0479182098014963
1118,asp_logmean_no_clustering,1,1,-8.066216196402127,2.0479182098014963
1118,asp_clustered_2A,1,1,-8.066216196402127,2.0479182098014963
1119,vina_top1,1,0,-8.874618720345104,6.181342798794275
1119,asp_logmean_no_clustering,1,0,-8.874618720345104,6.181342798794275
1119,asp_clustered_2A,1,0,-8.874618720345104,6.181342798794275
1120,vina_top1,0,1,-8.01827528711599,4.7510299232292175
1120,asp_logmean_no_clustering,0,1,-8.01827528711599,4.7510299232292175
1120,asp_clustered_2A,0,1,-8.01827528711599,4.7510299232292175
1121,vina_top1,1,0,-8.263787558638834,6.179555606886908
1121,asp_logmean_no_clustering,1,0,-8.263787558638834,6.179555606886908
1121,asp_clustered_2A,1,0,-8.263787558638834,6.179555606886908
1122,vina_top1,0,1,-7.849653609867667,5.2817154747053285
1122,asp_logmean_no_clustering,0,1,-7.849653609867667,5.2817154747053285
1122,asp_clustered_2A,0,1,-7.849653609867667,5.2817154747053285
1123,vina_top1,1,0,-8.112268067581414,6.935446926874788
1123,asp_logmean_no_clustering,1,0,-8.112268067581414,6.935446926874788
1123,asp_clustered_2A,1,0,-8.112268067581414,6.935446926874788
1124,vina_top1,1,1,-8.082991145103904,1.8027862669441128
1124,asp_logmean_no_clustering,1,0,-8.076306650368588,3.0117512148994265
1124,asp_clustered_2A,1,1,-8.082991145103904,1.8027862669441128
1125,vina_top1,0,0,-9.138678737411563,6.172749198629918
1125,asp_logmean_no_clustering,0,0,-9.138678737411563,6.172749198629918
1125,asp_clustered_2A,0,0,-9.138678737411563,6.172749198629918
1126,vina_top1,0,1,-8.033568996899595,4.797042235411754
1126,asp_logmean_no_clustering,0,1,-8.033568996899595,4.797042235411754
1126,asp_clustered_2A,0,1,-8.033568996899595,4.797042235411754
1127,vina_top1,0,1,-8.834185992194092,4.654163739126824
1127,asp_logmean_no_clustering,0,1,-8.834185992194092,4.654163739126824
1127,asp_clustered_2A,0,1,-8.834185992194092,4.654163739126824
1128,vina_top1,0,0,-8.34467284099316,1.3231477422669415
1128,asp_logmean_no_clustering,0,1,-8.106646808271297,4.664792582514714
1128,asp_clustered_2A,0,0,-8.34467284099316,1.3231477422669415
1129,vina_top1,0,0,-7.941882277679997,3.5221837904107383
1129,asp_logmean_no_clustering,0,0,-7.941882277679997,3.5221837904107383
1129,asp_clustered_2A,0,0,-7.941882277679997,3.5221837904107383
1130,vina_top1,1,1,-8.09381031115789,2.1971341638054014
1130,asp_logmean_no_clustering,1,0,-8.044574526604812,5.361550908758034
1130,asp_clustered_2A,1,1,-8.09381031115789,2.1971341638054014
1131,vina_top1,0,0,-9.64522004634093,3.8792560049941995
1131,asp_logmean_no_clustering,0,0,-9.64522004634093,3.8792560049941995
1131,asp_clustered_2A,0,0,-9.64522004634093,3.8792560049941995
1132,vina_top1,1,1,-8.568274532948434,1.220816277794846
1132,asp_logmean_no_clustering,1,1,-8.568274532948434,1.220816277794846
1132,asp_clustered_2A,1,1,-8.568274532948434,1.220816277794846
1133,vina_top1,1,0,-8.342986530509606,2.7639074411490463
1133,asp_logmean_no_clustering,1,0,-8.342986530509606,2.7639074411490463
1133,asp_clustered_2A,1,0,-8.342986530509606,2.7639074411490463
1134,vina_top1,1,0,-8.139944258506944,4.169321143323829
1134,asp_logmean_no_clustering,1,0,-8.139944258506944,4.169321143323829
1134,asp_clustered_2A,1,0,-8.139944258506944,4.169321143323829
1135,vina_top1,1,0,-8.704010279297323,4.852405813095337
1135,asp_logmean_no_clustering,1,0,-8.704010279297323,4.852405813095337
1135,asp_clustered_2A,1,0,-8.704010279297323,4.852405813095337
1136,vina_top1,1,0,-8.016843485636018,4.1264332313422
1136,asp_logmean_no_clustering,1,0,-8.016843485636018,4.1264332313422
1136,asp_clustered_2A,1,0,-8.016843485636018,4.1264332313422
1137,vina_top1,0,0,-8.745721825136505,0.7481390640611235
1137,asp_logmean_no_clustering,0,0,-8.745721825136505,0.7481390640611235
1137,asp_clustered_2A,0,0,-8.745721825136505,0.7481390640611235
1138,vina_top1,1,0,-8.06054443628087,6.891255565978439
1138,asp_logmean_no_clustering,1,0,-8.06054443628087,6.891255565978439
1138,asp_clustered_2A,1,0,-8.06054443628087,6.891255565978439
1139,vina_top1,0,1,-8.198836146398145,7.450022621427658
1139,asp_logmean_no_clustering,0,1,-8.198836146398145,7.450022621427658
1139,asp_clustered_2A,0,1,-8.198836146398145,7.450022621427658
1140,vina_top1,0,1,-7.869358485004749,3.3025257585760777
1140,asp_logmean_no_clustering,0,0,-7.65446544014755,4.441573446426205
1140,asp_clustered_2A,0,1,-7.869358485004749,3.3025257585760777
1141,vina_top1,1,0,-7.996484062180939,5.189660163986664
1141,asp_logmean_no_clustering,1,0,-7.996484062180939,5.189660163986664
1141,asp_clustered_2A,1,0,-7.996484062180939,5.189660163986664
1142,vina_top1,0,1,-7.940412115108919,4.5763156953027195
1142,asp_logmean_no_clustering,0,1,-7.940412115108919,4.5763156953027195
1142,asp_clustered_2A,0,1,-7.940412115108919,4.5763156953027195
1143,vina_top1,0,1,-8.083566032548399,5.146809179402833
1143,asp_logmean_no_clustering,0,1,-8.083566032548399,5.146809179402833
1143,asp_clustered_2A,0,1,-8.083566032548399,5.146809179402833
1144,vina_top1,0,0,-7.967929652769946,6.166887291372235
1144,asp_logmean_no_clustering,0,0,-7.967929652769946,6.166887291372235
1144,asp_clustered_2A,0,0,-7.967929652769946,6.166887291372235
1145,vina_top1,1,1,-8.120228812047467,1.0977373896100926
1145,asp_logmean_no_clustering,1,1,-8.120228812047467,1.0977373896100926
1145,asp_clustered_2A,1,1,-8.120228812047467,1.0977373896100926
1146,vina_top1,0,1,-8.707986405626091,3.234563784005453
1146,asp_logmean_no_clustering,0,1,-8.707986405626091,3.234563784005453
1146,asp_clustered_2A,0,1,-8.707986405626091,3.234563784005453
1147,vina_top1,0,0,-8.654035176868504,1.6763239639810048
1147,asp_logmean_no_clustering,0,1,-8.515674965373172,6.302775482468151
1147,asp_clustered_2A,0,0,-8.654035176868504,1.6763239639810048
1148,vina_top1,1,0,-8.923538189391559,4.933842758313052
1148,asp_logmean_no_clustering,1,0,-8.923538189391559,4.933842758313052
1148,asp_clustered_2A,1,0,-8.923538189391559,4.933842758313052
1149,vina_top1,1,0,-8.265360856268295,5.475229312649332
1149,asp_logmean_no_clustering,1,0,-8.265360856268295,5.475229312649332
1149,asp_clustered_2A,1,0,-8.265360856268295,5.475229312649332
1150,vina_top1,1,0,-8.120541581911741,7.485422384684458
1150,asp_logmean_no_clustering,1,0,-8.120541581911741,7.485422384684458
1150,asp_clustered_2A,1,0,-8.120541581911741,7.485422384684458
1151,vina_top1,1,0,-7.917373928924011,5.322743596704245
1151,asp_logmean_no_clustering,1,0,-7.917373928924011,5.322743596704245
1151,asp_clustered_2A,1,0,-7.917373928924011,5.322743596704245
1152,vina_top1,0,1,-8.60763075986336,4.7025633688976685
1152,asp_logmean_no_clustering,0,1,-8.60763075986336,4.7025633688976685
1152,asp_clustered_2A,0,1,-8.60763075986336,4.7025633688976685
1153,vina_top1,0,0,-8.210958143614201,6.417823303979634
1153,asp_logmean_no_clustering,0,0,-8.210958143614201,6.417823303979634
1153,asp_clustered_2A,0,0,-8.210958143614201,6.417823303979634
1154,vina_top1,0,0,-7.987031110581281,1.4389070289826176
1154,asp_logmean_no_clustering,0,0,-7.987031110581281,1.4389070289826176
1154,asp_clustered_2A,0,0,-7.987031110581281,1.4389070289826176
1155,vina_top1,0,1,-8.480815022669468,4.916796514859319
1155,asp_logmean_no_clustering,0,1,-8.480815022669468,4.916796514859319
1155,asp_clustered_2A,0,1,-8.480815022669468,4.916796514859319
1156,vina_top1,0,0,-8.178123464083944,5.452322401199007
1156,asp_logmean_no_clustering,0,1,-7.750933322479361,4.09252934268208
1156,asp_clustered_2A,0,0,-8.178123464083944,5.452322401199007
1157,vina_top1,0,1,-8.609230423669242,4.271647010442179
1157,asp_logmean_no_clustering,0,1,-8.609230423669242,4.271647010442179
1157,asp_clustered_2A,0,1,-8.609230423669242,4.271647010442179
1158,vina_top1,0,1,-7.9281117361747775,5.645376662075046
1158,asp_logmean_no_clustering,0,1,-7.9281117361747775,5.645376662075046
1158,asp_clustered_2A,0,1,-7.9281117361747775,5.645376662075046
1159,vina_top1,1,0,-8.48982897482274,3.0863136354787484
1159,asp_logmean_no_clustering,1,0,-8.48982897482274,3.0863136354787484
1159,asp_clustered_2A,1,0,-8.48982897482274,3.0863136354787484
1160,vina_top1,0,0,-7.878695957522612,0.5067278881923611
1160,asp_logmean_no_clustering,0,0,-7.878695957522612,0.5067278881923611
1160,asp_clustered_2A,0,0,-7.878695957522612,0.5067278881923611
1161,vina_top1,0,1,-8.068933997952993,5.953983227030179
1161,asp_logmean_no_clustering,0,1,-8.068933997952993,5.953983227030179
1161,asp_clustered_2A,0,1,-8.068933997952993,5.953983227030179
1162,vina_top1,1,0,-8.26976155246369,4.938964949912416
1162,asp_logmean_no_clustering,1,0,-8.26976155246369,4.938964949912416
1162,asp_clustered_2A,1,0,-8.26976155246369,4.938964949912416
1163,vina_top1,1,1,-7.9776334437684575,1.9660414997661344
1163,asp_logmean_no_clustering,1,1,-7.9776334437684575,1.9660414997661344
1163,asp_clustered_2A,1,1,-7.9776334437684575,1.9660414997661344
1164,vina_top1,0,0,-8.120506365450057,1.2457057974317005
1164,asp_logmean_no_clustering,0,0,-8.120506365450057,1.2457057974317005
1164,asp_clustered_2A,0,0,-8.120506365450057,1.2457057974317005
1165,vina_top1,0,1,-8.324641779946939,4.92953120854688
1165,asp_logmean_no_clustering,0,1,-8.324641779946939,4.92953120854688
1165,asp_clustered_2A,0,1,-8.324641779946939,4.92953120854688
1166,vina_top1,0,1,-8.504541098563546,5.42347009790698
1166,asp_logmean_no_clustering,0,1,-8.504541098563546,5.42347009790698
1166,asp_clustered_2A,0,1,-8.504541098563546,5.42347009790698
1167,vina_top1,1,0,-8.801410416435585,7.691273430546124
1167,asp_logmean_no_clustering,1,0,-8.801410416435585,7.691273430546124
1167,asp_clustered_2A,1,0,-8.801410416435585,7.691273430546124
1168,vina_top1,1,1,-8.237166120952292,2.0147294648926097
1168,asp_logmean_no_clustering,1,0,-8.14539507733571,5.767666833446757
1168,asp_clustered_2A,1,1,-8.237166120952292,2.0147294648926097
1169,vina_top1,0,1,-8.521294390783794,7.777260907307195
1169,asp_logmean_no_clustering,0,1,-8.521294390783794,7.777260907307195
1169,asp_clustered_2A,0,1,-8.521294390783794,7.777260907307195
1170,vina_top1,0,0,-8.182936888980787,7.183658472494797
1170,asp_logmean_no_clustering,0,0,-8.182936888980787,7.183658472494797
1170,asp_clustered_2A,0,0,-8.182936888980787,7.183658472494797
1171,vina_top1,1,0,-7.970107849631996,3.010752058014558
1171,asp_logmean_no_clustering,1,0,-7.970107849631996,3.010752058014558
1171,asp_clustered_2A,1,0,-7.970107849631996,3.010752058014558
1172,vina_top1,1,1,-7.836769029613998,3.1101004807780255
1172,asp_logmean_no_clustering,1,0,-7.713924101893982,3.637584614214647
1172,asp_clustered_2A,1,1,-7.836769029613998,3.1101004807780255
1173,vina_top1,1,0,-8.247130429072957,4.059738787577934
1173,asp_logmean_no_clustering,1,0,-8.247130429072957,4.059738787577934
1173,asp_clustered_2A,1,0,-8.247130429072957,4.059738787577934
1174,vina_top1,1,1,-8.063558324749273,5.737311449751179
1174,asp_logmean_no_clustering,1,0,-8.029227095818044,5.037492136785617
1174,asp_clustered_2A,1,1,-8.063558324749273,5.737311449751179
1175,vina_top1,0,0,-8.389572200706082,1.2125212877903322
1175,asp_logmean_no_clustering,0,1,-8.224220497432363,5.067708413485027
1175,asp_clustered_2A,0,0,-8.389572200706082,1.2125212877903322
1176,vina_top1,0,1,-8.611027642554626,4.610319975727863
1176,asp_logmean_no_clustering,0,1,-8.611027642554626,4.610319975727863
1176,asp_clustered_2A,0,1,-8.611027642554626,4.610319975727863
1177,vina_top1,0,1,-8.14397459168977,2.6
1177,asp_logmean_no_clustering,0,1,-8.14397459168977,2.6
1177,asp_clustered_2A,0,1,-8.14397459168977,2.6
1178,vina_top1,0,0,-8.955108472802763,5.95359193536165
1178,asp_logmean_no_clustering,0,0,-8.955108472802763,5.95359193536165
1178,asp_clustered_2A,0,0,-8.955108472802763,5.95359193536165
1179,vina_top1,0,0,-8.655766827355531,6.395693189116251
1179,asp_logmean_no_clustering,0,0,-8.655766827355531,6.395693189116251
1179,asp_clustered_2A,0,0,-8.655766827355531,6.395693189116251
1180,vina_top1,1,0,-8.561521832297842,4.745978442373131
1180,asp_logmean_no_clustering,1,0,-8.561521832297842,4.745978442373131
1180,asp_clustered_2A,1,0,-8.561521832297842,4.745978442373131
1181,vina_top1,1,0,-8.958616899661457,4.475311795974026
1181,asp_logmean_no_clustering,1,0,-8.958616899661457,4.475311795974026
1181,asp_clustered_2A,1,0,-8.958616899661457,4.475311795974026
1182,vina_top1,1,1,-8.612844518672766,5.532467487820487
1182,asp_logmean_no_clustering,1,1,-8.612844518672766,5.532467487820487
1182,asp_clustered_2A,1,1,-8.612844518672766,5.532467487820487
1183,vina_top1,1,0,-8.812445934693994,5.084490653349886
1183,asp_logmean_no_clustering,1,0,-8.812445934693994,5.084490653349886
1183,asp_clustered_2A,1,0,-8.812445934693994,5.084490653349886
1184,vina_top1,0,0,-7.671248334166816,1.1428671638242383
1184,asp_logmean_no_clustering,0,1,-7.645770860283236,5.965310621795972
1184,asp_clustered_2A,0,0,-7.671248334166816,1.1428671638242383
1185,vina_top1,0,1,-8.467642696616663,5.853483854479929
1185,asp_logmean_no_clustering,0,1,-8.467642696616663,5.853483854479929
1185,asp_clustered_2A,0,1,-8.467642696616663,5.853483854479929
1186,vina_top1,1,0,-8.307283790083652,5.06088408581541
1186,asp_logmean_no_clustering,1,0,-8.307283790083652,5.06088408581541
1186,asp_clustered_2A,1,0,-8.307283790083652,5.06088408581541
1187,vina_top1,0,0,-8.066144382908536,5.762419991897522
1187,asp_logmean_no_clustering,0,0,-8.066144382908536,5.762419991897522
1187,asp_clustered_2A,0,0,-8.066144382908536,5.762419991897522
1188,vina_top1,0,1,-8.444553980453389,5.544991873625974
1188,asp_logmean_no_clustering,0,1,-8.444553980453389,5.544991873625974
1188,asp_clustered_2A,0,1,-8.444553980453389,5.544991873625974
1189,vina_top1,0,1,-8.459046680291696,2.6
1189,asp_logmean_no_clustering,0,1,-8.459046680291696,2.6
1189,asp_clustered_2A,0,1,-8.459046680291696,2.6
1190,vina_top1,0,1,-8.271082479988305,6.21988889076518
1190,asp_logmean_no_clustering,0,0,-7.850009070033348,5.432844129355845
1190,asp_clustered_2A,0,1,-8.271082479988305,6.21988889076518
1191,vina_top1,0,1,-7.992543512663351,3.819009509781879
1191,asp_logmean_no_clustering,0,0,-7.73870487847584,1.1178186119396933
1191,asp_clustered_2A,0,1,-7.992543512663351,3.819009509781879
1192,vina_top1,1,0,-7.790748439864289,4.919368370095082
1192,asp_logmean_no_clustering,1,0,-7.790748439864289,4.919368370095082
1192,asp_clustered_2A,1,0,-7.790748439864289,4.919368370095082
1193,vina_top1,1,0,-8.538253981416085,4.517352388706048
1193,asp_logmean_no_clustering,1,0,-8.538253981416085,4.517352388706048
1193,asp_clustered_2A,1,0,-8.538253981416085,4.517352388706048
1194,vina_top1,0,1,-8.024719297699608,5.18334437264704
1194,asp_logmean_no_clustering,0,1,-8.024719297699608,5.18334437264704
1194,asp_clustered_2A,0,1,-8.024719297699608,5.18334437264704
1195,vina_top1,1,0,-8.359567231902993,4.790170730394363
1195,asp_logmean_no_clustering,1,0,-8.359567231902993,4.790170730394363
1195,asp_clustered_2A,1,0,-8.359567231902993,4.790170730394363
1196,vina_top1,0,1,-7.836307049896101,6.143307319596974
1196,asp_logmean_no_clustering,0,1,-7.836307049896101,6.143307319596974
1196,asp_clustered_2A,0,1,-7.836307049896101,6.143307319596974
1197,vina_top1,1,0,-8.023409672412662,7.24000603602701
1197,asp_logmean_no_clustering,1,0,-8.023409672412662,7.24000603602701
1197,asp_clustered_2A,1,0,-8.023409672412662,7.24000603602701
1198,vina_top1,1,0,-7.857159702125014,6.620343468845771
1198,asp_logmean_no_clustering,1,0,-7.857159702125014,6.620343468845771
1198,asp_clustered_2A,1,0,-7.857159702125014,6.620343468845771
1199,vina_top1,0,1,-8.184472947172232,2.6663272517949648
1199,asp_logmean_no_clustering,0,1,-8.184472947172232,2.6663272517949648
1199,asp_clustered_2A,0,1,-8.184472947172232,2.6663272517949648
1200,vina_top1,0,0,-8.541840179156177,2.6
1200,asp_logmean_no_clustering,0,0,-8.541840179156177,2.6
1200,asp_clustered_2A,0,0,-8.541840179156177,2.6
1201,vina_top1,0,0,-8.46698677996918,3.250441133019481
1201,asp_logmean_no_clustering,0,0,-8.46698677996918,3.250441133019481
1201,asp_clustered_2A,0,0,-8.46698677996918,3.250441133019481
1202,vina_top1,0,0,-7.797448777830064,4.355045157133658
1202,asp_logmean_no_clustering,0,1,-7.567218651249493,4.509577494656369
1202,asp_clustered_2A,0,0,-7.797448777830064,4.355045157133658
1203,vina_top1,1,1,-8.388990355167792,2.232183559169472
1203,asp_logmean_no_clustering,1,0,-8.369045657450293,6.4810835708089956
1203,asp_clustered_2A,1,1,-8.388990355167792,2.232183559169472
1204,vina_top1,1,0,-8.526853541318811,6.773807973966747
1204,asp_logmean_no_clustering,1,0,-8.526853541318811,6.773807973966747
1204,asp_clustered_2A,1,0,-8.526853541318811,6.773807973966747
1205,vina_top1,0,1,-8.025701668215014,4.909766354468438
1205,asp_logmean_no_clustering,0,1,-8.025701668215014,4.909766354468438
1205,asp_clustered_2A,0,1,-8.025701668215014,4.909766354468438
1206,vina_top1,1,0,-8.63411617269382,2.6
1206,asp_logmean_no_clustering,1,0,-8.63411617269382,2.6
1206,asp_clustered_2A,1,0,-8.63411617269382,2.6
1207,vina_top1,1,0,-8.577901422013468,4.786128188011353
1207,asp_logmean_no_clustering,1,0,-8.577901422013468,4.786128188011353
1207,asp_clustered_2A,1,0,-8.577901422013468,4.786128188011353
1208,vina_top1,0,1,-8.327679328076185,5.49227619181665
1208,asp_logmean_no_clustering,0,1,-8.327679328076185,5.49227619181665
1208,asp_clustered_2A,0,1,-8.327679328076185,5.49227619181665
1209,vina_top1,0,1,-8.291675435431848,4.790013065283164
1209,asp_logmean_no_clustering,0,1,-8.291675435431848,4.790013065283164
1209,asp_clustered_2A,0,1,-8.291675435431848,4.790013065283164
1210,vina_top1,1,1,-8.356428426809744,1.7363565641564915
1210,asp_logmean_no_clustering,1,1,-8.356428426809744,1.7363565641564915
1210,asp_clustered_2A,1,1,-8.356428426809744,1.7363565641564915
1211,vina_top1,0,0,-8.679762238493115,1.8375041848903626
1211,asp_logmean_no_clustering,0,1,-8.661776043045762,5.26111428165831
1211,asp_clustered_2A,0,0,-8.679762238493115,1.8375041848903626
1212,vina_top1,1,0,-8.717851448709578,5.4070661225787395
1212,asp_logmean_no_clustering,1,0,-8.717851448709578,5.4070661225787395
1212,asp_clustered_2A,1,0,-8.717851448709578,5.4070661225787395
1213,vina_top1,1,0,-7.772649234084298,6.394004637255389
1213,asp_logmean_no_clustering,1,0,-7.772649234084298,6.394004637255389
1213,asp_clustered_2A,1,0,-7.772649234084298,6.394004637255389
1214,vina_top1,1,0,-7.893754708802659,6.461222156896579
1214,asp_logmean_no_clustering,1,0,-7.893754708802659,6.461222156896579
1214,asp_clustered_2A,1,0,-7.893754708802659,6.461222156896579
1215,vina_top1,0,1,-8.660864073273846,4.667675653427906
1215,asp_logmean_no_clustering,0,1,-8.660864073273846,4.667675653427906
1215,asp_clustered_2A,0,1,-8.660864073273846,4.667675653427906
1216,vina_top1,0,1,-8.389201315798097,7.686389518651494
1216,asp_logmean_no_clustering,0,1,-8.389201315798097,7.686389518651494
1216,asp_clustered_2A,0,1,-8.389201315798097,7.686389518651494
1217,vina_top1,0,1,-8.970043163202277,6.920542175691
1217,asp_logmean_no_clustering,0,1,-8.970043163202277,6.920542175691
1217,asp_clustered_2A,0,1,-8.970043163202277,6.920542175691
1218,vina_top1,1,0,-8.801972262195287,4.979119807720194
1218,asp_logmean_no_clustering,1,0,-8.801972262195287,4.979119807720194
1218,asp_clustered_2A,1,0,-8.801972262195287,4.979119807720194
1219,vina_top1,0,1,-7.831980830055312,4.623868209976549
1219,asp_logmean_no_clustering,0,1,-7.831980830055312,4.623868209976549
1219,asp_clustered_2A,0,1,-7.831980830055312,4.623868209976549
1220,vina_top1,1,0,-8.484193287611452,5.6032430889254545
1220,asp_logmean_no_clustering,1,0,-8.484193287611452,5.6032430889254545
1220,asp_clustered_2A,1,0,-8.484193287611452,5.6032430889254545
1221,vina_top1,1,1,-7.865328293191999,0.7039059579771867
1221,asp_logmean_no_clustering,1,1,-7.865328293191999,0.7039059579771867
1221,asp_clustered_2A,1,1,-7.865328293191999,0.7039059579771867
1222,vina_top1,1,0,-7.973146810298056,5.3905371769240045
1222,asp_logmean_no_clustering,1,0,-7.973146810298056,5.3905371769240045
1222,asp_clustered_2A,1,0,-7.973146810298056,5.3905371769240045
1223,vina_top1,1,0,-8.10867239496621,5.157561419193546
1223,asp_logmean_no_clustering,1,0,-8.10867239496621,5.157561419193546
1223,asp_clustered_2A,1,0,-8.10867239496621,5.157561419193546
1224,vina_top1,0,1,-7.9614949655361364,5.015452439090626
1224,asp_logmean_no_clustering,0,1,-7.9614949655361364,5.015452439090626
1224,asp_clustered_2A,0,1,-7.9614949655361364,5.015452439090626
1225,vina_top1,1,1,-8.233834975599432,3.000602471685255
1225,asp_logmean_no_clustering,1,1,-8.233834975599432,3.000602471685255
1225,asp_clustered_2A,1,1,-8.233834975599432,3.000602471685255
1226,vina_top1,1,1,-8.122048703626106,4.085678023744251
1226,asp_logmean_no_clustering,1,1,-8.122048703626106,4.085678023744251
1226,asp_clustered_2A,1,1,-8.122048703626106,4.085678023744251
1227,vina_top1,0,1,-8.302434215746583,5.72971476545522
1227,asp_logmean_no_clustering,0,1,-8.302434215746583,5.72971476545522
1227,asp_clustered_2A,0,1,-8.302434215746583,5.72971476545522
1228,vina_top1,0,1,-8.228420849534729,3.2734119168696356
1228,asp_logmean_no_clustering,0,1,-8.228420849534729,3.2734119168696356
1228,asp_clustered_2A,0,1,-8.228420849534729,3.2734119168696356
1229,vina_top1,1,0,-8.791209875886667,4.971551146353002
1229,asp_logmean_no_clustering,1,0,-8.791209875886667,4.971551146353002
1229,asp_clustered_2A,1,0,-8.791209875886667,4.971551146353002
1230,vina_top1,1,1,-8.188782374918329,7.218653038549858
1230,asp_logmean_no_clustering,1,0,-8.048255977830426,5.632405473682198
1230,asp_clustered_2A,1,1,-8.188782374918329,7.218653038549858
1231,vina_top1,0,0,-8.270922047302161,2.2146965607194997
1231,asp_logmean_no_clustering,0,1,-8.144371240099582,6.291667038291214
1231,asp_clustered_2A,0,0,-8.270922047302161,2.2146965607194997
1232,vina_top1,1,0,-8.541100673074858,3.6353943866136644
1232,asp_logmean_no_clustering,1,0,-8.541100673074858,3.6353943866136644
1232,asp_clustered_2A,1,0,-8.541100673074858,3.6353943866136644
1233,vina_top1,0,1,-8.314830342377894,5.639356037659221
1233,asp_logmean_no_clustering,0,1,-8.314830342377894,5.639356037659221
1233,asp_clustered_2A,0,1,-8.314830342377894,5.639356037659221
1234,vina_top1,1,0,-7.96494331629573,5.006683027170339
1234,asp_logmean_no_clustering,1,0,-7.96494331629573,5.006683027170339
1234,asp_clustered_2A,1,0,-7.96494331629573,5.006683027170339
1235,vina_top1,0,1,-8.08138656487027,4.274713337705369
1235,asp_logmean_no_clustering,0,1,-8.08138656487027,4.274713337705369
1235,asp_clustered_2A,0,1,-8.08138656487027,4.274713337705369
1236,vina_top1,0,1,-8.461378537520357,5.640965910146866
1236,asp_logmean_no_clustering,0,1,-8.461378537520357,5.640965910146866
1236,asp_clustered_2A,0,1,-8.461378537520357,5.640965910146866
1237,vina_top1,0,1,-8.171502921363127,6.33168764433666
1237,asp_logmean_no_clustering,0,1,-8.171502921363127,6.33168764433666
1237,asp_clustered_2A,0,1,-8.171502921363127,6.33168764433666
1238,vina_top1,0,1,-8.381407017188515,5.03295837147772
1238,asp_logmean_no_clustering,0,1,-8.381407017188515,5.03295837147772
1238,asp_clustered_2A,0,1,-8.381407017188515,5.03295837147772
1239,vina_top1,0,1,-8.11262653688814,4.688383605900601
1239,asp_logmean_no_clustering,0,1,-8.11262653688814,4.688383605900601
1239,asp_clustered_2A,0,1,-8.11262653688814,4.688383605900601
1240,vina_top1,0,1,-8.985511521936074,4.806287850449072
1240,asp_logmean_no_clustering,0,1,-8.985511521936074,4.806287850449072
1240,asp_clustered_2A,0,1,-8.985511521936074,4.806287850449072
1241,vina_top1,1,0,-8.368733482934473,5.322994170311794
1241,asp_logmean_no_clustering,1,0,-8.368733482934473,5.322994170311794
1241,asp_clustered_2A,1,0,-8.368733482934473,5.322994170311794
1242,vina_top1,1,1,-8.30367976808825,5.791079755444349
1242,asp_logmean_no_clustering,1,0,-8.020744840516391,5.653568947485574
1242,asp_clustered_2A,1,1,-8.30367976808825,5.791079755444349
1243,vina_top1,0,1,-8.196218171140341,2.6168268865869337
1243,asp_logmean_no_clustering,0,1,-8.196218171140341,2.6168268865869337
1243,asp_clustered_2A,0,1,-8.196218171140341,2.6168268865869337
1244,vina_top1,1,0,-7.807924889023164,4.5898543100102565
1244,asp_logmean_no_clustering,1,0,-7.807924889023164,4.5898543100102565
1244,asp_clustered_2A,1,0,-7.807924889023164,4.5898543100102565
1245,vina_top1,0,1,-8.266262097458558,4.805020082350524
1245,asp_logmean_no_clustering,0,1,-8.266262097458558,4.805020082350524
1245,asp_clustered_2A,0,1,-8.266262097458558,4.805020082350524
1246,vina_top1,0,0,-8.165314422508835,5.103278290191098
1246,asp_logmean_no_clustering,0,0,-8.165314422508835,5.103278290191098
1246,asp_clustered_2A,0,0,-8.165314422508835,5.103278290191098
1247,vina_top1,1,0,-8.029225748481494,5.671660082095451
1247,asp_logmean_no_clustering,1,0,-8.029225748481494,5.671660082095451
1247,asp_clustered_2A,1,0,-8.029225748481494,5.671660082095451
1248,vina_top1,0,0,-8.013575002775761,4.212171641442723
1248,asp_logmean_no_clustering,0,0,-8.013575002775761,4.212171641442723
1248,asp_clustered_2A,0,0,-8.013575002775761,4.212171641442723
1249,vina_top1,1,1,-7.989925159852692,5.0091881640616105
1249,asp_logmean_no_clustering,1,1,-7.989925159852692,5.0091881640616105
1249,asp_clustered_2A,1,1,-7.989925159852692,5.0091881640616105
1250,vina_top1,1,1,-8.787191206321715,1.8311494121900345
1250,asp_logmean_no_clustering,1,1,-8.787191206321715,1.8311494121900345
1250,asp_clustered_2A,1,1,-8.787191206321715,1.8311494121900345
1251,vina_top1,0,1,-8.025033480044565,6.365893403893674
1251,asp_logmean_no_clustering,0,0,-7.853558450967092,4.21539392606625
1251,asp_clustered_2A,0,1,-8.025033480044565,6.365893403893674
1252,vina_top1,1,1,-8.33742813221832,1.1793954234014503
1252,asp_logmean_no_clustering,1,0,-8.074082179281223,6.439984248425727
1252,asp_clustered_2A,1,1,-8.33742813221832,1.1793954234014503
1253,vina_top1,1,1,-8.479910670924943,1.4598621064374213
1253,asp_logmean_no_clustering,1,1,-8.479910670924943,1.4598621064374213
1253,asp_clustered_2A,1,1,-8.479910670924943,1.4598621064374213
1254,vina_top1,1,1,-7.701059757706689,5.833080842781662
1254,asp_logmean_no_clustering,1,0,-7.553245575992235,4.993498698803778
1254,asp_clustered_2A,1,1,-7.701059757706689,5.833080842781662
1255,vina_top1,1,0,-7.993021591551312,4.327666027761926
1255,asp_logmean_no_clustering,1,0,-7.993021591551312,4.327666027761926
1255,asp_clustered_2A,1,0,-7.993021591551312,4.327666027761926
1256,vina_top1,1,0,-7.970571949657512,5.771001427567185
1256,asp_logmean_no_clustering,1,0,-7.970571949657512,5.771001427567185
1256,asp_clustered_2A,1,0,-7.970571949657512,5.771001427567185
1257,vina_top1,1,0,-8.478423567770616,3.5331097693412907
1257,asp_logmean_no_clustering,1,0,-8.478423567770616,3.5331097693412907
1257,asp_clustered_2A,1,0,-8.478423567770616,3.5331097693412907
1258,vina_top1,0,0,-8.725341632282072,0.9214665549074649
1258,asp_logmean_no_clustering,0,0,-8.725341632282072,0.9214665549074649
1258,asp_clustered_2A,0,0,-8.725341632282072,0.9214665549074649
1259,vina_top1,0,0,-9.359205880524323,1.2178156091709436
1259,asp_logmean_no_clustering,0,0,-9.359205880524323,1.2178156091709436
1259,asp_clustered_2A,0,0,-9.359205880524323,1.2178156091709436
1260,vina_top1,1,0,-8.512570789960662,4.195025335188112
1260,asp_logmean_no_clustering,1,0,-8.512570789960662,4.195025335188112
1260,asp_clustered_2A,1,0,-8.512570789960662,4.195025335188112
1261,vina_top1,0,1,-8.35915114462714,5.400274368575157
1261,asp_logmean_no_clustering,0,1,-8.35915114462714,5.400274368575157
1261,asp_clustered_2A,0,1,-8.35915114462714,5.400274368575157
1262,vina_top1,1,1,-7.7548993592578475,0.9957773822314375
1262,asp_logmean_no_clustering,1,1,-7.7548993592578475,0.9957773822314375
1262,asp_clustered_2A,1,1,-7.7548993592578475,0.9957773822314375
1263,vina_top1,1,1,-8.168009854191915,1.1651326790838783
1263,asp_logmean_no_clustering,1,0,-7.999390953512269,6.319355810524857
1263,asp_clustered_2A,1,1,-8.168009854191915,1.1651326790838783
1264,vina_top1,0,0,-8.406061947860607,1.5610025344283431
1264,asp_logmean_no_clustering,0,1,-7.94120162974203,4.545306302702434
1264,asp_clustered_2A,0,0,-8.406061947860607,1.5610025344283431
1265,vina_top1,0,1,-8.599802878184708,3.5084200099101435
1265,asp_logmean_no_clustering,0,1,-8.599802878184708,3.5084200099101435
1265,asp_clustered_2A,0,1,-8.599802878184708,3.5084200099101435
1266,vina_top1,0,1,-8.573072961794175,6.2175231057775004
1266,asp_logmean_no_clustering,0,1,-8.573072961794175,6.2175231057775004
1266,asp_clustered_2A,0,1,-8.573072961794175,6.2175231057775004
1267,vina_top1,0,1,-7.721194399913758,4.320576358740843
1267,asp_logmean_no_clustering,0,1,-7.721194399913758,4.320576358740843
1267,asp_clustered_2A,0,1,-7.721194399913758,4.320576358740843
1268,vina_top1,0,0,-8.429918294494666,3.5278398289602837
1268,asp_logmean_no_clustering,0,0,-8.429918294494666,3.5278398289602837
1268,asp_clustered_2A,0,0,-8.429918294494666,3.5278398289602837
1269,vina_top1,1,0,-8.207133381952842,5.6252628787302985
1269,asp_logmean_no_clustering,1,0,-8.207133381952842,5.6252628787302985
1269,asp_clustered_2A,1,0,-8.207133381952842,5.6252628787302985
1270,vina_top1,1,0,-7.887398616539048,5.689185630848392
1270,asp_logmean_no_clustering,1,0,-7.887398616539048,5.689185630848392
1270,asp_clustered_2A,1,0,-7.887398616539048,5.689185630848392
1271,vina_top1,1,0,-8.322950984976222,2.6
1271,asp_logmean_no_clustering,1,0,-8.322950984976222,2.6
1271,asp_clustered_2A,1,0,-8.322950984976222,2.6
1272,vina_top1,0,0,-8.489710282999754,6.27016744556209
1272,asp_logmean_no_clustering,0,1,-8.25892023846361,5.186950030006643
1272,asp_clustered_2A,0,0,-8.489710282999754,6.27016744556209
1273,vina_top1,1,0,-8.320167008354684,5.570561357471627
1273,asp_logmean_no_clustering,1,0,-8.320167008354684,5.570561357471627
1273,asp_clustered_2A,1,0,-8.320167008354684,5.570561357471627
1274,vina_top1,0,1,-7.919092863566948,3.162107725094593
1274,asp_logmean_no_clustering,0,1,-7.919092863566948,3.162107725094593
1274,asp_clustered_2A,0,1,-7.919092863566948,3.162107725094593
1275,vina_top1,1,1,-8.208964685522952,1.8324963238673573
1275,asp_logmean_no_clustering,1,1,-8.208964685522952,1.8324963238673573
1275,asp_clustered_2A,1,1,-8.208964685522952,1.8324963238673573
1276,vina_top1,1,0,-8.531460543747007,4.654691657269759
1276,asp_logmean_no_clustering,1,0,-8.531460543747007,4.654691657269759
1276,asp_clustered_2A,1,0,-8.531460543747007,4.654691657269759
1277,vina_top1,0,0,-8.09777640484661,4.6451798938570406
1277,asp_logmean_no_clustering,0,0,-8.09777640484661,4.6451798938570406
1277,asp_clustered_2A,0,0,-8.09777640484661,4.6451798938570406
1278,vina_top1,0,1,-8.324839772599873,7.633084248698978
1278,asp_logmean_no_clustering,0,1,-8.324839772599873,7.633084248698978
1278,asp_clustered_2A,0,1,-8.324839772599873,7.633084248698978
1279,vina_top1,1,0,-8.553158198817886,3.585606420301409
1279,asp_logmean_no_clustering,1,0,-8.553158198817886,3.585606420301409
1279,asp_clustered_2A,1,0,-8.553158198817886,3.585606420301409
1280,vina_top1,1,0,-9.152971070216871,6.451971307941315
1280,asp_logmean_no_clustering,1,0,-9.152971070216871,6.451971307941315
1280,asp_clustered_2A,1,0,-9.152971070216871,6.451971307941315
1281,vina_top1,1,1,-8.28823563432991,5.981798199831422
1281,asp_logmean_no_clustering,1,0,-8.189162002864252,4.102697962282334
1281,asp_clustered_2A,1,1,-8.28823563432991,5.981798199831422
1282,vina_top1,0,1,-8.966266112077713,5.499541041842413
1282,asp_logmean_no_clustering,0,1,-8.966266112077713,5.499541041842413
1282,asp_clustered_2A,0,1,-8.966266112077713,5.499541041842413
1283,vina_top1,1,0,-8.549174335612474,4.192021484393199
1283,asp_logmean_no_clustering,1,0,-8.549174335612474,4.192021484393199
1283,asp_clustered_2A,1,0,-8.549174335612474,4.192021484393199
1284,vina_top1,0,1,-8.32904483082333,2.602834144424509
1284,asp_logmean_no_clustering,0,1,-8.32904483082333,2.602834144424509
1284,asp_clustered_2A,0,1,-8.32904483082333,2.602834144424509
1285,vina_top1,1,0,-8.358034070277078,4.684752926576866
1285,asp_logmean_no_clustering,1,0,-8.358034070277078,4.684752926576866
1285,asp_clustered_2A,1,0,-8.358034070277078,4.684752926576866
1286,vina_top1,1,0,-8.170927732004559,5.652718539788969
1286,asp_logmean_no_clustering,1,0,-8.170927732004559,5.652718539788969
1286,asp_clustered_2A,1,0,-8.170927732004559,5.652718539788969
1287,vina_top1,0,0,-8.270593518643537,3.5600325567189843
1287,asp_logmean_no_clustering,0,1,-8.190430307864613,5.927469930346229
1287,asp_clustered_2A,0,0,-8.270593518643537,3.5600325567189843
1288,vina_top1,1,1,-7.854288443717268,5.625788301548809
1288,asp_logmean_no_clustering,1,0,-7.795980151055398,6.466408836445472
1288,asp_clustered_2A,1,1,-7.854288443717268,5.625788301548809
1289,vina_top1,1,1,-8.051463792765617,3.4967491356112506
1289,asp_logmean_no_clustering,1,0,-8.050893485570532,4.225344728147502
1289,asp_clustered_2A,1,1,-8.051463792765617,3.4967491356112506
1290,vina_top1,0,1,-9.184795968563575,4.928203073190658
1290,asp_logmean_no_clustering,0,1,-9.184795968563575,4.928203073190658
1290,asp_clustered_2A,0,1,-9.184795968563575,4.928203073190658
1291,vina_top1,0,1,-8.498745158348482,3.8736955949929337
1291,asp_logmean_no_clustering,0,1,-8.498745158348482,3.8736955949929337
1291,asp_clustered_2A,0,1,-8.498745158348482,3.8736955949929337
1292,vina_top1,1,0,-8.064557627937376,6.328955725239243
1292,asp_logmean_no_clustering,1,0,-8.064557627937376,6.328955725239243
1292,asp_clustered_2A,1,0,-8.064557627937376,6.328955725239243
1293,vina_top1,0,1,-8.022891364520987,3.038034098884359
1293,asp_logmean_no_clustering,0,1,-8.022891364520987,3.038034098884359
1293,asp_clustered_2A,0,1,-8.022891364520987,3.038034098884359
1294,vina_top1,1,0,-8.146181517499961,4.669326865314912
1294,asp_logmean_no_clustering,1,0,-8.146181517499961,4.669326865314912
1294,asp_clustered_2A,1,0,-8.146181517499961,4.669326865314912
1295,vina_top1,1,1,-8.550463764766436,4.113706721541399
1295,asp_logmean_no_clustering,1,0,-8.009079131506248,4.423506155793345
1295,asp_clustered_2A,1,1,-8.550463764766436,4.113706721541399
1296,vina_top1,0,1,-8.103481083767536,4.525689547859863
1296,asp_logmean_no_clustering,0,1,-8.103481083767536,4.525689547859863
1296,asp_clustered_2A,0,1,-8.103481083767536,4.525689547859863
1297,vina_top1,0,1,-8.60111881706043,5.405648328325038
1297,asp_logmean_no_clustering,0,1,-8.60111881706043,5.405648328325038
1297,asp_clustered_2A,0,1,-8.60111881706043,5.405648328325038
1298,vina_top1,1,0,-8.71456995575163,4.9655469703747155
1298,asp_logmean_no_clustering,1,0,-8.71456995575163,4.9655469703747155
1298,asp_clustered_2A,1,0,-8.71456995575163,4.9655469703747155
1299,vina_top1,0,0,-8.411881896916306,1.056854348885929
1299,asp_logmean_no_clustering,0,1,-8.256973003697446,3.825896312319516
1299,asp_clustered_2A,0,0,-8.411881896916306,1.056854348885929
1300,vina_top1,1,0,-8.994521617932932,6.892124738977361
1300,asp_logmean_no_clustering,1,0,-8.994521617932932,6.892124738977361
1300,asp_clustered_2A,1,0,-8.994521617932932,6.892124738977361
1301,vina_top1,0,1,-8.391566068543469,5.074734487801227
1301,asp_logmean_no_clustering,0,1,-8.391566068543469,5.074734487801227
1301,asp_clustered_2A,0,1,-8.391566068543469,5.074734487801227
1302,vina_top1,0,1,-8.494564417975965,8.098185537539077
1302,asp_logmean_no_clustering,0,1,-8.494564417975965,8.098185537539077
1302,asp_clustered_2A,0,1,-8.494564417975965,8.098185537539077
1303,vina_top1,1,0,-8.447107987161049,6.129273288157508
1303,asp_logmean_no_clustering,1,0,-8.447107987161049,6.129273288157508
1303,asp_clustered_2A,1,0,-8.447107987161049,6.129273288157508
1304,vina_top1,0,1,-8.319885137021236,5.549099468643647
1304,asp_logmean_no_clustering,0,1,-8.319885137021236,5.549099468643647
1304,asp_clustered_2A,0,1,-8.319885137021236,5.549099468643647
1305,vina_top1,0,1,-8.893534061811572,5.526445392742459
1305,asp_logmean_no_clustering,0,1,-8.893534061811572,5.526445392742459
1305,asp_clustered_2A,0,1,-8.893534061811572,5.526445392742459
1306,vina_top1,1,0,-8.475896167802329,5.364960269904731
1306,asp_logmean_no_clustering,1,0,-8.475896167802329,5.364960269904731
1306,asp_clustered_2A,1,0,-8.475896167802329,5.364960269904731
1307,vina_top1,1,0,-8.574042394149856,4.037107876463451
1307,asp_logmean_no_clustering,1,0,-8.574042394149856,4.037107876463451
1307,asp_clustered_2A,1,0,-8.574042394149856,4.037107876463451
1308,vina_top1,0,1,-8.145775696990047,4.679708073863783
1308,asp_logmean_no_clustering,0,1,-8.145775696990047,4.679708073863783
1308,asp_clustered_2A,0,1,-8.145775696990047,4.679708073863783
1309,vina_top1,1,0,-8.442773045875333,6.754460072456288
1309,asp_logmean_no_clustering,1,0,-8.442773045875333,6.754460072456288
1309,asp_clustered_2A,1,0,-8.442773045875333,6.754460072456288
1310,vina_top1,1,1,-8.565010357244121,4.903205306020138
1310,asp_logmean_no_clustering,1,1,-8.565010357244121,4.903205306020138
1310,asp_clustered_2A,1,1,-8.565010357244121,4.903205306020138
1311,vina_top1,0,1,-8.13280005584165,4.0029992993289785
1311,asp_logmean_no_clustering,0,1,-8.13280005584165,4.0029992993289785
1311,asp_clustered_2A,0,1,-8.13280005584165,4.0029992993289785
1312,vina_top1,1,1,-8.20669705894576,1.4890262833243786
1312,asp_logmean_no_clustering,1,1,-8.20669705894576,1.4890262833243786
1312,asp_clustered_2A,1,1,-8.20669705894576,1.4890262833243786
1313,vina_top1,0,1,-8.240626312867535,4.224909730907173
1313,asp_logmean_no_clustering,0,0,-7.747451787433297,4.389173748275578
1313,asp_clustered_2A,0,1,-8.240626312867535,4.224909730907173
1314,vina_top1,0,0,-8.001101712298029,0.8389178438847865
1314,asp_logmean_no_clustering,0,1,-7.816527115773895,3.830758941655872
1314,asp_clustered_2A,0,0,-8.001101712298029,0.8389178438847865
1315,vina_top1,1,0,-8.88450522539199,4.998097449559529
1315,asp_logmean_no_clustering,1,0,-8.88450522539199,4.998097449559529
1315,asp_clustered_2A,1,0,-8.88450522539199,4.998097449559529
1316,vina_top1,0,1,-7.9802841810026495,4.774489512900831
1316,asp_logmean_no_clustering,0,1,-7.9802841810026495,4.774489512900831
1316,asp_clustered_2A,0,1,-7.9802841810026495,4.774489512900831
1317,vina_top1,0,1,-8.142936212285058,3.3461250027442464
1317,asp_logmean_no_clustering,0,1,-8.142936212285058,3.3461250027442464
1317,asp_clustered_2A,0,1,-8.142936212285058,3.3461250027442464
1318,vina_top1,0,1,-7.913777079296151,6.802378056420755
1318,asp_logmean_no_clustering,0,0,-7.721974747186268,4.7830074211248155
1318,asp_clustered_2A,0,1,-7.913777079296151,6.802378056420755
1319,vina_top1,0,1,-8.50586434378275,4.454596846750802
1319,asp_logmean_no_clustering,0,1,-8.50586434378275,4.454596846750802
1319,asp_clustered_2A,0,1,-8.50586434378275,4.454596846750802
1320,vina_top1,0,1,-8.032258093717282,5.922506160937459
1320,asp_logmean_no_clustering,0,1,-8.032258093717282,5.922506160937459
1320,asp_clustered_2A,0,1,-8.032258093717282,5.922506160937459
1321,vina_top1,1,0,-8.587277272572386,6.327298285411987
1321,asp_logmean_no_clustering,1,0,-8.587277272572386,6.327298285411987
1321,asp_clustered_2A,1,0,-8.587277272572386,6.327298285411987
1322,vina_top1,1,0,-8.109014026493652,5.744327119748463
1322,asp_logmean_no_clustering,1,1,-8.049590085575648,4.634195068164255
1322,asp_clustered_2A,1,0,-8.109014026493652,5.744327119748463
1323,vina_top1,0,1,-8.232438848559188,5.551448837282212
1323,asp_logmean_no_clustering,0,1,-8.232438848559188,5.551448837282212
1323,asp_clustered_2A,0,1,-8.232438848559188,5.551448837282212
1324,vina_top1,1,0,-8.32783592664485,6.146856711760462
1324,asp_logmean_no_clustering,1,1,-8.245475158246439,7.400841120604296
1324,asp_clustered_2A,1,0,-8.32783592664485,6.146856711760462
1325,vina_top1,0,1,-8.150991486641544,4.915323501222918
1325,asp_logmean_no_clustering,0,1,-8.150991486641544,4.915323501222918
1325,asp_clustered_2A,0,1,-8.150991486641544,4.915323501222918
1326,vina_top1,1,0,-8.698299293172443,7.338593492782192
1326,asp_logmean_no_clustering,1,0,-8.698299293172443,7.338593492782192
1326,asp_clustered_2A,1,0,-8.698299293172443,7.338593492782192
1327,vina_top1,0,1,-8.377814990410908,4.841689399227762
1327,asp_logmean_no_clustering,0,1,-8.377814990410908,4.841689399227762
1327,asp_clustered_2A,0,1,-8.377814990410908,4.841689399227762
1328,vina_top1,1,1,-8.12865275127338,7.43419437886454
1328,asp_logmean_no_clustering,1,0,-7.975519209608829,4.454470701629433
1328,asp_clustered_2A,1,1,-8.12865275127338,7.43419437886454
1329,vina_top1,0,0,-8.305126517158088,1.3526392698101852
1329,asp_logmean_no_clustering,0,1,-8.258751208432548,3.5867756805846582
1329,asp_clustered_2A,0,0,-8.305126517158088,1.3526392698101852
1330,vina_top1,1,0,-8.464234863119277,5.116497603178563
1330,asp_logmean_no_clustering,1,0,-8.464234863119277,5.116497603178563
1330,asp_clustered_2A,1,0,-8.464234863119277,5.116497603178563
1331,vina_top1,0,1,-7.866921952402061,6.685077758482034
1331,asp_logmean_no_clustering,0,1,-7.866921952402061,6.685077758482034
1331,asp_clustered_2A,0,1,-7.866921952402061,6.685077758482034
1332,vina_top1,0,1,-8.75734169992598,4.124768794931763
1332,asp_logmean_no_clustering,0,1,-8.75734169992598,4.124768794931763
1332,asp_clustered_2A,0,1,-8.75734169992598,4.124768794931763
1333,vina_top1,0,1,-8.743447625306377,4.484420850530423
1333,asp_logmean_no_clustering,0,1,-8.743447625306377,4.484420850530423
1333,asp_clustered_2A,0,1,-8.743447625306377,4.484420850530423
1334,vina_top1,1,0,-8.330139257909082,4.3209729230585365
1334,asp_logmean_no_clustering,1,0,-8.330139257909082,4.3209729230585365
1334,asp_clustered_2A,1,0,-8.330139257909082,4.3209729230585365
1335,vina_top1,0,1,-8.02729956503908,3.318094726371762
1335,asp_logmean_no_clustering,0,1,-8.02729956503908,3.318094726371762
1335,asp_clustered_2A,0,1,-8.02729956503908,3.318094726371762
1336,vina_top1,1,1,-8.451882127151775,1.2064962074097352
1336,asp_logmean_no_clustering,1,1,-8.451882127151775,1.2064962074097352
1336,asp_clustered_2A,1,1,-8.451882127151775,1.2064962074097352
1337,vina_top1,1,0,-8.810518692340628,4.145435211204189
1337,asp_logmean_no_clustering,1,0,-8.810518692340628,4.145435211204189
1337,asp_clustered_2A,1,0,-8.810518692340628,4.145435211204189
1338,vina_top1,0,0,-8.162784083579519,0.8048393397993031
1338,asp_logmean_no_clustering,0,0,-8.162784083579519,0.8048393397993031
1338,asp_clustered_2A,0,0,-8.162784083579519,0.8048393397993031
1339,vina_top1,1,0,-8.29457835047992,4.966439572342495
1339,asp_logmean_no_clustering,1,0,-8.29457835047992,4.966439572342495
1339,asp_clustered_2A,1,0,-8.29457835047992,4.966439572342495
1340,vina_top1,1,0,-8.315530891354529,4.800416190902786
1340,asp_logmean_no_clustering,1,0,-8.315530891354529,4.800416190902786
1340,asp_clustered_2A,1,0,-8.315530891354529,4.800416190902786
1341,vina_top1,0,0,-8.39315911736308,1.941318621889632
1341,asp_logmean_no_clustering,0,0,-8.39315911736308,1.941318621889632
1341,asp_clustered_2A,0,0,-8.39315911736308,1.941318621889632
1342,vina_top1,0,1,-8.417541709951028,3.3047963974683237
1342,asp_logmean_no_clustering,0,1,-8.417541709951028,3.3047963974683237
1342,asp_clustered_2A,0,1,-8.417541709951028,3.3047963974683237
1343,vina_top1,0,1,-8.108133010438296,8.636733881940941
1343,asp_logmean_no_clustering,0,1,-8.108133010438296,8.636733881940941
1343,asp_clustered_2A,0,1,-8.108133010438296,8.636733881940941
1344,vina_top1,0,1,-8.239822505664254,3.8477661535793537
1344,asp_logmean_no_clustering,0,1,-8.239822505664254,3.8477661535793537
1344,asp_clustered_2A,0,1,-8.239822505664254,3.8477661535793537
1345,vina_top1,0,1,-8.694669871055986,5.8826127584049495
1345,asp_logmean_no_clustering,0,1,-8.694669871055986,5.8826127584049495
1345,asp_clustered_2A,0,1,-8.694669871055986,5.8826127584049495
1346,vina_top1,1,1,-8.467730788491972,1.1598964124550237
1346,asp_logmean_no_clustering,1,1,-8.467730788491972,1.1598964124550237
1346,asp_clustered_2A,1,1,-8.467730788491972,1.1598964124550237
1347,vina_top1,1,0,-7.8921450335784185,4.981400067233237
1347,asp_logmean_no_clustering,1,0,-7.8921450335784185,4.981400067233237
1347,asp_clustered_2A,1,0,-7.8921450335784185,4.981400067233237
1348,vina_top1,0,1,-8.279670901785734,4.627378648025419
1348,asp_logmean_no_clustering,0,1,-8.279670901785734,4.627378648025419
1348,asp_clustered_2A,0,1,-8.279670901785734,4.627378648025419
1349,vina_top1,0,0,-8.398696260456276,1.9219490491455236
1349,asp_logmean_no_clustering,0,0,-8.398696260456276,1.9219490491455236
1349,asp_clustered_2A,0,0,-8.398696260456276,1.9219490491455236
1350,vina_top1,1,1,-7.943257272436572,0.9261275385192178
1350,asp_logmean_no_clustering,1,0,-7.581173599291345,5.833223089296318
1350,asp_clustered_2A,1,1,-7.943257272436572,0.9261275385192178
1351,vina_top1,1,1,-7.762160716755536,6.793764911608227
1351,asp_logmean_no_clustering,1,0,-7.542565373033503,4.1783732640344375
1351,asp_clustered_2A,1,1,-7.762160716755536,6.793764911608227
1352,vina_top1,0,1,-8.25723317575483,3.7062885891189685
1352,asp_logmean_no_clustering,0,1,-8.25723317575483,3.7062885891189685
1352,asp_clustered_2A,0,1,-8.25723317575483,3.7062885891189685
1353,vina_top1,0,1,-8.025962749673154,4.722330642285527
1353,asp_logmean_no_clustering,0,1,-8.025962749673154,4.722330642285527
1353,asp_clustered_2A,0,1,-8.025962749673154,4.722330642285527
1354,vina_top1,1,1,-8.550898331896265,1.9675996011837613
1354,asp_logmean_no_clustering,1,1,-8.550898331896265,1.9675996011837613
1354,asp_clustered_2A,1,1,-8.550898331896265,1.9675996011837613
1355,vina_top1,0,1,-8.677130915835269,4.68607668732114
1355,asp_logmean_no_clustering,0,1,-8.677130915835269,4.68607668732114
1355,asp_clustered_2A,0,1,-8.677130915835269,4.68607668732114
1356,vina_top1,0,0,-8.049670211275595,1.2692014114702372
1356,asp_logmean_no_clustering,0,1,-7.617407224145935,7.078309209085265
1356,asp_clustered_2A,0,0,-8.049670211275595,1.2692014114702372
1357,vina_top1,1,0,-8.483375884065614,3.8445774226583618
1357,asp_logmean_no_clustering,1,0,-8.483375884065614,3.8445774226583618
1357,asp_clustered_2A,1,0,-8.483375884065614,3.8445774226583618
1358,vina_top1,1,0,-8.609576508829837,4.935210366110164
1358,asp_logmean_no_clustering,1,0,-8.609576508829837,4.935210366110164
1358,asp_clustered_2A,1,0,-8.609576508829837,4.935210366110164
1359,vina_top1,0,0,-7.917284539082717,4.439011313767413
1359,asp_logmean_no_clustering,0,1,-7.896898465246576,4.140569938575708
1359,asp_clustered_2A,0,0,-7.917284539082717,4.439011313767413
1360,vina_top1,0,1,-8.597623266967442,5.589400405094979
1360,asp_logmean_no_clustering,0,1,-8.597623266967442,5.589400405094979
1360,asp_clustered_2A,0,1,-8.597623266967442,5.589400405094979
1361,vina_top1,1,0,-8.091363100367264,4.3378539192757755
1361,asp_logmean_no_clustering,1,0,-8.091363100367264,4.3378539192757755
1361,asp_clustered_2A,1,0,-8.091363100367264,4.3378539192757755
1362,vina_top1,0,0,-8.509471122823257,7.721471198282497
1362,asp_logmean_no_clustering,0,1,-8.024113395810394,3.35088241165975
1362,asp_clustered_2A,0,0,-8.509471122823257,7.721471198282497
1363,vina_top1,1,0,-8.442213441411727,6.311209440687847
1363,asp_logmean_no_clustering,1,0,-8.442213441411727,6.311209440687847
1363,asp_clustered_2A,1,0,-8.442213441411727,6.311209440687847
1364,vina_top1,1,0,-8.348751863095229,4.919462005055997
1364,asp_logmean_no_clustering,1,0,-8.348751863095229,4.919462005055997
1364,asp_clustered_2A,1,0,-8.348751863095229,4.919462005055997
1365,vina_top1,0,1,-8.032492562778815,5.850655990230386
1365,asp_logmean_no_clustering,0,1,-8.032492562778815,5.850655990230386
1365,asp_clustered_2A,0,1,-8.032492562778815,5.850655990230386
1366,vina_top1,1,0,-8.547779890144515,5.130686898938382
1366,asp_logmean_no_clustering,1,0,-8.547779890144515,5.130686898938382
1366,asp_clustered_2A,1,0,-8.547779890144515,5.130686898938382
1367,vina_top1,1,1,-8.64503786867578,5.103274307924572
1367,asp_logmean_no_clustering,1,1,-8.64503786867578,5.103274307924572
1367,asp_clustered_2A,1,1,-8.64503786867578,5.103274307924572
1368,vina_top1,0,1,-7.99190518248205,2.6
1368,asp_logmean_no_clustering,0,1,-7.99190518248205,2.6
1368,asp_clustered_2A,0,1,-7.99190518248205,2.6
1369,vina_top1,1,1,-7.820770659773877,5.35409981044932
1369,asp_logmean_no_clustering,1,0,-7.645101182802365,4.3058809553591315
1369,asp_clustered_2A,1,1,-7.820770659773877,5.35409981044932
1370,vina_top1,0,1,-8.568381228636625,3.868958119262944
1370,asp_logmean_no_clustering,0,1,-8.568381228636625,3.868958119262944
1370,asp_clustered_2A,0,1,-8.568381228636625,3.868958119262944
1371,vina_top1,1,0,-8.041933186255836,4.251084692946439
1371,asp_logmean_no_clustering,1,0,-8.041933186255836,4.251084692946439
1371,asp_clustered_2A,1,0,-8.041933186255836,4.251084692946439
1372,vina_top1,1,1,-7.896678006132669,1.2904400776042304
1372,asp_logmean_no_clustering,1,1,-7.896678006132669,1.2904400776042304
1372,asp_clustered_2A,1,1,-7.896678006132669,1.2904400776042304
1373,vina_top1,1,0,-8.21918310906396,4.566446654516458
1373,asp_logmean_no_clustering,1,0,-8.21918310906396,4.566446654516458
1373,asp_clustered_2A,1,0,-8.21918310906396,4.566446654516458
1374,vina_top1,1,0,-7.9328932931247,4.548206686123263
1374,asp_logmean_no_clustering,1,0,-7.9328932931247,4.548206686123263
1374,asp_clustered_2A,1,0,-7.9328932931247,4.548206686123263
1375,vina_top1,0,1,-8.465332175822994,3.9320324315698345
1375,asp_logmean_no_clustering,0,1,-8.465332175822994,3.9320324315698345
1375,asp_clustered_2A,0,1,-8.465332175822994,3.9320324315698345
1376,vina_top1,1,1,-8.901892960877854,1.2681494016990222
1376,asp_logmean_no_clustering,1,1,-8.901892960877854,1.2681494016990222
1376,asp_clustered_2A,1,1,-8.901892960877854,1.2681494016990222
1377,vina_top1,1,0,-8.358604190139744,4.891211742802052
1377,asp_logmean_no_clustering,1,0,-8.358604190139744,4.891211742802052
1377,asp_clustered_2A,1,0,-8.358604190139744,4.891211742802052
1378,vina_top1,0,1,-8.938773993232317,5.904930841469942
1378,asp_logmean_no_clustering,0,1,-8.938773993232317,5.904930841469942
1378,asp_clustered_2A,0,1,-8.938773993232317,5.904930841469942
1379,vina_top1,1,0,-8.052612007194702,5.291156131112266
1379,asp_logmean_no_clustering,1,0,-8.052612007194702,5.291156131112266
1379,asp_clustered_2A,1,0,-8.052612007194702,5.291156131112266
1380,vina_top1,1,1,-8.139861938609192,0.8478042280993442
1380,asp_logmean_no_clustering,1,0,-7.9678252070519155,6.276138684496959
1380,asp_clustered_2A,1,1,-8.139861938609192,0.8478042280993442
1381,vina_top1,0,1,-8.493312721163903,3.947125785854322
1381,asp_logmean_no_clustering,0,1,-8.493312721163903,3.947125785854322
1381,asp_clustered_2A,0,1,-8.493312721163903,3.947125785854322
1382,vina_top1,1,0,-8.099373002087514,4.73099399738586
1382,asp_logmean_no_clustering,1,0,-8.099373002087514,4.73099399738586
1382,asp_clustered_2A,1,0,-8.099373002087514,4.73099399738586
1383,vina_top1,1,1,-8.067310583394496,1.973018326864028
1383,asp_logmean_no_clustering,1,0,-8.029602169309337,5.365178382417001
1383,asp_clustered_2A,1,1,-8.067310583394496,1.973018326864028
1384,vina_top1,0,1,-8.630612873150392,5.956210864662394
1384,asp_logmean_no_clustering,0,1,-8.630612873150392,5.956210864662394
1384,asp_clustered_2A,0,1,-8.630612873150392,5.956210864662394
1385,vina_top1,1,1,-7.957513038453998,0.6294641911687573
1385,asp_logmean_no_clustering,1,0,-7.9043225928823215,5.673205872843436
1385,asp_clustered_2A,1,1,-7.957513038453998,0.6294641911687573
1386,vina_top1,1,0,-8.604776818885421,4.475792348024712
1386,asp_logmean_no_clustering,1,0,-8.604776818885421,4.475792348024712
1386,asp_clustered_2A,1,0,-8.604776818885421,4.475792348024712
1387,vina_top1,1,0,-8.024820624541974,4.692722788766741
1387,asp_logmean_no_clustering,1,1,-8.02303443349992,1.9822422460792697
1387,asp_clustered_2A,1,0,-8.024820624541974,4.692722788766741
1388,vina_top1,1,0,-7.976522116738952,4.741639824165495
1388,asp_logmean_no_clustering,1,0,-7.976522116738952,4.741639824165495
1388,asp_clustered_2A,1,0,-7.976522116738952,4.741639824165495
1389,vina_top1,1,1,-8.350968300316918,1.4518024055548628
1389,asp_logmean_no_clustering,1,1,-8.350968300316918,1.4518024055548628
1389,asp_clustered_2A,1,1,-8.350968300316918,1.4518024055548628
1390,vina_top1,0,1,-8.434490890095763,6.373580780474071
1390,asp_logmean_no_clustering,0,1,-8.434490890095763,6.373580780474071
1390,asp_clustered_2A,0,1,-8.434490890095763,6.373580780474071
1391,vina_top1,0,1,-8.154840732160546,4.093607763758022
1391,asp_logmean_no_clustering,0,1,-8.154840732160546,4.093607763758022
1391,asp_clustered_2A,0,1,-8.154840732160546,4.093607763758022
1392,vina_top1,0,1,-8.362309571666515,4.281116870430549
1392,asp_logmean_no_clustering,0,1,-8.362309571666515,4.281116870430549
1392,asp_clustered_2A,0,1,-8.362309571666515,4.281116870430549
1393,vina_top1,1,1,-8.324660625241355,6.464299173303216
1393,asp_logmean_no_clustering,1,1,-8.324660625241355,6.464299173303216
1393,asp_clustered_2A,1,1,-8.324660625241355,6.464299173303216
1394,vina_top1,1,0,-8.534635586467953,5.354437869274705
1394,asp_logmean_no_clustering,1,0,-8.534635586467953,5.354437869274705
1394,asp_clustered_2A,1,0,-8.534635586467953,5.354437869274705
1395,vina_top1,0,1,-8.11503876554019,7.743743930391566
1395,asp_logmean_no_clustering,0,1,-8.11503876554019,7.743743930391566
1395,asp_clustered_2A,0,1,-8.11503876554019,7.743743930391566
1396,vina_top1,1,1,-8.418130391103682,1.2231118035736068
1396,asp_logmean_no_clustering,1,1,-8.418130391103682,1.2231118035736068
1396,asp_clustered_2A,1,1,-8.418130391103682,1.2231118035736068
1397,vina_top1,1,0,-8.18173111899237,4.322480930918927
1397,asp_logmean_no_clustering,1,0,-8.18173111899237,4.322480930918927
1397,asp_clustered_2A,1,0,-8.18173111899237,4.322480930918927
1398,vina_top1,0,1,-8.446239304207783,6.1596182540152995
1398,asp_logmean_no_clustering,0,1,-8.446239304207783,6.1596182540152995
1398,asp_clustered_2A,0,1,-8.446239304207783,6.1596182540152995
1399,vina_top1,1,0,-8.64957128166063,2.6
1399,asp_logmean_no_clustering,1,0,-8.64957128166063,2.6
1399,asp_clustered_2A,1,0,-8.64957128166063,2.6
1400,vina_top1,0,1,-8.825686014876808,5.276191469987511
1400,asp_logmean_no_clustering,0,1,-8.825686014876808,5.276191469987511
1400,asp_clustered_2A,0,1,-8.825686014876808,5.276191469987511
1401,vina_top1,0,1,-8.44846516029368,5.547335868937523
1401,asp_logmean_no_clustering,0,1,-8.44846516029368,5.547335868937523
1401,asp_clustered_2A,0,1,-8.44846516029368,5.547335868937523
1402,vina_top1,1,1,-7.807029142487252,3.2747205947079276
1402,asp_logmean_no_clustering,1,0,-7.7056266140745455,3.967525531468869
1402,asp_clustered_2A,1,1,-7.807029142487252,3.2747205947079276
1403,vina_top1,1,0,-7.7237219131639225,4.94696739843247
1403,asp_logmean_no_clustering,1,0,-7.7237219131639225,4.94696739843247
1403,asp_clustered_2A,1,0,-7.7237219131639225,4.94696739843247
1404,vina_top1,1,0,-8.123476883803992,3.65097777365376
1404,asp_logmean_no_clustering,1,0,-8.123476883803992,3.65097777365376
1404,asp_clustered_2A,1,0,-8.123476883803992,3.65097777365376
1405,vina_top1,0,1,-7.891785681545876,4.930393170904082
1405,asp_logmean_no_clustering,0,1,-7.891785681545876,4.930393170904082
1405,asp_clustered_2A,0,1,-7.891785681545876,4.930393170904082
1406,vina_top1,0,1,-8.383005055528004,5.489561695123422
1406,asp_logmean_no_clustering,0,1,-8.383005055528004,5.489561695123422
1406,asp_clustered_2A,0,1,-8.383005055528004,5.489561695123422
1407,vina_top1,1,1,-7.966010290951123,5.123910713569852
1407,asp_logmean_no_clustering,1,1,-7.966010290951123,5.123910713569852
1407,asp_clustered_2A,1,1,-7.966010290951123,5.123910713569852
1408,vina_top1,1,1,-7.865495864886143,2.049264074895407
1408,asp_logmean_no_clustering,1,1,-7.865495864886143,2.049264074895407
1408,asp_clustered_2A,1,1,-7.865495864886143,2.049264074895407
1409,vina_top1,1,0,-8.354317771243888,6.781440300064241
1409,asp_logmean_no_clustering,1,0,-8.354317771243888,6.781440300064241
1409,asp_clustered_2A,1,0,-8.354317771243888,6.781440300064241
1410,vina_top1,1,0,-7.927851693551195,5.310249343120609
1410,asp_logmean_no_clustering,1,0,-7.927851693551195,5.310249343120609
1410,asp_clustered_2A,1,0,-7.927851693551195,5.310249343120609
1411,vina_top1,0,1,-8.069892584939796,7.073150784299408
1411,asp_logmean_no_clustering,0,1,-8.069892584939796,7.073150784299408
1411,asp_clustered_2A,0,1,-8.069892584939796,7.073150784299408
1412,vina_top1,1,0,-7.787102409947293,5.791609580693206
1412,asp_logmean_no_clustering,1,0,-7.787102409947293,5.791609580693206
1412,asp_clustered_2A,1,0,-7.787102409947293,5.791609580693206
1413,vina_top1,1,0,-8.496508331274898,4.948330067826703
1413,asp_logmean_no_clustering,1,0,-8.496508331274898,4.948330067826703
1413,asp_clustered_2A,1,0,-8.496508331274898,4.948330067826703
1414,vina_top1,1,0,-8.202104788482366,5.701676219969336
1414,asp_logmean_no_clustering,1,0,-8.202104788482366,5.701676219969336
1414,asp_clustered_2A,1,0,-8.202104788482366,5.701676219969336
1415,vina_top1,0,1,-8.277470329697111,7.980323822696794
1415,asp_logmean_no_clustering,0,1,-8.277470329697111,7.980323822696794
1415,asp_clustered_2A,0,1,-8.277470329697111,7.980323822696794
1416,vina_top1,1,0,-8.2263456287964,4.189944860289111
1416,asp_logmean_no_clustering,1,0,-8.2263456287964,4.189944860289111
1416,asp_clustered_2A,1,0,-8.2263456287964,4.189944860289111
1417,vina_top1,1,1,-8.191598349095026,5.32780619326948
1417,asp_logmean_no_clustering,1,0,-7.999450545325237,4.5362164081836625
1417,asp_clustered_2A,1,1,-8.191598349095026,5.32780619326948
1418,vina_top1,1,0,-8.17254383389916,3.0799899772390336
1418,asp_logmean_no_clustering,1,0,-8.17254383389916,3.0799899772390336
1418,asp_clustered_2A,1,0,-8.17254383389916,3.0799899772390336
1419,vina_top1,0,1,-8.61837832494517,3.126375389565207
1419,asp_logmean_no_clustering,0,1,-8.61837832494517,3.126375389565207
1419,asp_clustered_2A,0,1,-8.61837832494517,3.126375389565207
1420,vina_top1,0,1,-8.293001087404248,5.379762263994251
1420,asp_logmean_no_clustering,0,1,-8.293001087404248,5.379762263994251
1420,asp_clustered_2A,0,1,-8.293001087404248,5.379762263994251
1421,vina_top1,0,1,-8.35534985373126,6.739999894364651
1421,asp_logmean_no_clustering,0,1,-8.35534985373126,6.739999894364651
1421,asp_clustered_2A,0,1,-8.35534985373126,6.739999894364651
1422,vina_top1,0,1,-8.552602818670893,4.313326638192045
1422,asp_logmean_no_clustering,0,1,-8.552602818670893,4.313326638192045
1422,asp_clustered_2A,0,1,-8.552602818670893,4.313326638192045
1423,vina_top1,0,0,-7.999198288793678,0.9026472686271498
1423,asp_logmean_no_clustering,0,1,-7.987870741974752,5.485526260018786
1423,asp_clustered_2A,0,0,-7.999198288793678,0.9026472686271498
1424,vina_top1,0,0,-8.57864268578625,5.968029075106987
1424,asp_logmean_no_clustering,0,1,-8.523124975197767,3.825460572367634
1424,asp_clustered_2A,0,0,-8.57864268578625,5.968029075106987
1425,vina_top1,1,0,-8.323713709338186,4.979933024664454
1425,asp_logmean_no_clustering,1,0,-8.323713709338186,4.979933024664454
1425,asp_clustered_2A,1,0,-8.323713709338186,4.979933024664454
1426,vina_top1,1,1,-8.411899144168363,0.8625215497309277
1426,asp_logmean_no_clustering,1,1,-8.411899144168363,0.8625215497309277
1426,asp_clustered_2A,1,1,-8.411899144168363,0.8625215497309277
1427,vina_top1,0,0,-8.518641622172982,1.23737763484796
1427,asp_logmean_no_clustering,0,0,-8.518641622172982,1.23737763484796
1427,asp_clustered_2A,0,0,-8.518641622172982,1.23737763484796
1428,vina_top1,0,1,-8.142532604597951,3.8675847500199314
1428,asp_logmean_no_clustering,0,0,-7.993721992321491,4.22812531429469
1428,asp_clustered_2A,0,1,-8.142532604597951,3.8675847500199314
1429,vina_top1,1,1,-8.337860256268657,3.997440646455874
1429,asp_logmean_no_clustering,1,1,-8.337860256268657,3.997440646455874
1429,asp_clustered_2A,1,1,-8.337860256268657,3.997440646455874
1430,vina_top1,1,0,-8.237125998413582,6.087228802791527
1430,asp_logmean_no_clustering,1,0,-8.237125998413582,6.087228802791527
1430,asp_clustered_2A,1,0,-8.237125998413582,6.087228802791527
1431,vina_top1,0,1,-8.675505218686519,3.590487142177068
1431,asp_logmean_no_clustering,0,1,-8.675505218686519,3.590487142177068
1431,asp_clustered_2A,0,1,-8.675505218686519,3.590487142177068
1432,vina_top1,0,0,-8.550950379316193,1.6341294901965324
1432,asp_logmean_no_clustering,0,1,-8.310135856694547,6.372790969138318
1432,asp_clustered_2A,0,0,-8.550950379316193,1.6341294901965324
1433,vina_top1,0,1,-7.83517466783513,4.560102476605706
1433,asp_logmean_no_clustering,0,1,-7.83517466783513,4.560102476605706
1433,asp_clustered_2A,0,1,-7.83517466783513,4.560102476605706
1434,vina_top1,0,1,-7.738060930015912,6.463001496644154
1434,asp_logmean_no_clustering,0,1,-7.738060930015912,6.463001496644154
1434,asp_clustered_2A,0,1,-7.738060930015912,6.463001496644154
1435,vina_top1,0,0,-8.00577892896759,1.107955574782579
1435,asp_logmean_no_clustering,0,1,-7.741004352272709,5.567266633934432
1435,asp_clustered_2A,0,0,-8.00577892896759,1.107955574782579
1436,vina_top1,0,1,-7.999412966357854,5.20307876557131
1436,asp_logmean_no_clustering,0,1,-7.999412966357854,5.20307876557131
1436,asp_clustered_2A,0,1,-7.999412966357854,5.20307876557131
1437,vina_top1,0,0,-8.284564754816454,4.440756040401363
1437,asp_logmean_no_clustering,0,0,-8.284564754816454,4.440756040401363
1437,asp_clustered_2A,0,0,-8.284564754816454,4.440756040401363
1438,vina_top1,0,1,-8.682298188752133,5.336590592623096
1438,asp_logmean_no_clustering,0,1,-8.682298188752133,5.336590592623096
1438,asp_clustered_2A,0,1,-8.682298188752133,5.336590592623096
1439,vina_top1,1,0,-7.834367181412763,5.2871769665392785
1439,asp_logmean_no_clustering,1,0,-7.834367181412763,5.2871769665392785
1439,asp_clustered_2A,1,0,-7.834367181412763,5.2871769665392785
1440,vina_top1,0,1,-8.66716426792142,5.108433959918625
1440,asp_logmean_no_clustering,0,1,-8.66716426792142,5.108433959918625
1440,asp_clustered_2A,0,1,-8.66716426792142,5.108433959918625
1441,vina_top1,1,0,-8.255112638902613,8.125837591061382
1441,asp_logmean_no_clustering,1,0,-8.255112638902613,8.125837591061382
1441,asp_clustered_2A,1,0,-8.255112638902613,8.125837591061382
1442,vina_top1,0,0,-8.168268810945866,5.4845856376517315
1442,asp_logmean_no_clustering,0,1,-7.910456603882951,2.6
1442,asp_clustered_2A,0,0,-8.168268810945866,5.4845856376517315
1443,vina_top1,0,1,-8.366927879196213,5.108220039243446
1443,asp_logmean_no_clustering,0,1,-8.366927879196213,5.108220039243446
1443,asp_clustered_2A,0,1,-8.366927879196213,5.108220039243446
1444,vina_top1,0,1,-7.918857525931262,6.650556615329411
1444,asp_logmean_no_clustering,0,1,-7.918857525931262,6.650556615329411
1444,asp_clustered_2A,0,1,-7.918857525931262,6.650556615329411
1445,vina_top1,1,1,-8.63357785390263,8.357819367071814
1445,asp_logmean_no_clustering,1,0,-8.455970148232238,4.131754885931662
1445,asp_clustered_2A,1,1,-8.63357785390263,8.357819367071814
1446,vina_top1,1,0,-8.567127505743333,5.332098166825623
1446,asp_logmean_no_clustering,1,0,-8.567127505743333,5.332098166825623
1446,asp_clustered_2A,1,0,-8.567127505743333,5.332098166825623
1447,vina_top1,1,0,-8.058210063416297,5.544296522504581
1447,asp_logmean_no_clustering,1,0,-8.058210063416297,5.544296522504581
1447,asp_clustered_2A,1,0,-8.058210063416297,5.544296522504581
1448,vina_top1,1,0,-8.595031784447634,6.737223090539798
1448,asp_logmean_no_clustering,1,0,-8.595031784447634,6.737223090539798
1448,asp_clustered_2A,1,0,-8.595031784447634,6.737223090539798
1449,vina_top1,1,0,-7.949755632137719,2.6
1449,asp_logmean_no_clustering,1,0,-7.949755632137719,2.6
1449,asp_clustered_2A,1,0,-7.949755632137719,2.6
1450,vina_top1,0,1,-8.277021646138365,5.32558011777693
1450,asp_logmean_no_clustering,0,1,-8.277021646138365,5.32558011777693
1450,asp_clustered_2A,0,1,-8.277021646138365,5.32558011777693
1451,vina_top1,1,0,-7.865244736762525,4.97483652302728
1451,asp_logmean_no_clustering,1,0,-7.865244736762525,4.97483652302728
1451,asp_clustered_2A,1,0,-7.865244736762525,4.97483652302728
1452,vina_top1,0,0,-8.382571373877388,0.7400809587888147
1452,asp_logmean_no_clustering,0,0,-8.382571373877388,0.7400809587888147
1452,asp_clustered_2A,0,0,-8.382571373877388,0.7400809587888147
1453,vina_top1,1,0,-8.321735726052722,6.0147385521297565
1453,asp_logmean_no_clustering,1,0,-8.321735726052722,6.0147385521297565
1453,asp_clustered_2A,1,0,-8.321735726052722,6.0147385521297565
1454,vina_top1,0,0,-7.868336826711895,3.7567942807811763
1454,asp_logmean_no_clustering,0,1,-7.729459524532057,6.452326634051991
1454,asp_clustered_2A,0,0,-7.868336826711895,3.7567942807811763
1455,vina_top1,1,0,-8.341852949067126,6.414743060639369
1455,asp_logmean_no_clustering,1,0,-8.341852949067126,6.414743060639369
1455,asp_clustered_2A,1,0,-8.341852949067126,6.414743060639369
1456,vina_top1,0,1,-8.170851752569542,4.575073393451134
1456,asp_logmean_no_clustering,0,1,-8.170851752569542,4.575073393451134
1456,asp_clustered_2A,0,1,-8.170851752569542,4.575073393451134
1457,vina_top1,0,1,-8.126996173244274,4.913881842606967
1457,asp_logmean_no_clustering,0,1,-8.126996173244274,4.913881842606967
1457,asp_clustered_2A,0,1,-8.126996173244274,4.913881842606967
1458,vina_top1,0,1,-8.87508970072067,6.33490214285684
1458,asp_logmean_no_clustering,0,1,-8.87508970072067,6.33490214285684
1458,asp_clustered_2A,0,1,-8.87508970072067,6.33490214285684
1459,vina_top1,1,1,-9.222336024707714,0.8856312188553322
1459,asp_logmean_no_clustering,1,1,-9.222336024707714,0.8856312188553322
1459,asp_clustered_2A,1,1,-9.222336024707714,0.8856312188553322
1460,vina_top1,1,0,-8.163087116037048,5.6556910380536385
1460,asp_logmean_no_clustering,1,0,-8.163087116037048,5.6556910380536385
1460,asp_clustered_2A,1,0,-8.163087116037048,5.6556910380536385
1461,vina_top1,1,0,-8.398864752072333,4.397043962727146
1461,asp_logmean_no_clustering,1,1,-8.23644692604786,5.306043202084442
1461,asp_clustered_2A,1,0,-8.398864752072333,4.397043962727146
1462,vina_top1,1,0,-9.082082465350489,5.306576133396994
1462,asp_logmean_no_clustering,1,0,-9.082082465350489,5.306576133396994
1462,asp_clustered_2A,1,0,-9.082082465350489,5.306576133396994
1463,vina_top1,0,0,-8.619786115718682,4.659166803207063
1463,asp_logmean_no_clustering,0,0,-8.619786115718682,4.659166803207063
1463,asp_clustered_2A,0,0,-8.619786115718682,4.659166803207063
1464,vina_top1,1,1,-9.191000275399517,7.226107519092663
1464,asp_logmean_no_clustering,1,0,-8.493124946502348,5.201787237190156
1464,asp_clustered_2A,1,1,-9.191000275399517,7.226107519092663
1465,vina_top1,0,1,-8.347653081601354,4.277002374120301
1465,asp_logmean_no_clustering,0,1,-8.347653081601354,4.277002374120301
1465,asp_clustered_2A,0,1,-8.347653081601354,4.277002374120301
1466,vina_top1,1,1,-8.270224143104887,0.6372416427675194
1466,asp_logmean_no_clustering,1,1,-8.270224143104887,0.6372416427675194
1466,asp_clustered_2A,1,1,-8.270224143104887,0.6372416427675194
1467,vina_top1,1,0,-7.9024091562211645,6.38200547668097
1467,asp_logmean_no_clustering,1,0,-7.9024091562211645,6.38200547668097
1467,asp_clustered_2A,1,0,-7.9024091562211645,6.38200547668097
1468,vina_top1,0,0,-7.899112100218739,1.520103607800261
1468,asp_logmean_no_clustering,0,1,-7.8324874520002,5.855504735164177
1468,asp_clustered_2A,0,0,-7.899112100218739,1.520103607800261
1469,vina_top1,0,1,-8.8116425837263,4.439924103300278
1469,asp_logmean_no_clustering,0,1,-8.8116425837263,4.439924103300278
1469,asp_clustered_2A,0,1,-8.8116425837263,4.439924103300278
1470,vina_top1,0,1,-8.48441247865713,4.651440789490508
1470,asp_logmean_no_clustering,0,1,-8.48441247865713,4.651440789490508
1470,asp_clustered_2A,0,1,-8.48441247865713,4.651440789490508
1471,vina_top1,0,1,-8.069884501984308,3.970028746688234
1471,asp_logmean_no_clustering,0,1,-8.069884501984308,3.970028746688234
1471,asp_clustered_2A,0,1,-8.069884501984308,3.970028746688234
1472,vina_top1,0,0,-8.725047952802619,4.972617030319019
1472,asp_logmean_no_clustering,0,0,-8.725047952802619,4.972617030319019
1472,asp_clustered_2A,0,0,-8.725047952802619,4.972617030319019
1473,vina_top1,0,1,-8.229525631405386,5.8268493643060735
1473,asp_logmean_no_clustering,0,1,-8.229525631405386,5.8268493643060735
1473,asp_clustered_2A,0,1,-8.229525631405386,5.8268493643060735
1474,vina_top1,0,1,-8.23411771890274,3.1196438651318212
1474,asp_logmean_no_clustering,0,1,-8.23411771890274,3.1196438651318212
1474,asp_clustered_2A,0,1,-8.23411771890274,3.1196438651318212
1475,vina_top1,1,0,-8.623858943091586,7.217414324076882
1475,asp_logmean_no_clustering,1,0,-8.623858943091586,7.217414324076882
1475,asp_clustered_2A,1,0,-8.623858943091586,7.217414324076882
1476,vina_top1,0,0,-7.87064395694167,4.420466428012273
1476,asp_logmean_no_clustering,0,1,-7.866056881197731,5.3286459946967
1476,asp_clustered_2A,0,0,-7.87064395694167,4.420466428012273
1477,vina_top1,0,1,-8.307970537692924,5.513199605931308
1477,asp_logmean_no_clustering,0,1,-8.307970537692924,5.513199605931308
1477,asp_clustered_2A,0,1,-8.307970537692924,5.513199605931308
1478,vina_top1,1,0,-8.206012608964055,5.990460802599226
1478,asp_logmean_no_clustering,1,0,-8.206012608964055,5.990460802599226
1478,asp_clustered_2A,1,0,-8.206012608964055,5.990460802599226
1479,vina_top1,1,0,-8.35463871362228,7.062004548638395
1479,asp_logmean_no_clustering,1,0,-8.35463871362228,7.062004548638395
1479,asp_clustered_2A,1,0,-8.35463871362228,7.062004548638395
1480,vina_top1,1,0,-8.871948146848116,4.86309260298739
1480,asp_logmean_no_clustering,1,0,-8.871948146848116,4.86309260298739
1480,asp_clustered_2A,1,0,-8.871948146848116,4.86309260298739
1481,vina_top1,1,0,-8.676760648397531,4.532532877894456
1481,asp_logmean_no_clustering,1,0,-8.676760648397531,4.532532877894456
1481,asp_clustered_2A,1,0,-8.676760648397531,4.532532877894456
1482,vina_top1,0,1,-7.672262304115326,5.433332488023987
1482,asp_logmean_no_clustering,0,1,-7.672262304115326,5.433332488023987
1482,asp_clustered_2A,0,1,-7.672262304115326,5.433332488023987
1483,vina_top1,1,1,-8.493075574102594,1.1388309719513883
1483,asp_logmean_no_clustering,1,1,-8.493075574102594,1.1388309719513883
1483,asp_clustered_2A,1,1,-8.493075574102594,1.1388309719513883
1484,vina_top1,1,0,-9.01077098771302,3.0480227386856455
1484,asp_logmean_no_clustering,1,0,-9.01077098771302,3.0480227386856455
1484,asp_clustered_2A,1,0,-9.01077098771302,3.0480227386856455
1485,vina_top1,1,1,-8.514443277302094,1.522846970214479
1485,asp_logmean_no_clustering,1,0,-8.51171242011821,6.000134602245179
1485,asp_clustered_2A,1,1,-8.514443277302094,1.522846970214479
1486,vina_top1,0,0,-8.586744852599956,4.5205962069610734
1486,asp_logmean_no_clustering,0,1,-8.545353215288596,2.6312046673307417
1486,asp_clustered_2A,0,0,-8.586744852599956,4.5205962069610734
1487,vina_top1,0,0,-8.102791703351091,1.5016490593376184
1487,asp_logmean_no_clustering,0,1,-7.761243413469935,4.950821623434069
1487,asp_clustered_2A,0,0,-8.102791703351091,1.5016490593376184
1488,vina_top1,1,1,-8.088778648705272,5.280393026722121
1488,asp_logmean_no_clustering,1,0,-7.812410368159191,4.828345420514398
1488,asp_clustered_2A,1,1,-8.088778648705272,5.280393026722121
1489,vina_top1,0,1,-8.295433561777756,5.6459543558517105
1489,asp_logmean_no_clustering,0,1,-8.295433561777756,5.6459543558517105
1489,asp_clustered_2A,0,1,-8.295433561777756,5.6459543558517105
1490,vina_top1,1,0,-7.984510831324011,4.084614714729424
1490,asp_logmean_no_clustering,1,0,-7.984510831324011,4.084614714729424
1490,asp_clustered_2A,1,0,-7.984510831324011,4.084614714729424
1491,vina_top1,1,0,-8.404820682030111,6.251860364818717
1491,asp_logmean_no_clustering,1,0,-8.404820682030111,6.251860364818717
1491,asp_clustered_2A,1,0,-8.404820682030111,6.251860364818717
1492,vina_top1,1,1,-8.26907852896831,5.590930988185455
1492,asp_logmean_no_clustering,1,0,-7.999915603032792,4.1441670724786945
1492,asp_clustered_2A,1,1,-8.26907852896831,5.590930988185455
1493,vina_top1,1,0,-8.223613218944205,5.30034131232558
1493,asp_logmean_no_clustering,1,0,-8.223613218944205,5.30034131232558
1493,asp_clustered_2A,1,0,-8.223613218944205,5.30034131232558
1494,vina_top1,1,0,-8.522688230422114,6.1614570853128825
1494,asp_logmean_no_clustering,1,0,-8.522688230422114,6.1614570853128825
1494,asp_clustered_2A,1,0,-8.522688230422114,6.1614570853128825
1495,vina_top1,0,1,-8.004258453343837,4.615543208978379
1495,asp_logmean_no_clustering,0,1,-8.004258453343837,4.615543208978379
1495,asp_clustered_2A,0,1,-8.004258453343837,4.615543208978379
1496,vina_top1,0,1,-8.018990108542503,6.969960538333548
1496,asp_logmean_no_clustering,0,1,-8.018990108542503,6.969960538333548
1496,asp_clustered_2A,0,1,-8.018990108542503,6.969960538333548
1497,vina_top1,1,1,-8.149857089718608,1.567757743020508
1497,asp_logmean_no_clustering,1,0,-7.792614017771701,6.545022664367125
1497,asp_clustered_2A,1,1,-8.149857089718608,1.567757743020508
1498,vina_top1,0,0,-8.776585752849993,7.086101505622152
1498,asp_logmean_no_clustering,0,1,-8.41508596804378,2.6
1498,asp_clustered_2A,0,0,-8.776585752849993,7.086101505622152
1499,vina_top1,1,0,-8.356736506803799,5.513823982500046
1499,asp_logmean_no_clustering,1,0,-8.356736506803799,5.513823982500046
1499,asp_clustered_2A,1,0,-8.356736506803799,5.513823982500046
1500,vina_top1,1,0,-8.068831913605571,3.4915835707699245
1500,asp_logmean_no_clustering,1,0,-8.068831913605571,3.4915835707699245
1500,asp_clustered_2A,1,0,-8.068831913605571,3.4915835707699245
1501,vina_top1,0,0,-8.08640729333817,4.603362112224691
1501,asp_logmean_no_clustering,0,0,-8.08640729333817,4.603362112224691
1501,asp_clustered_2A,0,0,-8.08640729333817,4.603362112224691
1502,vina_top1,0,1,-9.281379479799213,5.533868937879118
1502,asp_logmean_no_clustering,0,1,-9.281379479799213,5.533868937879118
1502,asp_clustered_2A,0,1,-9.281379479799213,5.533868937879118
1503,vina_top1,0,1,-8.325230973790175,5.326362109320338
1503,asp_logmean_no_clustering,0,1,-8.325230973790175,5.326362109320338
1503,asp_clustered_2A,0,1,-8.325230973790175,5.326362109320338
1504,vina_top1,0,0,-7.859993997804805,1.4575312811023236
1504,asp_logmean_no_clustering,0,1,-7.828051282831358,2.716170419678101
1504,asp_clustered_2A,0,0,-7.859993997804805,1.4575312811023236
1505,vina_top1,0,1,-8.238712840281373,7.0197791746356355
1505,asp_logmean_no_clustering,0,1,-8.238712840281373,7.0197791746356355
1505,asp_clustered_2A,0,1,-8.238712840281373,7.0197791746356355
1506,vina_top1,1,0,-8.368620261279387,3.104634035090484
1506,asp_logmean_no_clustering,1,0,-8.368620261279387,3.104634035090484
1506,asp_clustered_2A,1,0,-8.368620261279387,3.104634035090484
1507,vina_top1,1,1,-7.757842771096314,3.8315562630873368
1507,asp_logmean_no_clustering,1,0,-7.696627763449078,5.164730048170383
1507,asp_clustered_2A,1,1,-7.757842771096314,3.8315562630873368
1508,vina_top1,1,1,-8.462401455881157,0.6012270165966495
1508,asp_logmean_no_clustering,1,1,-8.462401455881157,0.6012270165966495
1508,asp_clustered_2A,1,1,-8.462401455881157,0.6012270165966495
1509,vina_top1,0,1,-8.136807408308405,5.056097274062622
1509,asp_logmean_no_clustering,0,1,-8.136807408308405,5.056097274062622
1509,asp_clustered_2A,0,1,-8.136807408308405,5.056097274062622
1510,vina_top1,1,0,-8.74596173101721,4.300874155367539
1510,asp_logmean_no_clustering,1,0,-8.74596173101721,4.300874155367539
1510,asp_clustered_2A,1,0,-8.74596173101721,4.300874155367539
1511,vina_top1,0,0,-7.888900176833413,1.7270516335733257
1511,asp_logmean_no_clustering,0,0,-7.888900176833413,1.7270516335733257
1511,asp_clustered_2A,0,0,-7.888900176833413,1.7270516335733257
1512,vina_top1,1,0,-8.144055808159747,4.532798650320649
1512,asp_logmean_no_clustering,1,0,-8.144055808159747,4.532798650320649
1512,asp_clustered_2A,1,0,-8.144055808159747,4.532798650320649
1513,vina_top1,1,0,-8.377707317436073,5.4757253590656445
1513,asp_logmean_no_clustering,1,0,-8.377707317436073,5.4757253590656445
1513,asp_clustered_2A,1,0,-8.377707317436073,5.4757253590656445
1514,vina_top1,0,0,-8.769615579573488,1.5356331786308968
1514,asp_logmean_no_clustering,0,0,-8.769615579573488,1.5356331786308968
1514,asp_clustered_2A,0,0,-8.769615579573488,1.5356331786308968
1515,vina_top1,0,1,-8.454093350654546,2.6512304224541348
1515,asp_logmean_no_clustering,0,1,-8.454093350654546,2.6512304224541348
1515,asp_clustered_2A,0,1,-8.454093350654546,2.6512304224541348
1516,vina_top1,1,0,-8.411885752736678,7.0696137420701035
1516,asp_logmean_no_clustering,1,0,-8.411885752736678,7.0696137420701035
1516,asp_clustered_2A,1,0,-8.411885752736678,7.0696137420701035
1517,vina_top1,0,1,-8.524776288755639,4.978608693369251
1517,asp_logmean_no_clustering,0,1,-8.524776288755639,4.978608693369251
1517,asp_clustered_2A,0,1,-8.524776288755639,4.978608693369251
1518,vina_top1,1,1,-8.36739081972323,2.6
1518,asp_logmean_no_clustering,1,1,-8.36739081972323,2.6
1518,asp_clustered_2A,1,1,-8.36739081972323,2.6
1519,vina_top1,0,1,-8.304316260801922,6.17036805793385
1519,asp_logmean_no_clustering,0,1,-8.304316260801922,6.17036805793385
1519,asp_clustered_2A,0,1,-8.304316260801922,6.17036805793385
1520,vina_top1,1,0,-8.643912362747736,5.441840004679681
1520,asp_logmean_no_clustering,1,0,-8.643912362747736,5.441840004679681
1520,asp_clustered_2A,1,0,-8.643912362747736,5.441840004679681
1521,vina_top1,1,0,-8.80486960602338,4.661300886014271
1521,asp_logmean_no_clustering,1,0,-8.80486960602338,4.661300886014271
1521,asp_clustered_2A,1,0,-8.80486960602338,4.661300886014271
1522,vina_top1,1,0,-8.399592634515939,8.352057205404984
1522,asp_logmean_no_clustering,1,0,-8.399592634515939,8.352057205404984
1522,asp_clustered_2A,1,0,-8.399592634515939,8.352057205404984
1523,vina_top1,1,0,-8.341213492473644,5.414979018610393
1523,asp_logmean_no_clustering,1,0,-8.341213492473644,5.414979018610393
1523,asp_clustered_2A,1,0,-8.341213492473644,5.414979018610393
1524,vina_top1,1,0,-8.188898425741293,6.769308305137339
1524,asp_logmean_no_clustering,1,0,-8.188898425741293,6.769308305137339
1524,asp_clustered_2A,1,0,-8.188898425741293,6.769308305137339
1525,vina_top1,0,0,-7.989094530271801,1.4739603498742346
1525,asp_logmean_no_clustering,0,1,-7.909881627118986,5.778074867513798
1525,asp_clustered_2A,0,0,-7.989094530271801,1.4739603498742346
1526,vina_top1,1,1,-8.201554380866426,2.106820452780898
1526,asp_logmean_no_clustering,1,1,-8.201554380866426,2.106820452780898
1526,asp_clustered_2A,1,1,-8.201554380866426,2.106820452780898
1527,vina_top1,0,1,-8.120562515288551,4.8054994770694615
1527,asp_logmean_no_clustering,0,1,-8.120562515288551,4.8054994770694615
1527,asp_clustered_2A,0,1,-8.120562515288551,4.8054994770694615
1528,vina_top1,1,0,-8.254918512526443,7.436272933618625
1528,asp_logmean_no_clustering,1,0,-8.254918512526443,7.436272933618625
1528,asp_clustered_2A,1,0,-8.254918512526443,7.436272933618625
1529,vina_top1,0,1,-8.12660944294947,6.083116847483967
1529,asp_logmean_no_clustering,0,1,-8.12660944294947,6.083116847483967
1529,asp_clustered_2A,0,1,-8.12660944294947,6.083116847483967
1530,vina_top1,0,1,-8.778372876791538,6.391631105462533
1530,asp_logmean_no_clustering,0,1,-8.778372876791538,6.391631105462533
1530,asp_clustered_2A,0,1,-8.778372876791538,6.391631105462533
1531,vina_top1,0,0,-7.932760912838543,5.373102558005308
1531,asp_logmean_no_clustering,0,0,-7.932760912838543,5.373102558005308
1531,asp_clustered_2A,0,0,-7.932760912838543,5.373102558005308
1532,vina_top1,0,1,-9.007952350149464,4.9804356911360586
1532,asp_logmean_no_clustering,0,1,-9.007952350149464,4.9804356911360586
1532,asp_clustered_2A,0,1,-9.007952350149464,4.9804356911360586
1533,vina_top1,1,1,-8.597631063724647,1.7036159614574486
1533,asp_logmean_no_clustering,1,1,-8.597631063724647,1.7036159614574486
1533,asp_clustered_2A,1,1,-8.597631063724647,1.7036159614574486
1534,vina_top1,1,0,-8.176913339661684,5.023115446201695
1534,asp_logmean_no_clustering,1,0,-8.176913339661684,5.023115446201695
1534,asp_clustered_2A,1,0,-8.176913339661684,5.023115446201695
1535,vina_top1,0,1,-8.356743217395202,2.8069900285029505
1535,asp_logmean_no_clustering,0,1,-8.356743217395202,2.8069900285029505
1535,asp_clustered_2A,0,1,-8.356743217395202,2.8069900285029505
1536,vina_top1,0,1,-8.010908946516873,5.4494684856927185
1536,asp_logmean_no_clustering,0,0,-7.9357084917827105,1.3026660471694895
1536,asp_clustered_2A,0,1,-8.010908946516873,5.4494684856927185
1537,vina_top1,0,1,-8.542030869163066,3.3762550313824513
1537,asp_logmean_no_clustering,0,1,-8.542030869163066,3.3762550313824513
1537,asp_clustered_2A,0,1,-8.542030869163066,3.3762550313824513
1538,vina_top1,1,0,-8.70338235232531,8.173693819093005
1538,asp_logmean_no_clustering,1,0,-8.70338235232531,8.173693819093005
1538,asp_clustered_2A,1,0,-8.70338235232531,8.173693819093005
1539,vina_top1,1,0,-8.292682119256659,4.428525296529244
1539,asp_logmean_no_clustering,1,0,-8.292682119256659,4.428525296529244
1539,asp_clustered_2A,1,0,-8.292682119256659,4.428525296529244
1540,vina_top1,1,1,-8.116632835003653,7.061733099184261
1540,asp_logmean_no_clustering,1,0,-8.047877798282629,3.6912087596277594
1540,asp_clustered_2A,1,1,-8.116632835003653,7.061733099184261
1541,vina_top1,0,0,-8.26298058323923,7.373214126428426
1541,asp_logmean_no_clustering,0,1,-8.246948967637593,7.336556208745394
1541,asp_clustered_2A,0,0,-8.26298058323923,7.373214126428426
1542,vina_top1,0,1,-8.09530432772638,5.822080849535387
1542,asp_logmean_no_clustering,0,1,-8.09530432772638,5.822080849535387
1542,asp_clustered_2A,0,1,-8.09530432772638,5.822080849535387
1543,vina_top1,1,0,-8.383283466736387,2.7727528994698902
1543,asp_logmean_no_clustering,1,0,-8.383283466736387,2.7727528994698902
1543,asp_clustered_2A,1,0,-8.383283466736387,2.7727528994698902
1544,vina_top1,1,0,-8.201259977352793,3.6877317295678647
1544,asp_logmean_no_clustering,1,0,-8.201259977352793,3.6877317295678647
1544,asp_clustered_2A,1,0,-8.201259977352793,3.6877317295678647
1545,vina_top1,1,0,-8.168870415570776,4.540066839631298
1545,asp_logmean_no_clustering,1,0,-8.168870415570776,4.540066839631298
1545,asp_clustered_2A,1,0,-8.168870415570776,4.540066839631298
1546,vina_top1,0,0,-8.308214052869992,4.808639571229216
1546,asp_logmean_no_clustering,0,0,-8.308214052869992,4.808639571229216
1546,asp_clustered_2A,0,0,-8.308214052869992,4.808639571229216
1547,vina_top1,0,0,-8.474240335184405,1.0234698390360042
1547,asp_logmean_no_clustering,0,0,-8.474240335184405,1.0234698390360042
1547,asp_clustered_2A,0,0,-8.474240335184405,1.0234698390360042
1548,vina_top1,0,1,-7.983570851484445,4.684013756185634
1548,asp_logmean_no_clustering,0,1,-7.983570851484445,4.684013756185634
1548,asp_clustered_2A,0,1,-7.983570851484445,4.684013756185634
1549,vina_top1,1,1,-8.954283154822585,0.35
1549,asp_logmean_no_clustering,1,1,-8.954283154822585,0.35
1549,asp_clustered_2A,1,1,-8.954283154822585,0.35
1550,vina_top1,0,1,-8.761838845713642,3.384506536094598
1550,asp_logmean_no_clustering,0,1,-8.761838845713642,3.384506536094598
1550,asp_clustered_2A,0,1,-8.761838845713642,3.384506536094598
1551,vina_top1,0,1,-8.156362727519648,4.671034786553246
1551,asp_logmean_no_clustering,0,1,-8.156362727519648,4.671034786553246
1551,asp_clustered_2A,0,1,-8.156362727519648,4.671034786553246
1552,vina_top1,0,0,-8.299772991251386,1.1396519661683389
1552,asp_logmean_no_clustering,0,1,-8.224883786994614,3.3716272945063954
1552,asp_clustered_2A,0,0,-8.299772991251386,1.1396519661683389
1553,vina_top1,1,0,-8.348560644726472,6.724053771693942
1553,asp_logmean_no_clustering,1,0,-8.348560644726472,6.724053771693942
1553,asp_clustered_2A,1,0,-8.348560644726472,6.724053771693942
1554,vina_top1,0,1,-8.72083275763801,3.4235776031067573
1554,asp_logmean_no_clustering,0,1,-8.72083275763801,3.4235776031067573
1554,asp_clustered_2A,0,1,-8.72083275763801,3.4235776031067573
1555,vina_top1,1,0,-8.008791046629584,4.565281677945694
1555,asp_logmean_no_clustering,1,0,-8.008791046629584,4.565281677945694
1555,asp_clustered_2A,1,0,-8.008791046629584,4.565281677945694
1556,vina_top1,0,0,-8.40949671464754,5.84065276118025
1556,asp_logmean_no_clustering,0,1,-8.155782388983686,6.218173030419642
1556,asp_clustered_2A,0,0,-8.40949671464754,5.84065276118025
1557,vina_top1,0,1,-9.230414060282474,4.480805773550515
1557,asp_logmean_no_clustering,0,1,-9.230414060282474,4.480805773550515
1557,asp_clustered_2A,0,1,-9.230414060282474,4.480805773550515
1558,vina_top1,1,0,-8.61781965525014,5.416616225248797
1558,asp_logmean_no_clustering,1,0,-8.61781965525014,5.416616225248797
1558,asp_clustered_2A,1,0,-8.61781965525014,5.416616225248797
1559,vina_top1,0,0,-8.012340058702415,2.2908662096932915
1559,asp_logmean_no_clustering,0,0,-8.012340058702415,2.2908662096932915
1559,asp_clustered_2A,0,0,-8.012340058702415,2.2908662096932915
1560,vina_top1,0,1,-8.296157906699726,7.409365949233235
1560,asp_logmean_no_clustering,0,1,-8.296157906699726,7.409365949233235
1560,asp_clustered_2A,0,1,-8.296157906699726,7.409365949233235
1561,vina_top1,1,0,-8.749546521839466,4.819306736471398
1561,asp_logmean_no_clustering,1,0,-8.749546521839466,4.819306736471398
1561,asp_clustered_2A,1,0,-8.749546521839466,4.819306736471398
1562,vina_top1,1,0,-8.470908878702488,6.078320602366225
1562,asp_logmean_no_clustering,1,0,-8.470908878702488,6.078320602366225
1562,asp_clustered_2A,1,0,-8.470908878702488,6.078320602366225
1563,vina_top1,0,1,-8.425459575757309,5.41653302780281
1563,asp_logmean_no_clustering,0,1,-8.425459575757309,5.41653302780281
1563,asp_clustered_2A,0,1,-8.425459575757309,5.41653302780281
1564,vina_top1,1,0,-8.46190166881571,4.024204859525151
1564,asp_logmean_no_clustering,1,0,-8.46190166881571,4.024204859525151
1564,asp_clustered_2A,1,0,-8.46190166881571,4.024204859525151
1565,vina_top1,0,1,-8.426629364633394,4.185601980104293
1565,asp_logmean_no_clustering,0,1,-8.426629364633394,4.185601980104293
1565,asp_clustered_2A,0,1,-8.426629364633394,4.185601980104293
1566,vina_top1,1,0,-9.126098494830343,4.481679356602139
1566,asp_logmean_no_clustering,1,0,-9.126098494830343,4.481679356602139
1566,asp_clustered_2A,1,0,-9.126098494830343,4.481679356602139
1567,vina_top1,1,0,-8.397140051619918,6.320347272830574
1567,asp_logmean_no_clustering,1,0,-8.397140051619918,6.320347272830574
1567,asp_clustered_2A,1,0,-8.397140051619918,6.320347272830574
1568,vina_top1,1,0,-8.631834396759393,3.849627688898728
1568,asp_logmean_no_clustering,1,0,-8.631834396759393,3.849627688898728
1568,asp_clustered_2A,1,0,-8.631834396759393,3.849627688898728
1569,vina_top1,0,0,-8.610884830986125,1.2693559092720237
1569,asp_logmean_no_clustering,0,0,-8.610884830986125,1.2693559092720237
1569,asp_clustered_2A,0,0,-8.610884830986125,1.2693559092720237
1570,vina_top1,0,1,-8.709982198040633,2.9838166633584113
1570,asp_logmean_no_clustering,0,1,-8.709982198040633,2.9838166633584113
1570,asp_clustered_2A,0,1,-8.709982198040633,2.9838166633584113
1571,vina_top1,0,0,-8.222181596471856,1.5285974630066235
1571,asp_logmean_no_clustering,0,1,-8.204947000593682,7.487221520287874
1571,asp_clustered_2A,0,0,-8.222181596471856,1.5285974630066235
1572,vina_top1,1,0,-8.844088949413448,4.459765912425835
1572,asp_logmean_no_clustering,1,0,-8.844088949413448,4.459765912425835
1572,asp_clustered_2A,1,0,-8.844088949413448,4.459765912425835
1573,vina_top1,0,1,-8.019621297148205,5.305920043927898
1573,asp_logmean_no_clustering,0,1,-8.019621297148205,5.305920043927898
1573,asp_clustered_2A,0,1,-8.019621297148205,5.305920043927898
1574,vina_top1,0,1,-8.048799880365557,3.6933018618271403
1574,asp_logmean_no_clustering,0,1,-8.048799880365557,3.6933018618271403
1574,asp_clustered_2A,0,1,-8.048799880365557,3.6933018618271403
1575,vina_top1,1,0,-8.798045939344679,3.6528113241063696
1575,asp_logmean_no_clustering,1,0,-8.798045939344679,3.6528113241063696
1575,asp_clustered_2A,1,0,-8.798045939344679,3.6528113241063696
1576,vina_top1,1,0,-8.955310227065613,3.976302162916104
1576,asp_logmean_no_clustering,1,0,-8.955310227065613,3.976302162916104
1576,asp_clustered_2A,1,0,-8.955310227065613,3.976302162916104
1577,vina_top1,0,1,-8.448930415795694,6.001451634158555
1577,asp_logmean_no_clustering,0,1,-8.448930415795694,6.001451634158555
1577,asp_clustered_2A,0,1,-8.448930415795694,6.001451634158555
1578,vina_top1,1,0,-8.200381751648123,4.818215490044597
1578,asp_logmean_no_clustering,1,0,-8.200381751648123,4.818215490044597
1578,asp_clustered_2A,1,0,-8.200381751648123,4.818215490044597
1579,vina_top1,1,0,-8.546705648337593,3.4363150977620602
1579,asp_logmean_no_clustering,1,0,-8.546705648337593,3.4363150977620602
1579,asp_clustered_2A,1,0,-8.546705648337593,3.4363150977620602
1580,vina_top1,1,0,-8.4182171845702,4.324698443682743
1580,asp_logmean_no_clustering,1,0,-8.4182171845702,4.324698443682743
1580,asp_clustered_2A,1,0,-8.4182171845702,4.324698443682743
1581,vina_top1,1,1,-8.314851395357021,6.584128957523594
1581,asp_logmean_no_clustering,1,1,-8.314851395357021,6.584128957523594
1581,asp_clustered_2A,1,1,-8.314851395357021,6.584128957523594
1582,vina_top1,1,0,-8.689205601552617,3.459584180213116
1582,asp_logmean_no_clustering,1,0,-8.689205601552617,3.459584180213116
1582,asp_clustered_2A,1,0,-8.689205601552617,3.459584180213116
1583,vina_top1,0,1,-8.467326608108563,7.2886694809905945
1583,asp_logmean_no_clustering,0,1,-8.467326608108563,7.2886694809905945
1583,asp_clustered_2A,0,1,-8.467326608108563,7.2886694809905945
1584,vina_top1,0,1,-9.00081377172144,4.0731763212183285
1584,asp_logmean_no_clustering,0,1,-9.00081377172144,4.0731763212183285
1584,asp_clustered_2A,0,1,-9.00081377172144,4.0731763212183285
1585,vina_top1,1,0,-8.11237023268413,5.089683622990942
1585,asp_logmean_no_clustering,1,0,-8.11237023268413,5.089683622990942
1585,asp_clustered_2A,1,0,-8.11237023268413,5.089683622990942
1586,vina_top1,1,1,-7.771954974342834,1.6574531383560744
1586,asp_logmean_no_clustering,1,0,-7.642319523288908,5.465477613629953
1586,asp_clustered_2A,1,1,-7.771954974342834,1.6574531383560744
1587,vina_top1,1,0,-8.406077685373996,5.514814790328394
1587,asp_logmean_no_clustering,1,0,-8.406077685373996,5.514814790328394
1587,asp_clustered_2A,1,0,-8.406077685373996,5.514814790328394
1588,vina_top1,1,0,-8.063382255149985,7.597346879969644
1588,asp_logmean_no_clustering,1,0,-8.063382255149985,7.597346879969644
1588,asp_clustered_2A,1,0,-8.063382255149985,7.597346879969644
1589,vina_top1,0,1,-8.079836379347572,4.998446385281656
1589,asp_logmean_no_clustering,0,1,-8.079836379347572,4.998446385281656
1589,asp_clustered_2A,0,1,-8.079836379347572,4.998446385281656
1590,vina_top1,0,1,-8.379371506843524,5.933792161572491
1590,asp_logmean_no_clustering,0,1,-8.379371506843524,5.933792161572491
1590,asp_clustered_2A,0,1,-8.379371506843524,5.933792161572491
1591,vina_top1,0,1,-8.094495211874017,7.175199881139866
1591,asp_logmean_no_clustering,0,1,-8.094495211874017,7.175199881139866
1591,asp_clustered_2A,0,1,-8.094495211874017,7.175199881139866
1592,vina_top1,1,0,-8.661007064770779,4.204656796384945
1592,asp_logmean_no_clustering,1,0,-8.661007064770779,4.204656796384945
1592,asp_clustered_2A,1,0,-8.661007064770779,4.204656796384945
1593,vina_top1,1,0,-8.216513104707293,4.93274462527091
1593,asp_logmean_no_clustering,1,0,-8.216513104707293,4.93274462527091
1593,asp_clustered_2A,1,0,-8.216513104707293,4.93274462527091
1594,vina_top1,0,1,-8.40719549079253,5.8374981465708435
1594,asp_logmean_no_clustering,0,1,-8.40719549079253,5.8374981465708435
1594,asp_clustered_2A,0,1,-8.40719549079253,5.8374981465708435
1595,vina_top1,1,0,-9.246981414885825,6.600423992321668
1595,asp_logmean_no_clustering,1,0,-9.246981414885825,6.600423992321668
1595,asp_clustered_2A,1,0,-9.246981414885825,6.600423992321668
1596,vina_top1,1,0,-8.560315025892786,5.578044814722478
1596,asp_logmean_no_clustering,1,0,-8.560315025892786,5.578044814722478
1596,asp_clustered_2A,1,0,-8.560315025892786,5.578044814722478
1597,vina_top1,1,0,-8.868706560288993,5.058066398003117
1597,asp_logmean_no_clustering,1,0,-8.868706560288993,5.058066398003117
1597,asp_clustered_2A,1,0,-8.868706560288993,5.058066398003117
1598,vina_top1,1,1,-8.287615138868825,1.250972138811592
1598,asp_logmean_no_clustering,1,1,-8.287615138868825,1.250972138811592
1598,asp_clustered_2A,1,1,-8.287615138868825,1.250972138811592
1599,vina_top1,0,1,-8.086264876052326,4.5451784768417305
1599,asp_logmean_no_clustering,0,1,-8.086264876052326,4.5451784768417305
1599,asp_clustered_2A,0,1,-8.086264876052326,4.5451784768417305
1600,vina_top1,0,1,-7.637636588746632,6.389576110288114
1600,asp_logmean_no_clustering,0,1,-7.637636588746632,6.389576110288114
1600,asp_clustered_2A,0,1,-7.637636588746632,6.389576110288114
1601,vina_top1,1,0,-8.123927349307824,6.152785952287935
1601,asp_logmean_no_clustering,1,0,-8.123927349307824,6.152785952287935
1601,asp_clustered_2A,1,0,-8.123927349307824,6.152785952287935
1602,vina_top1,0,1,-8.70542702761027,4.623275069610169
1602,asp_logmean_no_clustering,0,1,-8.70542702761027,4.623275069610169
1602,asp_clustered_2A,0,1,-8.70542702761027,4.623275069610169
1603,vina_top1,0,1,-8.646556596272976,5.800226160317481
1603,asp_logmean_no_clustering,0,0,-8.248608710821234,1.2886737995732558
1603,asp_clustered_2A,0,1,-8.646556596272976,5.800226160317481
1604,vina_top1,1,1,-8.54859375868379,4.867405098967616
1604,asp_logmean_no_clustering,1,0,-8.275948950435351,4.6424629585147885
1604,asp_clustered_2A,1,1,-8.54859375868379,4.867405098967616
1605,vina_top1,0,0,-7.974841952590513,1.9287341882085727
1605,asp_logmean_no_clustering,0,1,-7.9374518553019815,6.308430409349474
1605,asp_clustered_2A,0,0,-7.974841952590513,1.9287341882085727
1606,vina_top1,1,0,-9.209383659835108,5.821720378215133
1606,asp_logmean_no_clustering,1,0,-9.209383659835108,5.821720378215133
1606,asp_clustered_2A,1,0,-9.209383659835108,5.821720378215133
1607,vina_top1,1,1,-8.419720837685292,4.0078513928685
1607,asp_logmean_no_clustering,1,0,-8.346778003790059,4.314931640025783
1607,asp_clustered_2A,1,1,-8.419720837685292,4.0078513928685
1608,vina_top1,0,1,-8.09098825281888,4.216338013966651
1608,asp_logmean_no_clustering,0,1,-8.09098825281888,4.216338013966651
1608,asp_clustered_2A,0,1,-8.09098825281888,4.216338013966651
1609,vina_top1,0,1,-8.48701072260756,4.217231665892012
1609,asp_logmean_no_clustering,0,1,-8.48701072260756,4.217231665892012
1609,asp_clustered_2A,0,1,-8.48701072260756,4.217231665892012
1610,vina_top1,1,1,-7.92736125995022,1.0473388395901904
1610,asp_logmean_no_clustering,1,0,-7.903484068598994,6.091983426226156
1610,asp_clustered_2A,1,1,-7.92736125995022,1.0473388395901904
1611,vina_top1,0,1,-8.540117387171197,3.252300474762795
1611,asp_logmean_no_clustering,0,1,-8.540117387171197,3.252300474762795
1611,asp_clustered_2A,0,1,-8.540117387171197,3.252300474762795
1612,vina_top1,0,0,-8.086984397682375,1.4548996089928314
1612,asp_logmean_no_clustering,0,1,-8.051475286974307,4.408572452904449
1612,asp_clustered_2A,0,0,-8.086984397682375,1.4548996089928314
1613,vina_top1,0,1,-8.262316678647055,3.573045136055692
1613,asp_logmean_no_clustering,0,1,-8.262316678647055,3.573045136055692
1613,asp_clustered_2A,0,1,-8.262316678647055,3.573045136055692
1614,vina_top1,1,1,-8.682795962590783,1.1747441715893543
1614,asp_logmean_no_clustering,1,1,-8.682795962590783,1.1747441715893543
1614,asp_clustered_2A,1,1,-8.682795962590783,1.1747441715893543
1615,vina_top1,0,0,-8.168444438948427,1.1320216913778753
1615,asp_logmean_no_clustering,0,0,-8.168444438948427,1.1320216913778753
1615,asp_clustered_2A,0,0,-8.168444438948427,1.1320216913778753
1616,vina_top1,0,1,-8.435986413247464,6.4863760300744415
1616,asp_logmean_no_clustering,0,1,-8.435986413247464,6.4863760300744415
1616,asp_clustered_2A,0,1,-8.435986413247464,6.4863760300744415
1617,vina_top1,0,0,-8.753441158566435,0.9734032347712995
1617,asp_logmean_no_clustering,0,0,-8.753441158566435,0.9734032347712995
1617,asp_clustered_2A,0,0,-8.753441158566435,0.9734032347712995
1618,vina_top1,1,0,-8.485962593866224,7.019725166073345
1618,asp_logmean_no_clustering,1,0,-8.485962593866224,7.019725166073345
1618,asp_clustered_2A,1,0,-8.485962593866224,7.019725166073345
1619,vina_top1,0,0,-8.749077260131438,1.475755934640476
1619,asp_logmean_no_clustering,0,0,-8.749077260131438,1.475755934640476
1619,asp_clustered_2A,0,0,-8.749077260131438,1.475755934640476
1620,vina_top1,0,0,-8.65825501994759,1.1376609786454108
1620,asp_logmean_no_clustering,0,0,-8.65825501994759,1.1376609786454108
1620,asp_clustered_2A,0,0,-8.65825501994759,1.1376609786454108
1621,vina_top1,0,1,-8.287653447490424,5.86550204850912
1621,asp_logmean_no_clustering,0,1,-8.287653447490424,5.86550204850912
1621,asp_clustered_2A,0,1,-8.287653447490424,5.86550204850912
1622,vina_top1,1,1,-8.193920855377486,0.6800883001387956
1622,asp_logmean_no_clustering,1,1,-8.193920855377486,0.6800883001387956
1622,asp_clustered_2A,1,1,-8.193920855377486,0.6800883001387956
1623,vina_top1,1,0,-8.386456826764785,4.8995585753906115
1623,asp_logmean_no_clustering,1,0,-8.386456826764785,4.8995585753906115
1623,asp_clustered_2A,1,0,-8.386456826764785,4.8995585753906115
1624,vina_top1,0,1,-7.90397214271445,3.82238191779468
1624,asp_logmean_no_clustering,0,1,-7.90397214271445,3.82238191779468
1624,asp_clustered_2A,0,1,-7.90397214271445,3.82238191779468
1625,vina_top1,1,0,-8.549319218490403,5.884323565351617
1625,asp_logmean_no_clustering,1,0,-8.549319218490403,5.884323565351617
1625,asp_clustered_2A,1,0,-8.549319218490403,5.884323565351617
1626,vina_top1,1,0,-8.721256782299045,5.690335477514248
1626,asp_logmean_no_clustering,1,0,-8.721256782299045,5.690335477514248
1626,asp_clustered_2A,1,0,-8.721256782299045,5.690335477514248
1627,vina_top1,0,1,-8.077703535671152,4.651881661278519
1627,asp_logmean_no_clustering,0,1,-8.077703535671152,4.651881661278519
1627,asp_clustered_2A,0,1,-8.077703535671152,4.651881661278519
1628,vina_top1,1,1,-8.1794269352444,1.443326249339333
1628,asp_logmean_no_clustering,1,0,-7.990613648532319,5.998013073257854
1628,asp_clustered_2A,1,1,-8.1794269352444,1.443326249339333
1629,vina_top1,1,0,-8.480962475390259,4.025620320777868
1629,asp_logmean_no_clustering,1,0,-8.480962475390259,4.025620320777868
1629,asp_clustered_2A,1,0,-8.480962475390259,4.025620320777868
1630,vina_top1,1,0,-7.841877527697406,4.771973789542011
1630,asp_logmean_no_clustering,1,1,-7.83549252242751,3.0904390129478694
1630,asp_clustered_2A,1,0,-7.841877527697406,4.771973789542011
1631,vina_top1,1,0,-8.394289206128917,3.818461609461133
1631,asp_logmean_no_clustering,1,0,-8.394289206128917,3.818461609461133
1631,asp_clustered_2A,1,0,-8.394289206128917,3.818461609461133
1632,vina_top1,0,1,-8.337103051432008,5.495698842479109
1632,asp_logmean_no_clustering,0,1,-8.337103051432008,5.495698842479109
1632,asp_clustered_2A,0,1,-8.337103051432008,5.495698842479109
1633,vina_top1,0,0,-8.721245118143917,3.6030019215711437
1633,asp_logmean_no_clustering,0,0,-8.721245118143917,3.6030019215711437
1633,asp_clustered_2A,0,0,-8.721245118143917,3.6030019215711437
1634,vina_top1,1,0,-8.30578564773443,5.505795521619008
1634,asp_logmean_no_clustering,1,1,-7.897789457698015,1.2972201975772224
1634,asp_clustered_2A,1,0,-8.30578564773443,5.505795521619008
1635,vina_top1,0,1,-8.61623386245176,4.8646523387780265
1635,asp_logmean_no_clustering,0,1,-8.61623386245176,4.8646523387780265
1635,asp_clustered_2A,0,1,-8.61623386245176,4.8646523387780265
1636,vina_top1,0,1,-8.115034411844114,6.488435553826415
1636,asp_logmean_no_clustering,0,0,-8.040931344383623,1.384015685919647
1636,asp_clustered_2A,0,1,-8.115034411844114,6.488435553826415
1637,vina_top1,0,1,-8.293228372496078,5.764296274955745
1637,asp_logmean_no_clustering,0,1,-8.293228372496078,5.764296274955745
1637,asp_clustered_2A,0,1,-8.293228372496078,5.764296274955745
1638,vina_top1,1,0,-7.917491512320221,4.39075763337883
1638,asp_logmean_no_clustering,1,0,-7.917491512320221,4.39075763337883
1638,asp_clustered_2A,1,0,-7.917491512320221,4.39075763337883
1639,vina_top1,1,0,-8.213566637843957,5.614151765171928
1639,asp_logmean_no_clustering,1,1,-7.818869373038375,1.3570945131641792
1639,asp_clustered_2A,1,0,-8.213566637843957,5.614151765171928
1640,vina_top1,0,1,-8.287159038653645,3.68341146764834
1640,asp_logmean_no_clustering,0,1,-8.287159038653645,3.68341146764834
1640,asp_clustered_2A,0,1,-8.287159038653645,3.68341146764834
1641,vina_top1,1,0,-8.776839721661492,3.6932980667981052
1641,asp_logmean_no_clustering,1,0,-8.776839721661492,3.6932980667981052
1641,asp_clustered_2A,1,0,-8.776839721661492,3.6932980667981052
1642,vina_top1,0,1,-8.377554579981425,6.46679904618619
1642,asp_logmean_no_clustering,0,1,-8.377554579981425,6.46679904618619
1642,asp_clustered_2A,0,1,-8.377554579981425,6.46679904618619
1643,vina_top1,1,1,-8.307076839045742,1.9689309045550019
1643,asp_logmean_no_clustering,1,0,-8.282164228524792,4.403174984316973
1643,asp_clustered_2A,1,1,-8.307076839045742,1.9689309045550019
1644,vina_top1,1,0,-7.986846671810393,3.8911529963349265
1644,asp_logmean_no_clustering,1,0,-7.986846671810393,3.8911529963349265
1644,asp_clustered_2A,1,0,-7.986846671810393,3.8911529963349265
1645,vina_top1,1,0,-7.913663156469683,5.187716664440025
1645,asp_logmean_no_clustering,1,0,-7.913663156469683,5.187716664440025
1645,asp_clustered_2A,1,0,-7.913663156469683,5.187716664440025
1646,vina_top1,0,0,-7.6638170024232855,5.602585129428248
1646,asp_logmean_no_clustering,0,1,-7.621691215095788,7.177510302904002
1646,asp_clustered_2A,0,0,-7.6638170024232855,5.602585129428248
1647,vina_top1,0,1,-7.8285632283326745,5.63377790821176
1647,asp_logmean_no_clustering,0,1,-7.8285632283326745,5.63377790821176
1647,asp_clustered_2A,0,1,-7.8285632283326745,5.63377790821176
1648,vina_top1,0,0,-8.050110755647216,0.9967787892066389
1648,asp_logmean_no_clustering,0,1,-7.772938614026755,5.574376964585618
1648,asp_clustered_2A,0,0,-8.050110755647216,0.9967787892066389
1649,vina_top1,1,0,-8.49701130795279,6.524733534324856
1649,asp_logmean_no_clustering,1,0,-8.49701130795279,6.524733534324856
1649,asp_clustered_2A,1,0,-8.49701130795279,6.524733534324856
1650,vina_top1,1,0,-8.00827136369935,3.8530052523083316
1650,asp_logmean_no_clustering,1,0,-8.00827136369935,3.8530052523083316
1650,asp_clustered_2A,1,0,-8.00827136369935,3.8530052523083316
1651,vina_top1,1,0,-8.290544105488523,6.104130122921896
1651,asp_logmean_no_clustering,1,0,-8.290544105488523,6.104130122921896
1651,asp_clustered_2A,1,0,-8.290544105488523,6.104130122921896
1652,vina_top1,1,1,-8.083104264685048,7.2524035301301595
1652,asp_logmean_no_clustering,1,1,-8.083104264685048,7.2524035301301595
1652,asp_clustered_2A,1,1,-8.083104264685048,7.2524035301301595
1653,vina_top1,0,1,-8.31285180629373,5.693795900150389
1653,asp_logmean_no_clustering,0,1,-8.31285180629373,5.693795900150389
1653,asp_clustered_2A,0,1,-8.31285180629373,5.693795900150389
1654,vina_top1,0,1,-8.31397097196501,4.355267411550829
1654,asp_logmean_no_clustering,0,1,-8.31397097196501,4.355267411550829
1654,asp_clustered_2A,0,1,-8.31397097196501,4.355267411550829
1655,vina_top1,1,0,-9.11824526059059,6.526829991651283
1655,asp_logmean_no_clustering,1,0,-9.11824526059059,6.526829991651283
1655,asp_clustered_2A,1,0,-9.11824526059059,6.526829991651283
1656,vina_top1,1,0,-8.348864686902706,2.950230436364267
1656,asp_logmean_no_clustering,1,0,-8.348864686902706,2.950230436364267
1656,asp_clustered_2A,1,0,-8.348864686902706,2.950230436364267
1657,vina_top1,1,0,-8.226583451827606,5.118507572344407
1657,asp_logmean_no_clustering,1,0,-8.226583451827606,5.118507572344407
1657,asp_clustered_2A,1,0,-8.226583451827606,5.118507572344407
1658,vina_top1,0,0,-8.078651042035066,6.38266089058913
1658,asp_logmean_no_clustering,0,1,-7.990434749855997,8.245760559353958
1658,asp_clustered_2A,0,0,-8.078651042035066,6.38266089058913
1659,vina_top1,1,0,-8.27860701790473,6.425728886489596
1659,asp_logmean_no_clustering,1,0,-8.27860701790473,6.425728886489596
1659,asp_clustered_2A,1,0,-8.27860701790473,6.425728886489596
1660,vina_top1,1,1,-8.404751156724169,4.0507205618479585
1660,asp_logmean_no_clustering,1,1,-8.404751156724169,4.0507205618479585
1660,asp_clustered_2A,1,1,-8.404751156724169,4.0507205618479585
1661,vina_top1,1,0,-8.750414828216474,5.723418083271305
1661,asp_logmean_no_clustering,1,0,-8.750414828216474,5.723418083271305
1661,asp_clustered_2A,1,0,-8.750414828216474,5.723418083271305
1662,vina_top1,1,1,-8.950762526606942,6.7865804314712905
1662,asp_logmean_no_clustering,1,1,-8.950762526606942,6.7865804314712905
1662,asp_clustered_2A,1,1,-8.950762526606942,6.7865804314712905
1663,vina_top1,0,1,-8.525935902870106,4.333035359068818
1663,asp_logmean_no_clustering,0,1,-8.525935902870106,4.333035359068818
1663,asp_clustered_2A,0,1,-8.525935902870106,4.333035359068818
1664,vina_top1,0,1,-8.044375387776112,4.367167535840826
1664,asp_logmean_no_clustering,0,1,-8.044375387776112,4.367167535840826
1664,asp_clustered_2A,0,1,-8.044375387776112,4.367167535840826
1665,vina_top1,1,1,-8.338343234803059,4.5915736585064835
1665,asp_logmean_no_clustering,1,0,-7.789274953209639,5.261166799594958
1665,asp_clustered_2A,1,1,-8.338343234803059,4.5915736585064835
1666,vina_top1,0,1,-8.263935579837508,4.581357759228747
1666,asp_logmean_no_clustering,0,1,-8.263935579837508,4.581357759228747
1666,asp_clustered_2A,0,1,-8.263935579837508,4.581357759228747
1667,vina_top1,1,1,-8.005782556012983,3.023676180676082
1667,asp_logmean_no_clustering,1,0,-7.895358063065863,4.9858435869150775
1667,asp_clustered_2A,1,1,-8.005782556012983,3.023676180676082
1668,vina_top1,1,0,-8.35970059924827,3.6681174774289
1668,asp_logmean_no_clustering,1,0,-8.35970059924827,3.6681174774289
1668,asp_clustered_2A,1,0,-8.35970059924827,3.6681174774289
1669,vina_top1,0,1,-8.306172788035402,6.536228859295177
1669,asp_logmean_no_clustering,0,1,-8.306172788035402,6.536228859295177
1669,asp_clustered_2A,0,1,-8.306172788035402,6.536228859295177
1670,vina_top1,0,1,-8.055036445458729,2.795349069000966
1670,asp_logmean_no_clustering,0,1,-8.055036445458729,2.795349069000966
1670,asp_clustered_2A,0,1,-8.055036445458729,2.795349069000966
1671,vina_top1,1,1,-8.631246390992603,1.088401545546282
1671,asp_logmean_no_clustering,1,1,-8.631246390992603,1.088401545546282
1671,asp_clustered_2A,1,1,-8.631246390992603,1.088401545546282
1672,vina_top1,0,0,-8.172480986283418,0.7552766713541954
1672,asp_logmean_no_clustering,0,0,-8.172480986283418,0.7552766713541954
1672,asp_clustered_2A,0,0,-8.172480986283418,0.7552766713541954
1673,vina_top1,0,1,-8.669537748390066,7.288455777673976
1673,asp_logmean_no_clustering,0,1,-8.669537748390066,7.288455777673976
1673,asp_clustered_2A,0,1,-8.669537748390066,7.288455777673976
1674,vina_top1,0,0,-8.228863096536227,4.4999820527230865
1674,asp_logmean_no_clustering,0,0,-8.228863096536227,4.4999820527230865
1674,asp_clustered_2A,0,0,-8.228863096536227,4.4999820527230865
1675,vina_top1,0,0,-8.620356970075296,5.187907135335893
1675,asp_logmean_no_clustering,0,1,-8.479262389862615,4.713375516003547
1675,asp_clustered_2A,0,0,-8.620356970075296,5.187907135335893
1676,vina_top1,1,0,-8.02145882320988,5.2733957379927325
1676,asp_logmean_no_clustering,1,0,-8.02145882320988,5.2733957379927325
1676,asp_clustered_2A,1,0,-8.02145882320988,5.2733957379927325
1677,vina_top1,1,0,-8.844415083657827,2.7519319142078396
1677,asp_logmean_no_clustering,1,0,-8.844415083657827,2.7519319142078396
1677,asp_clustered_2A,1,0,-8.844415083657827,2.7519319142078396
1678,vina_top1,0,1,-8.457211691326563,4.951173011356828
1678,asp_logmean_no_clustering,0,1,-8.457211691326563,4.951173011356828
1678,asp_clustered_2A,0,1,-8.457211691326563,4.951173011356828
1679,vina_top1,1,0,-7.958924547394991,4.477967104377992
1679,asp_logmean_no_clustering,1,0,-7.958924547394991,4.477967104377992
1679,asp_clustered_2A,1,0,-7.958924547394991,4.477967104377992
1680,vina_top1,1,0,-8.105209966028124,5.035196057321217
1680,asp_logmean_no_clustering,1,0,-8.105209966028124,5.035196057321217
1680,asp_clustered_2A,1,0,-8.105209966028124,5.035196057321217
1681,vina_top1,1,0,-8.058412235574082,5.69099608300394
1681,asp_logmean_no_clustering,1,0,-8.058412235574082,5.69099608300394
1681,asp_clustered_2A,1,0,-8.058412235574082,5.69099608300394
1682,vina_top1,0,0,-8.013798857661788,1.8293452018915555
1682,asp_logmean_no_clustering,0,1,-7.93517843526542,5.2427969712197084
1682,asp_clustered_2A,0,0,-8.013798857661788,1.8293452018915555
1683,vina_top1,0,1,-8.05648312351661,5.7872427331144225
1683,asp_logmean_no_clustering,0,1,-8.05648312351661,5.7872427331144225
1683,asp_clustered_2A,0,1,-8.05648312351661,5.7872427331144225
1684,vina_top1,1,1,-8.456203554602663,1.299885365765016
1684,asp_logmean_no_clustering,1,0,-8.04674659534997,5.592665168604652
1684,asp_clustered_2A,1,1,-8.456203554602663,1.299885365765016
1685,vina_top1,0,1,-8.039608941839901,7.580706046350322
1685,asp_logmean_no_clustering,0,1,-8.039608941839901,7.580706046350322
1685,asp_clustered_2A,0,1,-8.039608941839901,7.580706046350322
1686,vina_top1,0,1,-8.311662106903242,4.0594210847858685
1686,asp_logmean_no_clustering,0,1,-8.311662106903242,4.0594210847858685
1686,asp_clustered_2A,0,1,-8.311662106903242,4.0594210847858685
1687,vina_top1,1,1,-8.73966703934974,1.082854574134393
1687,asp_logmean_no_clustering,1,1,-8.73966703934974,1.082854574134393
1687,asp_clustered_2A,1,1,-8.73966703934974,1.082854574134393
1688,vina_top1,0,1,-8.438787228511865,2.7804672716444014
1688,asp_logmean_no_clustering,0,1,-8.438787228511865,2.7804672716444014
1688,asp_clustered_2A,0,1,-8.438787228511865,2.7804672716444014
1689,vina_top1,1,0,-8.453553444259056,3.8017574253001833
1689,asp_logmean_no_clustering,1,0,-8.453553444259056,3.8017574253001833
1689,asp_clustered_2A,1,0,-8.453553444259056,3.8017574253001833
1690,vina_top1,1,1,-8.109674652347916,5.84331130455616
1690,asp_logmean_no_clustering,1,1,-8.109674652347916,5.84331130455616
1690,asp_clustered_2A,1,1,-8.109674652347916,5.84331130455616
1691,vina_top1,1,0,-8.44852366775787,5.987074251363648
1691,asp_logmean_no_clustering,1,0,-8.44852366775787,5.987074251363648
1691,asp_clustered_2A,1,0,-8.44852366775787,5.987074251363648
1692,vina_top1,0,1,-8.317798798057787,5.8873796073389695
1692,asp_logmean_no_clustering,0,1,-8.317798798057787,5.8873796073389695
1692,asp_clustered_2A,0,1,-8.317798798057787,5.8873796073389695
1693,vina_top1,1,1,-8.23587204671587,4.872709618672018
1693,asp_logmean_no_clustering,1,1,-8.23587204671587,4.872709618672018
1693,asp_clustered_2A,1,1,-8.23587204671587,4.872709618672018
1694,vina_top1,0,0,-8.049978914195615,5.121426383691643
1694,asp_logmean_no_clustering,0,0,-8.049978914195615,5.121426383691643
1694,asp_clustered_2A,0,0,-8.049978914195615,5.121426383691643
1695,vina_top1,0,0,-8.377866048357369,0.9173292830870121
1695,asp_logmean_no_clustering,0,0,-8.377866048357369,0.9173292830870121
1695,asp_clustered_2A,0,0,-8.377866048357369,0.9173292830870121
1696,vina_top1,1,0,-8.454640423204046,3.7723605122996178
1696,asp_logmean_no_clustering,1,0,-8.454640423204046,3.7723605122996178
1696,asp_clustered_2A,1,0,-8.454640423204046,3.7723605122996178
1697,vina_top1,0,1,-7.894351788777408,5.601174575391078
1697,asp_logmean_no_clustering,0,1,-7.894351788777408,5.601174575391078
1697,asp_clustered_2A,0,1,-7.894351788777408,5.601174575391078
1698,vina_top1,0,1,-8.673790044425212,3.6056451890311507
1698,asp_logmean_no_clustering,0,1,-8.673790044425212,3.6056451890311507
1698,asp_clustered_2A,0,1,-8.673790044425212,3.6056451890311507
1699,vina_top1,0,1,-8.296742425557174,5.939635479686812
1699,asp_logmean_no_clustering,0,1,-8.296742425557174,5.939635479686812
1699,asp_clustered_2A,0,1,-8.296742425557174,5.939635479686812
1700,vina_top1,1,0,-9.221936726783127,2.6
1700,asp_logmean_no_clustering,1,0,-9.221936726783127,2.6
1700,asp_clustered_2A,1,0,-9.221936726783127,2.6
1701,vina_top1,1,0,-8.398466452236573,3.032416297631767
1701,asp_logmean_no_clustering,1,0,-8.398466452236573,3.032416297631767
1701,asp_clustered_2A,1,0,-8.398466452236573,3.032416297631767
1702,vina_top1,0,0,-7.918191554116452,4.498470056964998
1702,asp_logmean_no_clustering,0,1,-7.87485119119615,3.717285626803034
1702,asp_clustered_2A,0,0,-7.918191554116452,4.498470056964998
1703,vina_top1,0,1,-8.148385986898985,5.8664974599229165
1703,asp_logmean_no_clustering,0,1,-8.148385986898985,5.8664974599229165
1703,asp_clustered_2A,0,1,-8.148385986898985,5.8664974599229165
1704,vina_top1,0,1,-9.121537764310725,6.441795780567846
1704,asp_logmean_no_clustering,0,1,-9.121537764310725,6.441795780567846
1704,asp_clustered_2A,0,1,-9.121537764310725,6.441795780567846
1705,vina_top1,0,1,-8.528335720631114,3.3678089548195396
1705,asp_logmean_no_clustering,0,1,-8.528335720631114,3.3678089548195396
1705,asp_clustered_2A,0,1,-8.528335720631114,3.3678089548195396
1706,vina_top1,0,1,-8.300185750913235,6.6417565098199125
1706,asp_logmean_no_clustering,0,1,-8.300185750913235,6.6417565098199125
1706,asp_clustered_2A,0,1,-8.300185750913235,6.6417565098199125
1707,vina_top1,0,0,-7.957557725987567,0.6197986578571845
1707,asp_logmean_no_clustering,0,1,-7.896034350164179,3.935050708190828
1707,asp_clustered_2A,0,0,-7.957557725987567,0.6197986578571845
1708,vina_top1,1,0,-7.87446218566304,3.2328360760736037
1708,asp_logmean_no_clustering,1,0,-7.87446218566304,3.2328360760736037
1708,asp_clustered_2A,1,0,-7.87446218566304,3.2328360760736037
1709,vina_top1,0,1,-8.545402721624898,4.809069574054745
1709,asp_logmean_no_clustering,0,1,-8.545402721624898,4.809069574054745
1709,asp_clustered_2A,0,1,-8.545402721624898,4.809069574054745
1710,vina_top1,0,1,-8.076436525358085,5.420696287073408
1710,asp_logmean_no_clustering,0,1,-8.076436525358085,5.420696287073408
1710,asp_clustered_2A,0,1,-8.076436525358085,5.420696287073408
1711,vina_top1,1,1,-8.05676912524692,6.833031249688425
1711,asp_logmean_no_clustering,1,0,-7.949961492885958,3.6420748906514593
1711,asp_clustered_2A,1,1,-8.05676912524692,6.833031249688425
1712,vina_top1,1,0,-8.206383514977363,7.048110588141039
1712,asp_logmean_no_clustering,1,0,-8.206383514977363,7.048110588141039
1712,asp_clustered_2A,1,0,-8.206383514977363,7.048110588141039
1713,vina_top1,1,0,-8.199845102041511,3.6414210269597476
1713,asp_logmean_no_clustering,1,0,-8.199845102041511,3.6414210269597476
1713,asp_clustered_2A,1,0,-8.199845102041511,3.6414210269597476
1714,vina_top1,1,0,-8.580394266973427,5.233425478448423
1714,asp_logmean_no_clustering,1,0,-8.580394266973427,5.233425478448423
1714,asp_clustered_2A,1,0,-8.580394266973427,5.233425478448423
1715,vina_top1,1,0,-8.534479400960318,4.993332260603167
1715,asp_logmean_no_clustering,1,0,-8.534479400960318,4.993332260603167
1715,asp_clustered_2A,1,0,-8.534479400960318,4.993332260603167
1716,vina_top1,1,0,-8.627975992376811,5.535026122440133
1716,asp_logmean_no_clustering,1,0,-8.627975992376811,5.535026122440133
1716,asp_clustered_2A,1,0,-8.627975992376811,5.535026122440133
1717,vina_top1,1,1,-8.721507243221032,0.9818713759102762
1717,asp_logmean_no_clustering,1,1,-8.721507243221032,0.9818713759102762
1717,asp_clustered_2A,1,1,-8.721507243221032,0.9818713759102762
1718,vina_top1,0,1,-8.409783229781622,6.8131917284525505
1718,asp_logmean_no_clustering,0,1,-8.409783229781622,6.8131917284525505
1718,asp_clustered_2A,0,1,-8.409783229781622,6.8131917284525505
1719,vina_top1,1,1,-8.038480903803416,0.866837161150855
1719,asp_logmean_no_clustering,1,1,-8.038480903803416,0.866837161150855
1719,asp_clustered_2A,1,1,-8.038480903803416,0.866837161150855
1720,vina_top1,0,1,-8.213336536974216,4.7465700107828415
1720,asp_logmean_no_clustering,0,1,-8.213336536974216,4.7465700107828415
1720,asp_clustered_2A,0,1,-8.213336536974216,4.7465700107828415
1721,vina_top1,0,1,-8.273976163151698,6.794586879745138
1721,asp_logmean_no_clustering,0,1,-8.273976163151698,6.794586879745138
1721,asp_clustered_2A,0,1,-8.273976163151698,6.794586879745138
1722,vina_top1,1,0,-8.719513555628302,4.714532248158466
1722,asp_logmean_no_clustering,1,0,-8.719513555628302,4.714532248158466
1722,asp_clustered_2A,1,0,-8.719513555628302,4.714532248158466
1723,vina_top1,1,0,-8.289420667064068,6.143735648370246
1723,asp_logmean_no_clustering,1,0,-8.289420667064068,6.143735648370246
1723,asp_clustered_2A,1,0,-8.289420667064068,6.143735648370246
1724,vina_top1,1,0,-8.630508717727903,4.282823374408616
1724,asp_logmean_no_clustering,1,0,-8.630508717727903,4.282823374408616
1724,asp_clustered_2A,1,0,-8.630508717727903,4.282823374408616
1725,vina_top1,0,1,-8.214867176267726,5.852324699093042
1725,asp_logmean_no_clustering,0,1,-8.214867176267726,5.852324699093042
1725,asp_clustered_2A,0,1,-8.214867176267726,5.852324699093042
1726,vina_top1,0,0,-8.404887030200278,1.3617785298749558
1726,asp_logmean_no_clustering,0,1,-7.96051144932289,5.571111835893332
1726,asp_clustered_2A,0,0,-8.404887030200278,1.3617785298749558
1727,vina_top1,1,0,-8.71815877837978,3.7932837467678953
1727,asp_logmean_no_clustering,1,0,-8.71815877837978,3.7932837467678953
1727,asp_clustered_2A,1,0,-8.71815877837978,3.7932837467678953
1728,vina_top1,0,1,-8.430144916727262,3.541088021561144
1728,asp_logmean_no_clustering,0,1,-8.430144916727262,3.541088021561144
1728,asp_clustered_2A,0,1,-8.430144916727262,3.541088021561144
1729,vina_top1,0,1,-8.197510157376472,4.311428245846015
1729,asp_logmean_no_clustering,0,1,-8.197510157376472,4.311428245846015
1729,asp_clustered_2A,0,1,-8.197510157376472,4.311428245846015
1730,vina_top1,0,0,-8.045759964256042,3.5016815498592075
1730,asp_logmean_no_clustering,0,1,-8.016475802707067,3.482054166700815
1730,asp_clustered_2A,0,0,-8.045759964256042,3.5016815498592075
1731,vina_top1,1,0,-8.348397611991663,3.7944059612953343
1731,asp_logmean_no_clustering,1,0,-8.348397611991663,3.7944059612953343
1731,asp_clustered_2A,1,0,-8.348397611991663,3.7944059612953343
1732,vina_top1,1,1,-8.558497324115875,1.0567293506767999
1732,asp_logmean_no_clustering,1,0,-8.29463797173381,3.645045673554421
1732,asp_clustered_2A,1,1,-8.558497324115875,1.0567293506767999
1733,vina_top1,1,0,-8.474457044212484,4.964242698781019
1733,asp_logmean_no_clustering,1,0,-8.474457044212484,4.964242698781019
1733,asp_clustered_2A,1,0,-8.474457044212484,4.964242698781019
1734,vina_top1,1,1,-8.248584954875167,1.2714546617695413
1734,asp_logmean_no_clustering,1,0,-8.170464249605466,5.0937118565023765
1734,asp_clustered_2A,1,1,-8.248584954875167,1.2714546617695413
1735,vina_top1,1,0,-7.91907395690354,3.90503724361269
1735,asp_logmean_no_clustering,1,0,-7.91907395690354,3.90503724361269
1735,asp_clustered_2A,1,0,-7.91907395690354,3.90503724361269
1736,vina_top1,1,0,-8.298717177235327,6.07647371645095
1736,asp_logmean_no_clustering,1,0,-8.298717177235327,6.07647371645095
1736,asp_clustered_2A,1,0,-8.298717177235327,6.07647371645095
1737,vina_top1,1,1,-8.728414532215636,3.5291423886781494
1737,asp_logmean_no_clustering,1,1,-8.728414532215636,3.5291423886781494
1737,asp_clustered_2A,1,1,-8.728414532215636,3.5291423886781494
1738,vina_top1,0,0,-8.648288516742413,1.0304329051359173
1738,asp_logmean_no_clustering,0,0,-8.648288516742413,1.0304329051359173
1738,asp_clustered_2A,0,0,-8.648288516742413,1.0304329051359173
1739,vina_top1,1,0,-8.224950095823814,5.657884723739577
1739,asp_logmean_no_clustering,1,0,-8.224950095823814,5.657884723739577
1739,asp_clustered_2A,1,0,-8.224950095823814,5.657884723739577
1740,vina_top1,0,0,-8.162665317825555,0.6723022498458854
1740,asp_logmean_no_clustering,0,0,-8.162665317825555,0.6723022498458854
1740,asp_clustered_2A,0,0,-8.162665317825555,0.6723022498458854
1741,vina_top1,0,1,-8.081024325428848,2.7490971033603833
1741,asp_logmean_no_clustering,0,1,-8.081024325428848,2.7490971033603833
1741,asp_clustered_2A,0,1,-8.081024325428848,2.7490971033603833
1742,vina_top1,0,1,-8.004509260878626,3.0705009633739877
1742,asp_logmean_no_clustering,0,1,-8.004509260878626,3.0705009633739877
1742,asp_clustered_2A,0,1,-8.004509260878626,3.0705009633739877
1743,vina_top1,0,1,-8.037515709362422,4.1856343028427005
1743,asp_logmean_no_clustering,0,1,-8.037515709362422,4.1856343028427005
1743,asp_clustered_2A,0,1,-8.037515709362422,4.1856343028427005
1744,vina_top1,0,1,-8.189852488738941,5.245030414879261
1744,asp_logmean_no_clustering,0,1,-8.189852488738941,5.245030414879261
1744,asp_clustered_2A,0,1,-8.189852488738941,5.245030414879261
1745,vina_top1,1,0,-8.873130819898613,5.308638450271623
1745,asp_logmean_no_clustering,1,0,-8.873130819898613,5.308638450271623
1745,asp_clustered_2A,1,0,-8.873130819898613,5.308638450271623
1746,vina_top1,0,1,-8.26760232318693,3.8452770321531737
1746,asp_logmean_no_clustering,0,1,-8.26760232318693,3.8452770321531737
1746,asp_clustered_2A,0,1,-8.26760232318693,3.8452770321531737
1747,vina_top1,0,1,-8.36850503918887,5.980339682257332
1747,asp_logmean_no_clustering,0,1,-8.36850503918887,5.980339682257332
1747,asp_clustered_2A,0,1,-8.36850503918887,5.980339682257332
1748,vina_top1,0,1,-7.873607418607756,6.150411699503934
1748,asp_logmean_no_clustering,0,1,-7.873607418607756,6.150411699503934
1748,asp_clustered_2A,0,1,-7.873607418607756,6.150411699503934
1749,vina_top1,0,1,-7.529186114363516,4.801518617727098
1749,asp_logmean_no_clustering,0,1,-7.529186114363516,4.801518617727098
1749,asp_clustered_2A,0,1,-7.529186114363516,4.801518617727098
1750,vina_top1,1,0,-8.917725237906692,6.125166060779939
1750,asp_logmean_no_clustering,1,0,-8.917725237906692,6.125166060779939
1750,asp_clustered_2A,1,0,-8.917725237906692,6.125166060779939
1751,vina_top1,0,1,-8.553039428336437,5.820639246402659
1751,asp_logmean_no_clustering,0,1,-8.553039428336437,5.820639246402659
1751,asp_clustered_2A,0,1,-8.553039428336437,5.820639246402659
1752,vina_top1,0,1,-7.780137921171212,5.473351994446864
1752,asp_logmean_no_clustering,0,1,-7.780137921171212,5.473351994446864
1752,asp_clustered_2A,0,1,-7.780137921171212,5.473351994446864
1753,vina_top1,1,0,-8.89925153707724,5.911526027131904
1753,asp_logmean_no_clustering,1,0,-8.89925153707724,5.911526027131904
1753,asp_clustered_2A,1,0,-8.89925153707724,5.911526027131904
1754,vina_top1,0,1,-8.423785648242502,5.473611385444189
1754,asp_logmean_no_clustering,0,1,-8.423785648242502,5.473611385444189
1754,asp_clustered_2A,0,1,-8.423785648242502,5.473611385444189
1755,vina_top1,1,0,-7.791607227785834,4.446637019782885
1755,asp_logmean_no_clustering,1,0,-7.791607227785834,4.446637019782885
1755,asp_clustered_2A,1,0,-7.791607227785834,4.446637019782885
1756,vina_top1,1,0,-8.482889601734781,4.788951913346952
1756,asp_logmean_no_clustering,1,0,-8.482889601734781,4.788951913346952
1756,asp_clustered_2A,1,0,-8.482889601734781,4.788951913346952
1757,vina_top1,0,1,-8.139035422086543,2.762647582040324
1757,asp_logmean_no_clustering,0,1,-8.139035422086543,2.762647582040324
1757,asp_clustered_2A,0,1,-8.139035422086543,2.762647582040324
1758,vina_top1,1,0,-8.078380114704819,4.166242846971272
1758,asp_logmean_no_clustering,1,0,-8.078380114704819,4.166242846971272
1758,asp_clustered_2A,1,0,-8.078380114704819,4.166242846971272
1759,vina_top1,0,1,-8.824738417338295,4.851218199436931
1759,asp_logmean_no_clustering,0,1,-8.824738417338295,4.851218199436931
1759,asp_clustered_2A,0,1,-8.824738417338295,4.851218199436931
1760,vina_top1,0,1,-8.306400220894641,2.6
1760,asp_logmean_no_clustering,0,1,-8.306400220894641,2.6
1760,asp_clustered_2A,0,1,-8.306400220894641,2.6
1761,vina_top1,1,0,-8.16389801056329,6.184796896449606
1761,asp_logmean_no_clustering,1,0,-8.16389801056329,6.184796896449606
1761,asp_clustered_2A,1,0,-8.16389801056329,6.184796896449606
1762,vina_top1,0,0,-8.133442672884264,0.6620410529181199
1762,asp_logmean_no_clustering,0,0,-8.133442672884264,0.6620410529181199
1762,asp_clustered_2A,0,0,-8.133442672884264,0.6620410529181199
1763,vina_top1,1,1,-8.31383292022885,0.9577363887766817
1763,asp_logmean_no_clustering,1,0,-8.24293847848143,3.5263098966997903
1763,asp_clustered_2A,1,1,-8.31383292022885,0.9577363887766817
1764,vina_top1,0,0,-8.426572631995302,2.6
1764,asp_logmean_no_clustering,0,0,-8.426572631995302,2.6
1764,asp_clustered_2A,0,0,-8.426572631995302,2.6
1765,vina_top1,1,1,-7.984058989868435,4.505438683433823
1765,asp_logmean_no_clustering,1,1,-7.984058989868435,4.505438683433823
1765,asp_clustered_2A,1,1,-7.984058989868435,4.505438683433823
1766,vina_top1,0,1,-8.978405881679977,4.212819690823447
1766,asp_logmean_no_clustering,0,1,-8.978405881679977,4.212819690823447
1766,asp_clustered_2A,0,1,-8.978405881679977,4.212819690823447
1767,vina_top1,1,0,-8.30997611870314,4.872126170174449
1767,asp_logmean_no_clustering,1,0,-8.30997611870314,4.872126170174449
1767,asp_clustered_2A,1,0,-8.30997611870314,4.872126170174449
1768,vina_top1,1,0,-8.859499853157345,4.622090725419803
1768,asp_logmean_no_clustering,1,0,-8.859499853157345,4.622090725419803
1768,asp_clustered_2A,1,0,-8.859499853157345,4.622090725419803
1769,vina_top1,0,1,-8.29468787578525,4.749832125200566
1769,asp_logmean_no_clustering,0,1,-8.29468787578525,4.749832125200566
1769,asp_clustered_2A,0,1,-8.29468787578525,4.749832125200566
1770,vina_top1,1,0,-8.45747150569838,7.089157806745417
1770,asp_logmean_no_clustering,1,0,-8.45747150569838,7.089157806745417
1770,asp_clustered_2A,1,0,-8.45747150569838,7.089157806745417
1771,vina_top1,0,1,-8.147326392461617,4.464718071107733
1771,asp_logmean_no_clustering,0,1,-8.147326392461617,4.464718071107733
1771,asp_clustered_2A,0,1,-8.147326392461617,4.464718071107733
1772,vina_top1,0,1,-8.658354694934232,6.707978455907269
1772,asp_logmean_no_clustering,0,1,-8.658354694934232,6.707978455907269
1772,asp_clustered_2A,0,1,-8.658354694934232,6.707978455907269
1773,vina_top1,1,0,-8.429438645212812,3.2790037543515997
1773,asp_logmean_no_clustering,1,0,-8.429438645212812,3.2790037543515997
1773,asp_clustered_2A,1,0,-8.429438645212812,3.2790037543515997
1774,vina_top1,0,0,-7.998600404616022,1.09757633994899
1774,asp_logmean_no_clustering,0,1,-7.7985585488209415,4.750205107051652
1774,asp_clustered_2A,0,0,-7.998600404616022,1.09757633994899
1775,vina_top1,1,0,-8.050503536544309,7.058298642268492
1775,asp_logmean_no_clustering,1,0,-8.050503536544309,7.058298642268492
1775,asp_clustered_2A,1,0,-8.050503536544309,7.058298642268492
1776,vina_top1,0,0,-8.101265514424798,5.1716932677245575
1776,asp_logmean_no_clustering,0,0,-8.101265514424798,5.1716932677245575
1776,asp_clustered_2A,0,0,-8.101265514424798,5.1716932677245575
1777,vina_top1,0,0,-7.976821910036126,2.259890649189937
1777,asp_logmean_no_clustering,0,1,-7.846827319345974,3.4725022100929035
1777,asp_clustered_2A,0,0,-7.976821910036126,2.259890649189937
1778,vina_top1,1,0,-8.063974195189052,3.987438468620227
1778,asp_logmean_no_clustering,1,0,-8.063974195189052,3.987438468620227
1778,asp_clustered_2A,1,0,-8.063974195189052,3.987438468620227
1779,vina_top1,0,0,-8.033206243675052,0.9701985131632568
1779,asp_logmean_no_clustering,0,0,-8.033206243675052,0.9701985131632568
1779,asp_clustered_2A,0,0,-8.033206243675052,0.9701985131632568
1780,vina_top1,0,1,-8.71410820825417,4.535509028510044
1780,asp_logmean_no_clustering,0,1,-8.71410820825417,4.535509028510044
1780,asp_clustered_2A,0,1,-8.71410820825417,4.535509028510044
1781,vina_top1,1,0,-8.70156319309079,4.093156259010414
1781,asp_logmean_no_clustering,1,0,-8.70156319309079,4.093156259010414
1781,asp_clustered_2A,1,0,-8.70156319309079,4.093156259010414
1782,vina_top1,1,1,-8.007348998503085,7.2508732222003625
1782,asp_logmean_no_clustering,1,0,-7.94354975380296,5.975378239214747
1782,asp_clustered_2A,1,1,-8.007348998503085,7.2508732222003625
1783,vina_top1,1,0,-7.933102698480563,4.155803644040153
1783,asp_logmean_no_clustering,1,0,-7.933102698480563,4.155803644040153
1783,asp_clustered_2A,1,0,-7.933102698480563,4.155803644040153
1784,vina_top1,1,1,-7.983548284157085,4.432693289919159
1784,asp_logmean_no_clustering,1,0,-7.800636703964997,2.739169671293492
1784,asp_clustered_2A,1,1,-7.983548284157085,4.432693289919159
1785,vina_top1,0,1,-8.710329872619049,4.085645456449586
1785,asp_logmean_no_clustering,0,1,-8.710329872619049,4.085645456449586
1785,asp_clustered_2A,0,1,-8.710329872619049,4.085645456449586
1786,vina_top1,1,0,-8.495869744800034,7.356059513333609
1786,asp_logmean_no_clustering,1,0,-8.495869744800034,7.356059513333609
1786,asp_clustered_2A,1,0,-8.495869744800034,7.356059513333609
1787,vina_top1,0,1,-8.547181624957034,3.726851934078518
1787,asp_logmean_no_clustering,0,1,-8.547181624957034,3.726851934078518
1787,asp_clustered_2A,0,1,-8.547181624957034,3.726851934078518
1788,vina_top1,1,0,-8.722809608603455,5.522230124737758
1788,asp_logmean_no_clustering,1,0,-8.722809608603455,5.522230124737758
1788,asp_clustered_2A,1,0,-8.722809608603455,5.522230124737758
1789,vina_top1,1,1,-8.58537564863537,3.9472518783689186
1789,asp_logmean_no_clustering,1,0,-8.492480547849944,3.9866648875537347
1789,asp_clustered_2A,1,1,-8.58537564863537,3.9472518783689186
1790,vina_top1,0,0,-8.012458878367598,4.490899943308066
1790,asp_logmean_no_clustering,0,1,-7.7666500870261395,4.725915012793148
1790,asp_clustered_2A,0,0,-8.012458878367598,4.490899943308066
1791,vina_top1,0,1,-8.524597087748239,4.475781506940735
1791,asp_logmean_no_clustering,0,1,-8.524597087748239,4.475781506940735
1791,asp_clustered_2A,0,1,-8.524597087748239,4.475781506940735
1792,vina_top1,1,1,-8.555752439678557,0.38182666688358424
1792,asp_logmean_no_clustering,1,0,-8.360878960766986,2.6
1792,asp_clustered_2A,1,1,-8.555752439678557,0.38182666688358424
1793,vina_top1,1,1,-8.59443830606487,1.20228265714374
1793,asp_logmean_no_clustering,1,1,-8.59443830606487,1.20228265714374
1793,asp_clustered_2A,1,1,-8.59443830606487,1.20228265714374
1794,vina_top1,1,0,-8.16113619164792,3.807621349624247
1794,asp_logmean_no_clustering,1,0,-8.16113619164792,3.807621349624247
1794,asp_clustered_2A,1,0,-8.16113619164792,3.807621349624247
1795,vina_top1,1,0,-8.351745284159303,3.0059827031261763
1795,asp_logmean_no_clustering,1,0,-8.351745284159303,3.0059827031261763
1795,asp_clustered_2A,1,0,-8.351745284159303,3.0059827031261763
1796,vina_top1,1,0,-8.813614583321685,3.62149622287244
1796,asp_logmean_no_clustering,1,0,-8.813614583321685,3.62149622287244
1796,asp_clustered_2A,1,0,-8.813614583321685,3.62149622287244
1797,vina_top1,0,1,-8.195732899527785,4.995187454577648
1797,asp_logmean_no_clustering,0,1,-8.195732899527785,4.995187454577648
1797,asp_clustered_2A,0,1,-8.195732899527785,4.995187454577648
1798,vina_top1,1,0,-8.005196931071566,3.9111414231850867
1798,asp_logmean_no_clustering,1,0,-8.005196931071566,3.9111414231850867
1798,asp_clustered_2A,1,0,-8.005196931071566,3.9111414231850867
1799,vina_top1,0,1,-8.387739187428338,5.780279598154847
1799,asp_logmean_no_clustering,0,1,-8.387739187428338,5.780279598154847
1799,asp_clustered_2A,0,1,-8.387739187428338,5.780279598154847
1800,vina_top1,0,0,-8.646069356295706,2.6
1800,asp_logmean_no_clustering,0,1,-8.521483074116665,4.577021502035377
1800,asp_clustered_2A,0,0,-8.646069356295706,2.6
1801,vina_top1,0,1,-8.49725622666096,5.1579560174609
1801,asp_logmean_no_clustering,0,1,-8.49725622666096,5.1579560174609
1801,asp_clustered_2A,0,1,-8.49725622666096,5.1579560174609
1802,vina_top1,1,1,-8.02032753600135,2.685409041976982
1802,asp_logmean_no_clustering,1,0,-7.984964418419008,2.6
1802,asp_clustered_2A,1,1,-8.02032753600135,2.685409041976982
1803,vina_top1,1,0,-8.191467198399193,4.049324817735269
1803,asp_logmean_no_clustering,1,0,-8.191467198399193,4.049324817735269
1803,asp_clustered_2A,1,0,-8.191467198399193,4.049324817735269
1804,vina_top1,1,0,-8.156550673360682,5.827860295772045
1804,asp_logmean_no_clustering,1,0,-8.156550673360682,5.827860295772045
1804,asp_clustered_2A,1,0,-8.156550673360682,5.827860295772045
1805,vina_top1,1,1,-8.17871552798674,3.2778066191612774
1805,asp_logmean_no_clustering,1,0,-8.091044717644364,6.47192594278509
1805,asp_clustered_2A,1,1,-8.17871552798674,3.2778066191612774
1806,vina_top1,1,0,-8.167358023916227,3.9422918203169792
1806,asp_logmean_no_clustering,1,0,-8.167358023916227,3.9422918203169792
1806,asp_clustered_2A,1,0,-8.167358023916227,3.9422918203169792
1807,vina_top1,1,0,-8.745430563378084,5.214671109728053
1807,asp_logmean_no_clustering,1,0,-8.745430563378084,5.214671109728053
1807,asp_clustered_2A,1,0,-8.745430563378084,5.214671109728053
1808,vina_top1,0,1,-8.141188725025081,3.9442095234912946
1808,asp_logmean_no_clustering,0,1,-8.141188725025081,3.9442095234912946
1808,asp_clustered_2A,0,1,-8.141188725025081,3.9442095234912946
1809,vina_top1,0,1,-8.562414532998837,4.643867478896431
1809,asp_logmean_no_clustering,0,1,-8.562414532998837,4.643867478896431
1809,asp_clustered_2A,0,1,-8.562414532998837,4.643867478896431
1810,vina_top1,0,1,-8.68239076008789,5.663208601868423
1810,asp_logmean_no_clustering,0,1,-8.68239076008789,5.663208601868423
1810,asp_clustered_2A,0,1,-8.68239076008789,5.663208601868423
1811,vina_top1,0,0,-8.200696657696312,1.2978052273658531
1811,asp_logmean_no_clustering,0,1,-8.129504787943233,2.8234984578262656
1811,asp_clustered_2A,0,0,-8.200696657696312,1.2978052273658531
1812,vina_top1,1,1,-8.531877414329974,1.945860164314584
1812,asp_logmean_no_clustering,1,0,-8.176961304990751,5.310168556511336
1812,asp_clustered_2A,1,1,-8.531877414329974,1.945860164314584
1813,vina_top1,0,1,-8.623825267174032,5.794488165340544
1813,asp_logmean_no_clustering,0,1,-8.623825267174032,5.794488165340544
1813,asp_clustered_2A,0,1,-8.623825267174032,5.794488165340544
1814,vina_top1,1,0,-8.864580914616266,7.166249494340006
1814,asp_logmean_no_clustering,1,0,-8.864580914616266,7.166249494340006
1814,asp_clustered_2A,1,0,-8.864580914616266,7.166249494340006
1815,vina_top1,0,0,-8.307648883400402,1.8093982806486442
1815,asp_logmean_no_clustering,0,1,-7.730523768951344,4.145990873233808
1815,asp_clustered_2A,0,0,-8.307648883400402,1.8093982806486442
1816,vina_top1,1,1,-8.476409055052823,0.9769144019737661
1816,asp_logmean_no_clustering,1,0,-8.0878436404861,3.4224278949608515
1816,asp_clustered_2A,1,1,-8.476409055052823,0.9769144019737661
1817,vina_top1,1,1,-8.15976112672261,8.419082263011745
1817,asp_logmean_no_clustering,1,0,-7.751310957968756,5.2277959963461695
1817,asp_clustered_2A,1,1,-8.15976112672261,8.419082263011745
1818,vina_top1,0,0,-8.192916992894412,5.7210924328045945
1818,asp_logmean_no_clustering,0,0,-8.192916992894412,5.7210924328045945
1818,asp_clustered_2A,0,0,-8.192916992894412,5.7210924328045945
1819,vina_top1,1,0,-8.236491412732143,4.206379455146112
1819,asp_logmean_no_clustering,1,0,-8.236491412732143,4.206379455146112
1819,asp_clustered_2A,1,0,-8.236491412732143,4.206379455146112
1820,vina_top1,0,1,-8.682650046711752,2.745744666073959
1820,asp_logmean_no_clustering,0,1,-8.682650046711752,2.745744666073959
1820,asp_clustered_2A,0,1,-8.682650046711752,2.745744666073959
1821,vina_top1,1,0,-8.017424659348004,3.4325188675850042
1821,asp_logmean_no_clustering,1,0,-8.017424659348004,3.4325188675850042
1821,asp_clustered_2A,1,0,-8.017424659348004,3.4325188675850042
1822,vina_top1,0,1,-8.958573484034268,5.923448461077874
1822,asp_logmean_no_clustering,0,1,-8.958573484034268,5.923448461077874
1822,asp_clustered_2A,0,1,-8.958573484034268,5.923448461077874
1823,vina_top1,0,1,-8.149429037059537,5.707225778136515
1823,asp_logmean_no_clustering,0,1,-8.149429037059537,5.707225778136515
1823,asp_clustered_2A,0,1,-8.149429037059537,5.707225778136515
1824,vina_top1,1,0,-8.071637388060504,6.52930871954156
1824,asp_logmean_no_clustering,1,0,-8.071637388060504,6.52930871954156
1824,asp_clustered_2A,1,0,-8.071637388060504,6.52930871954156
1825,vina_top1,1,0,-8.167287509909235,5.723572292175062
1825,asp_logmean_no_clustering,1,0,-8.167287509909235,5.723572292175062
1825,asp_clustered_2A,1,0,-8.167287509909235,5.723572292175062
1826,vina_top1,0,1,-8.482536828467838,5.41067340116435
1826,asp_logmean_no_clustering,0,1,-8.482536828467838,5.41067340116435
1826,asp_clustered_2A,0,1,-8.482536828467838,5.41067340116435
1827,vina_top1,1,1,-8.278130613184944,1.6115829364029666
1827,asp_logmean_no_clustering,1,1,-8.278130613184944,1.6115829364029666
1827,asp_clustered_2A,1,1,-8.278130613184944,1.6115829364029666
1828,vina_top1,1,0,-8.619887876602627,3.4628546791440664
1828,asp_logmean_no_clustering,1,0,-8.619887876602627,3.4628546791440664
1828,asp_clustered_2A,1,0,-8.619887876602627,3.4628546791440664
1829,vina_top1,1,0,-8.08094216944155,5.81313983269032
1829,asp_logmean_no_clustering,1,0,-8.08094216944155,5.81313983269032
1829,asp_clustered_2A,1,0,-8.08094216944155,5.81313983269032
1830,vina_top1,0,0,-8.705140801344974,4.8621929627575335
1830,asp_logmean_no_clustering,0,1,-8.536303726649276,6.521863386953062
1830,asp_clustered_2A,0,0,-8.705140801344974,4.8621929627575335
1831,vina_top1,0,1,-8.215638898698025,3.7891589966562487
1831,asp_logmean_no_clustering,0,1,-8.215638898698025,3.7891589966562487
1831,asp_clustered_2A,0,1,-8.215638898698025,3.7891589966562487
1832,vina_top1,0,1,-8.571918751285605,4.806941325951736
1832,asp_logmean_no_clustering,0,1,-8.571918751285605,4.806941325951736
1832,asp_clustered_2A,0,1,-8.571918751285605,4.806941325951736
1833,vina_top1,1,0,-8.550908145831018,5.334716797716285
1833,asp_logmean_no_clustering,1,0,-8.550908145831018,5.334716797716285
1833,asp_clustered_2A,1,0,-8.550908145831018,5.334716797716285
1834,vina_top1,0,0,-8.299965664349093,1.0709370373536244
1834,asp_logmean_no_clustering,0,1,-7.710609827066365,5.1148597844326975
1834,asp_clustered_2A,0,0,-8.299965664349093,1.0709370373536244
1835,vina_top1,0,0,-8.194770233254301,5.33974258649705
1835,asp_logmean_no_clustering,0,0,-8.194770233254301,5.33974258649705
1835,asp_clustered_2A,0,0,-8.194770233254301,5.33974258649705
1836,vina_top1,1,1,-8.180120601133654,1.1499429141580515
1836,asp_logmean_no_clustering,1,1,-8.180120601133654,1.1499429141580515
1836,asp_clustered_2A,1,1,-8.180120601133654,1.1499429141580515
1837,vina_top1,1,0,-8.6877829077682,5.031107979777331
1837,asp_logmean_no_clustering,1,0,-8.6877829077682,5.031107979777331
1837,asp_clustered_2A,1,0,-8.6877829077682,5.031107979777331
1838,vina_top1,1,1,-7.8829201625528675,1.4275068323398301
1838,asp_logmean_no_clustering,1,1,-7.8829201625528675,1.4275068323398301
1838,asp_clustered_2A,1,1,-7.8829201625528675,1.4275068323398301
1839,vina_top1,0,0,-8.038553245391507,0.9088626872905581
1839,asp_logmean_no_clustering,0,1,-7.924767780528736,3.8883832075124705
1839,asp_clustered_2A,0,0,-8.038553245391507,0.9088626872905581
1840,vina_top1,0,1,-8.261733327351578,4.311546896105873
1840,asp_logmean_no_clustering,0,1,-8.261733327351578,4.311546896105873
1840,asp_clustered_2A,0,1,-8.261733327351578,4.311546896105873
1841,vina_top1,1,1,-8.674096093612253,1.6774343684548947
1841,asp_logmean_no_clustering,1,0,-8.56078851324762,5.539623456737181
1841,asp_clustered_2A,1,1,-8.674096093612253,1.6774343684548947
1842,vina_top1,0,1,-8.828798125573128,4.916194338826977
1842,asp_logmean_no_clustering,0,1,-8.828798125573128,4.916194338826977
1842,asp_clustered_2A,0,1,-8.828798125573128,4.916194338826977
1843,vina_top1,0,1,-8.248987552726732,3.5880371457311373
1843,asp_logmean_no_clustering,0,1,-8.248987552726732,3.5880371457311373
1843,asp_clustered_2A,0,1,-8.248987552726732,3.5880371457311373
1844,vina_top1,1,0,-8.735107228550149,4.617551701531453
1844,asp_logmean_no_clustering,1,0,-8.735107228550149,4.617551701531453
1844,asp_clustered_2A,1,0,-8.735107228550149,4.617551701531453
1845,vina_top1,1,1,-7.703425395994914,4.222105655189706
1845,asp_logmean_no_clustering,1,0,-7.660717650407519,5.3676020025531495
1845,asp_clustered_2A,1,1,-7.703425395994914,4.222105655189706
1846,vina_top1,1,0,-8.171984489137634,3.5792806497899727
1846,asp_logmean_no_clustering,1,0,-8.171984489137634,3.5792806497899727
1846,asp_clustered_2A,1,0,-8.171984489137634,3.5792806497899727
1847,vina_top1,0,1,-8.015129040931223,6.127381329907692
1847,asp_logmean_no_clustering,0,1,-8.015129040931223,6.127381329907692
1847,asp_clustered_2A,0,1,-8.015129040931223,6.127381329907692
1848,vina_top1,0,1,-8.291567106313014,4.646845871047211
1848,asp_logmean_no_clustering,0,1,-8.291567106313014,4.646845871047211
1848,asp_clustered_2A,0,1,-8.291567106313014,4.646845871047211
1849,vina_top1,1,1,-7.912879944641685,5.505888157031426
1849,asp_logmean_no_clustering,1,0,-7.9007497463873015,5.504370602448209
1849,asp_clustered_2A,1,1,-7.912879944641685,5.505888157031426
1850,vina_top1,1,0,-8.140376192546691,3.772942526722081
1850,asp_logmean_no_clustering,1,0,-8.140376192546691,3.772942526722081
1850,asp_clustered_2A,1,0,-8.140376192546691,3.772942526722081
1851,vina_top1,0,1,-8.719229182474185,6.222998885931106
1851,asp_logmean_no_clustering,0,1,-8.719229182474185,6.222998885931106
1851,asp_clustered_2A,0,1,-8.719229182474185,6.222998885931106
1852,vina_top1,1,0,-8.499034501003932,5.4651308417424325
1852,asp_logmean_no_clustering,1,0,-8.499034501003932,5.4651308417424325
1852,asp_clustered_2A,1,0,-8.499034501003932,5.4651308417424325
1853,vina_top1,1,1,-7.807921845433699,1.8768226640357617
1853,asp_logmean_no_clustering,1,0,-7.663847000022675,6.612081632011997
1853,asp_clustered_2A,1,1,-7.807921845433699,1.8768226640357617
1854,vina_top1,0,1,-8.121428293140823,4.245826822527221
1854,asp_logmean_no_clustering,0,1,-8.121428293140823,4.245826822527221
1854,asp_clustered_2A,0,1,-8.121428293140823,4.245826822527221
1855,vina_top1,1,0,-8.308319686234524,4.947436008800692
1855,asp_logmean_no_clustering,1,0,-8.308319686234524,4.947436008800692
1855,asp_clustered_2A,1,0,-8.308319686234524,4.947436008800692
1856,vina_top1,0,0,-8.397572349972798,4.6880593424618615
1856,asp_logmean_no_clustering,0,0,-8.397572349972798,4.6880593424618615
1856,asp_clustered_2A,0,0,-8.397572349972798,4.6880593424618615
1857,vina_top1,0,1,-8.714804869846452,3.882197025572179
1857,asp_logmean_no_clustering,0,1,-8.714804869846452,3.882197025572179
1857,asp_clustered_2A,0,1,-8.714804869846452,3.882197025572179
1858,vina_top1,0,0,-8.336267925854191,6.786692582023015
1858,asp_logmean_no_clustering,0,0,-8.336267925854191,6.786692582023015
1858,asp_clustered_2A,0,0,-8.336267925854191,6.786692582023015
1859,vina_top1,1,0,-8.705466467829767,5.267359644951036
1859,asp_logmean_no_clustering,1,0,-8.705466467829767,5.267359644951036
1859,asp_clustered_2A,1,0,-8.705466467829767,5.267359644951036
1860,vina_top1,1,1,-8.967656812563728,1.8513139432210814
1860,asp_logmean_no_clustering,1,0,-8.504149774424684,6.808038057941102
1860,asp_clustered_2A,1,1,-8.967656812563728,1.8513139432210814
1861,vina_top1,0,0,-8.39307784747541,0.4760660107756277
1861,asp_logmean_no_clustering,0,0,-8.39307784747541,0.4760660107756277
1861,asp_clustered_2A,0,0,-8.39307784747541,0.4760660107756277
1862,vina_top1,1,0,-8.672512886902783,2.6
1862,asp_logmean_no_clustering,1,0,-8.672512886902783,2.6
1862,asp_clustered_2A,1,0,-8.672512886902783,2.6
1863,vina_top1,1,0,-8.208511833768902,3.7645349313102514
1863,asp_logmean_no_clustering,1,0,-8.208511833768902,3.7645349313102514
1863,asp_clustered_2A,1,0,-8.208511833768902,3.7645349313102514
1864,vina_top1,1,0,-8.648073075014004,5.022252353391502
1864,asp_logmean_no_clustering,1,0,-8.648073075014004,5.022252353391502
1864,asp_clustered_2A,1,0,-8.648073075014004,5.022252353391502
1865,vina_top1,0,1,-8.966964235923186,4.35611151563345
1865,asp_logmean_no_clustering,0,1,-8.966964235923186,4.35611151563345
1865,asp_clustered_2A,0,1,-8.966964235923186,4.35611151563345
1866,vina_top1,1,0,-8.314439895783384,5.0388065399696425
1866,asp_logmean_no_clustering,1,0,-8.314439895783384,5.0388065399696425
1866,asp_clustered_2A,1,0,-8.314439895783384,5.0388065399696425
1867,vina_top1,0,1,-8.703894692285605,6.457619704749471
1867,asp_logmean_no_clustering,0,1,-8.703894692285605,6.457619704749471
1867,asp_clustered_2A,0,1,-8.703894692285605,6.457619704749471
1868,vina_top1,0,1,-8.001455067111882,6.2912327984439145
1868,asp_logmean_no_clustering,0,1,-8.001455067111882,6.2912327984439145
1868,asp_clustered_2A,0,1,-8.001455067111882,6.2912327984439145
1869,vina_top1,1,0,-8.589841681584032,2.6
1869,asp_logmean_no_clustering,1,0,-8.589841681584032,2.6
1869,asp_clustered_2A,1,0,-8.589841681584032,2.6
1870,vina_top1,0,0,-8.44429131655729,6.829636947951286
1870,asp_logmean_no_clustering,0,1,-8.297068633042938,2.6
1870,asp_clustered_2A,0,0,-8.44429131655729,6.829636947951286
1871,vina_top1,1,1,-8.488698734593665,6.924239972058157
1871,asp_logmean_no_clustering,1,1,-8.488698734593665,6.924239972058157
1871,asp_clustered_2A,1,1,-8.488698734593665,6.924239972058157
1872,vina_top1,0,1,-8.352459821584688,6.171558532790105
1872,asp_logmean_no_clustering,0,1,-8.352459821584688,6.171558532790105
1872,asp_clustered_2A,0,1,-8.352459821584688,6.171558532790105
1873,vina_top1,1,1,-8.77049660785421,4.842560214150912
1873,asp_logmean_no_clustering,1,1,-8.77049660785421,4.842560214150912
1873,asp_clustered_2A,1,1,-8.77049660785421,4.842560214150912
1874,vina_top1,1,0,-8.632751193815468,5.649558717142657
1874,asp_logmean_no_clustering,1,0,-8.632751193815468,5.649558717142657
1874,asp_clustered_2A,1,0,-8.632751193815468,5.649558717142657
1875,vina_top1,1,0,-8.344367677515221,7.097192944167228
1875,asp_logmean_no_clustering,1,1,-8.001349394962284,1.446345733356338
1875,asp_clustered_2A,1,0,-8.344367677515221,7.097192944167228
1876,vina_top1,0,1,-8.647374390524527,2.6
1876,asp_logmean_no_clustering,0,1,-8.647374390524527,2.6
1876,asp_clustered_2A,0,1,-8.647374390524527,2.6
1877,vina_top1,0,0,-8.542575592854195,0.9104050061023923
1877,asp_logmean_no_clustering,0,0,-8.542575592854195,0.9104050061023923
1877,asp_clustered_2A,0,0,-8.542575592854195,0.9104050061023923
1878,vina_top1,1,0,-8.217757988403314,5.266944677692294
1878,asp_logmean_no_clustering,1,0,-8.217757988403314,5.266944677692294
1878,asp_clustered_2A,1,0,-8.217757988403314,5.266944677692294
1879,vina_top1,0,1,-9.4510137487573,3.300780712130047
1879,asp_logmean_no_clustering,0,1,-9.4510137487573,3.300780712130047
1879,asp_clustered_2A,0,1,-9.4510137487573,3.300780712130047
1880,vina_top1,1,0,-8.232837188145202,4.545533019601031
1880,asp_logmean_no_clustering,1,0,-8.232837188145202,4.545533019601031
1880,asp_clustered_2A,1,0,-8.232837188145202,4.545533019601031
1881,vina_top1,1,0,-8.389399739391058,5.565543183798301
1881,asp_logmean_no_clustering,1,0,-8.389399739391058,5.565543183798301
1881,asp_clustered_2A,1,0,-8.389399739391058,5.565543183798301
1882,vina_top1,0,0,-7.773092383274973,3.2142596401352326
1882,asp_logmean_no_clustering,0,1,-7.599313797251747,3.3652953431744677
1882,asp_clustered_2A,0,0,-7.773092383274973,3.2142596401352326
1883,vina_top1,1,0,-8.006853874883731,2.9907890102232804
1883,asp_logmean_no_clustering,1,0,-8.006853874883731,2.9907890102232804
1883,asp_clustered_2A,1,0,-8.006853874883731,2.9907890102232804
1884,vina_top1,0,1,-8.202166080099563,6.4875648701414175
1884,asp_logmean_no_clustering,0,0,-8.165306541910637,1.7164860040864887
1884,asp_clustered_2A,0,1,-8.202166080099563,6.4875648701414175
1885,vina_top1,0,1,-8.284453263379087,4.639325928520444
1885,asp_logmean_no_clustering,0,1,-8.284453263379087,4.639325928520444
1885,asp_clustered_2A,0,1,-8.284453263379087,4.639325928520444
1886,vina_top1,0,1,-8.234019086822947,4.613859470023748
1886,asp_logmean_no_clustering,0,1,-8.234019086822947,4.613859470023748
1886,asp_clustered_2A,0,1,-8.234019086822947,4.613859470023748
1887,vina_top1,1,0,-8.12138767708074,4.229936548989906
1887,asp_logmean_no_clustering,1,0,-8.12138767708074,4.229936548989906
1887,asp_clustered_2A,1,0,-8.12138767708074,4.229936548989906
1888,vina_top1,1,1,-8.427899569087057,4.484268147316972
1888,asp_logmean_no_clustering,1,0,-8.23479501937566,3.854621468740012
1888,asp_clustered_2A,1,1,-8.427899569087057,4.484268147316972
1889,vina_top1,1,0,-7.824022808744558,5.459831964407076
1889,asp_logmean_no_clustering,1,0,-7.824022808744558,5.459831964407076
1889,asp_clustered_2A,1,0,-7.824022808744558,5.459831964407076
1890,vina_top1,1,1,-8.660609207538227,3.1257606828712565
1890,asp_logmean_no_clustering,1,1,-8.660609207538227,3.1257606828712565
1890,asp_clustered_2A,1,1,-8.660609207538227,3.1257606828712565
1891,vina_top1,0,1,-7.7516201461653615,5.584027580631082
1891,asp_logmean_no_clustering,0,1,-7.7516201461653615,5.584027580631082
1891,asp_clustered_2A,0,1,-7.7516201461653615,5.584027580631082
1892,vina_top1,1,0,-8.781198203390725,4.417086110968735
1892,asp_logmean_no_clustering,1,0,-8.781198203390725,4.417086110968735
1892,asp_clustered_2A,1,0,-8.781198203390725,4.417086110968735
1893,vina_top1,0,0,-8.565551850407509,4.898521558872184
1893,asp_logmean_no_clustering,0,1,-8.499191461639144,4.488395613614816
1893,asp_clustered_2A,0,0,-8.565551850407509,4.898521558872184
1894,vina_top1,1,1,-8.335325918407444,2.7854550538053897
1894,asp_logmean_no_clustering,1,1,-8.335325918407444,2.7854550538053897
1894,asp_clustered_2A,1,1,-8.335325918407444,2.7854550538053897
1895,vina_top1,1,0,-8.644138749049683,5.693861171789859
1895,asp_logmean_no_clustering,1,0,-8.644138749049683,5.693861171789859
1895,asp_clustered_2A,1,0,-8.644138749049683,5.693861171789859
1896,vina_top1,0,1,-8.21076929651479,4.717075979219099
1896,asp_logmean_no_clustering,0,1,-8.21076929651479,4.717075979219099
1896,asp_clustered_2A,0,1,-8.21076929651479,4.717075979219099
1897,vina_top1,0,1,-8.831723910389051,4.270179783107521
1897,asp_logmean_no_clustering,0,1,-8.831723910389051,4.270179783107521
1897,asp_clustered_2A,0,1,-8.831723910389051,4.270179783107521
1898,vina_top1,1,0,-8.439513503294974,3.4198458572328034
1898,asp_logmean_no_clustering,1,0,-8.439513503294974,3.4198458572328034
1898,asp_clustered_2A,1,0,-8.439513503294974,3.4198458572328034
1899,vina_top1,1,0,-7.764403290594976,4.262487867212721
1899,asp_logmean_no_clustering,1,0,-7.764403290594976,4.262487867212721
1899,asp_clustered_2A,1,0,-7.764403290594976,4.262487867212721
1900,vina_top1,1,0,-7.874410864619584,4.056057666627966
1900,asp_logmean_no_clustering,1,0,-7.874410864619584,4.056057666627966
1900,asp_clustered_2A,1,0,-7.874410864619584,4.056057666627966
1901,vina_top1,0,1,-8.458818154068648,3.9275816368516407
1901,asp_logmean_no_clustering,0,1,-8.458818154068648,3.9275816368516407
1901,asp_clustered_2A,0,1,-8.458818154068648,3.9275816368516407
1902,vina_top1,0,0,-8.198338734612584,6.441877552514546
1902,asp_logmean_no_clustering,0,0,-8.198338734612584,6.441877552514546
1902,asp_clustered_2A,0,0,-8.198338734612584,6.441877552514546
1903,vina_top1,1,1,-8.67952563650087,1.3923515379499762
1903,asp_logmean_no_clustering,1,1,-8.67952563650087,1.3923515379499762
1903,asp_clustered_2A,1,1,-8.67952563650087,1.3923515379499762
1904,vina_top1,1,1,-8.210690787912277,5.290858024311833
1904,asp_logmean_no_clustering,1,1,-8.210690787912277,5.290858024311833
1904,asp_clustered_2A,1,1,-8.210690787912277,5.290858024311833
1905,vina_top1,1,1,-8.830031278521442,7.092071287148617
1905,asp_logmean_no_clustering,1,1,-8.830031278521442,7.092071287148617
1905,asp_clustered_2A,1,1,-8.830031278521442,7.092071287148617
1906,vina_top1,1,0,-8.356997681293674,6.2751901322746395
1906,asp_logmean_no_clustering,1,0,-8.356997681293674,6.2751901322746395
1906,asp_clustered_2A,1,0,-8.356997681293674,6.2751901322746395
1907,vina_top1,1,1,-7.903330047527272,1.6078215219322698
1907,asp_logmean_no_clustering,1,0,-7.448075314677655,4.163321426686161
1907,asp_clustered_2A,1,1,-7.903330047527272,1.6078215219322698
1908,vina_top1,1,1,-8.247774220586567,5.283308093827759
1908,asp_logmean_no_clustering,1,1,-8.247774220586567,5.283308093827759
1908,asp_clustered_2A,1,1,-8.247774220586567,5.283308093827759
1909,vina_top1,0,1,-9.658402596828557,5.246484523861745
1909,asp_logmean_no_clustering,0,1,-9.658402596828557,5.246484523861745
1909,asp_clustered_2A,0,1,-9.658402596828557,5.246484523861745
1910,vina_top1,0,1,-8.165670905296727,5.503984844548304
1910,asp_logmean_no_clustering,0,1,-8.165670905296727,5.503984844548304
1910,asp_clustered_2A,0,1,-8.165670905296727,5.503984844548304
1911,vina_top1,1,1,-8.192199235343214,0.8006972139469416
1911,asp_logmean_no_clustering,1,0,-8.123920443691697,4.094896591776757
1911,asp_clustered_2A,1,1,-8.192199235343214,0.8006972139469416
1912,vina_top1,0,0,-8.341769893693945,1.8800500160431683
1912,asp_logmean_no_clustering,0,0,-8.341769893693945,1.8800500160431683
1912,asp_clustered_2A,0,0,-8.341769893693945,1.8800500160431683
1913,vina_top1,0,0,-8.046483332725822,1.942699290021255
1913,asp_logmean_no_clustering,0,1,-7.697752418436412,5.635644040768857
1913,asp_clustered_2A,0,0,-8.046483332725822,1.942699290021255
1914,vina_top1,1,1,-8.242823872451016,1.319734855642845
1914,asp_logmean_no_clustering,1,0,-8.073996377497807,3.8870249110376482
1914,asp_clustered_2A,1,1,-8.242823872451016,1.319734855642845
1915,vina_top1,1,0,-8.004648824925349,6.3241487416644455
1915,asp_logmean_no_clustering,1,0,-8.004648824925349,6.3241487416644455
1915,asp_clustered_2A,1,0,-8.004648824925349,6.3241487416644455
1916,vina_top1,1,1,-8.398842821663402,1.5035039701265758
1916,asp_logmean_no_clustering,1,0,-8.159820484830378,4.665716257893813
1916,asp_clustered_2A,1,1,-8.398842821663402,1.5035039701265758
1917,vina_top1,1,0,-8.776572676384188,4.289273141479694
1917,asp_logmean_no_clustering,1,0,-8.776572676384188,4.289273141479694
1917,asp_clustered_2A,1,0,-8.776572676384188,4.289273141479694
1918,vina_top1,0,1,-7.924248685631387,6.797893407933744
1918,asp_logmean_no_clustering,0,1,-7.924248685631387,6.797893407933744
1918,asp_clustered_2A,0,1,-7.924248685631387,6.797893407933744
1919,vina_top1,0,1,-8.441009658663026,4.32449900113683
1919,asp_logmean_no_clustering,0,1,-8.441009658663026,4.32449900113683
1919,asp_clustered_2A,0,1,-8.441009658663026,4.32449900113683
1920,vina_top1,0,1,-8.066446968837692,2.6
1920,asp_logmean_no_clustering,0,0,-7.884108148584875,5.622066002544047
1920,asp_clustered_2A,0,1,-8.066446968837692,2.6
1921,vina_top1,0,1,-8.314191237229325,4.696716987809861
1921,asp_logmean_no_clustering,0,1,-8.314191237229325,4.696716987809861
1921,asp_clustered_2A,0,1,-8.314191237229325,4.696716987809861
1922,vina_top1,1,1,-9.274004979552119,1.1688547479403995
1922,asp_logmean_no_clustering,1,1,-9.274004979552119,1.1688547479403995
1922,asp_clustered_2A,1,1,-9.274004979552119,1.1688547479403995
1923,vina_top1,0,0,-8.046750088546181,1.557534564997564
1923,asp_logmean_no_clustering,0,0,-8.046750088546181,1.557534564997564
1923,asp_clustered_2A,0,0,-8.046750088546181,1.557534564997564
1924,vina_top1,0,1,-8.095993256023355,2.6
1924,asp_logmean_no_clustering,0,1,-8.095993256023355,2.6
1924,asp_clustered_2A,0,1,-8.095993256023355,2.6
1925,vina_top1,0,1,-8.366302062040935,6.599374384844863
1925,asp_logmean_no_clustering,0,1,-8.366302062040935,6.599374384844863
1925,asp_clustered_2A,0,1,-8.366302062040935,6.599374384844863
1926,vina_top1,0,1,-8.270372757492032,5.00845047172911
1926,asp_logmean_no_clustering,0,1,-8.270372757492032,5.00845047172911
1926,asp_clustered_2A,0,1,-8.270372757492032,5.00845047172911
1927,vina_top1,0,1,-8.546948760813674,6.50831585763036
1927,asp_logmean_no_clustering,0,1,-8.546948760813674,6.50831585763036
1927,asp_clustered_2A,0,1,-8.546948760813674,6.50831585763036
1928,vina_top1,1,1,-8.524384984036805,7.277473978736944
1928,asp_logmean_no_clustering,1,0,-8.099397233294406,4.615765951957499
1928,asp_clustered_2A,1,1,-8.524384984036805,7.277473978736944
1929,vina_top1,1,0,-8.465193708486423,5.7547068692475305
1929,asp_logmean_no_clustering,1,0,-8.465193708486423,5.7547068692475305
1929,asp_clustered_2A,1,0,-8.465193708486423,5.7547068692475305
1930,vina_top1,0,1,-8.7620704606997,6.374339929324475
1930,asp_logmean_no_clustering,0,1,-8.7620704606997,6.374339929324475
1930,asp_clustered_2A,0,1,-8.7620704606997,6.374339929324475
1931,vina_top1,0,0,-8.541407837703794,1.778184513846428
1931,asp_logmean_no_clustering,0,0,-8.541407837703794,1.778184513846428
1931,asp_clustered_2A,0,0,-8.541407837703794,1.778184513846428
1932,vina_top1,0,1,-7.907976060763534,3.3815649359718143
1932,asp_logmean_no_clustering,0,1,-7.907976060763534,3.3815649359718143
1932,asp_clustered_2A,0,1,-7.907976060763534,3.3815649359718143
1933,vina_top1,1,0,-8.890935945944769,5.221200636241192
1933,asp_logmean_no_clustering,1,0,-8.890935945944769,5.221200636241192
1933,asp_clustered_2A,1,0,-8.890935945944769,5.221200636241192
1934,vina_top1,0,1,-8.248706080488361,6.70044255238002
1934,asp_logmean_no_clustering,0,1,-8.248706080488361,6.70044255238002
1934,asp_clustered_2A,0,1,-8.248706080488361,6.70044255238002
1935,vina_top1,1,1,-7.6106610843555,5.501035678631173
1935,asp_logmean_no_clustering,1,0,-7.583714872605959,4.398991637434346
1935,asp_clustered_2A,1,1,-7.6106610843555,5.501035678631173
1936,vina_top1,1,0,-8.10307046030714,5.201833960199748
1936,asp_logmean_no_clustering,1,0,-8.10307046030714,5.201833960199748
1936,asp_clustered_2A,1,0,-8.10307046030714,5.201833960199748
1937,vina_top1,0,1,-8.410019045585262,4.735239382166744
1937,asp_logmean_no_clustering,0,1,-8.410019045585262,4.735239382166744
1937,asp_clustered_2A,0,1,-8.410019045585262,4.735239382166744
1938,vina_top1,1,0,-8.148443061919995,5.649747746449102
1938,asp_logmean_no_clustering,1,0,-8.148443061919995,5.649747746449102
1938,asp_clustered_2A,1,0,-8.148443061919995,5.649747746449102
1939,vina_top1,0,0,-8.343172969542028,5.494747323397605
1939,asp_logmean_no_clustering,0,1,-8.21763526359072,5.819065970266301
1939,asp_clustered_2A,0,0,-8.343172969542028,5.494747323397605
1940,vina_top1,0,1,-9.322284111736261,3.3670695920911426
1940,asp_logmean_no_clustering,0,1,-9.322284111736261,3.3670695920911426
1940,asp_clustered_2A,0,1,-9.322284111736261,3.3670695920911426
1941,vina_top1,0,1,-8.334027215736631,4.964734193337229
1941,asp_logmean_no_clustering,0,1,-8.334027215736631,4.964734193337229
1941,asp_clustered_2A,0,1,-8.334027215736631,4.964734193337229
1942,vina_top1,1,1,-8.335793034348672,5.147276591168494
1942,asp_logmean_no_clustering,1,1,-8.335793034348672,5.147276591168494
1942,asp_clustered_2A,1,1,-8.335793034348672,5.147276591168494
1943,vina_top1,0,0,-7.928134009916623,1.7677534739865064
1943,asp_logmean_no_clustering,0,1,-7.777000102129696,6.199473457175086
1943,asp_clustered_2A,0,0,-7.928134009916623,1.7677534739865064
1944,vina_top1,1,0,-8.068128976550408,5.3978964795957145
1944,asp_logmean_no_clustering,1,0,-8.068128976550408,5.3978964795957145
1944,asp_clustered_2A,1,0,-8.068128976550408,5.3978964795957145
1945,vina_top1,1,0,-9.145568113771809,4.97503673765122
1945,asp_logmean_no_clustering,1,0,-9.145568113771809,4.97503673765122
1945,asp_clustered_2A,1,0,-9.145568113771809,4.97503673765122
1946,vina_top1,1,1,-9.068356715301352,0.9929321859425053
1946,asp_logmean_no_clustering,1,1,-9.068356715301352,0.9929321859425053
1946,asp_clustered_2A,1,1,-9.068356715301352,0.9929321859425053
1947,vina_top1,1,0,-8.338849596684222,5.326583930644812
1947,asp_logmean_no_clustering,1,0,-8.338849596684222,5.326583930644812
1947,asp_clustered_2A,1,0,-8.338849596684222,5.326583930644812
1948,vina_top1,0,1,-7.861173560503053,6.0961157452584915
1948,asp_logmean_no_clustering,0,1,-7.861173560503053,6.0961157452584915
1948,asp_clustered_2A,0,1,-7.861173560503053,6.0961157452584915
1949,vina_top1,0,1,-8.190002252957074,4.696594241897433
1949,asp_logmean_no_clustering,0,1,-8.190002252957074,4.696594241897433
1949,asp_clustered_2A,0,1,-8.190002252957074,4.696594241897433
1950,vina_top1,1,0,-8.086095187633044,5.300694931944632
1950,asp_logmean_no_clustering,1,0,-8.086095187633044,5.300694931944632
1950,asp_clustered_2A,1,0,-8.086095187633044,5.300694931944632
1951,vina_top1,1,0,-8.190616954515598,3.7318003031877853
1951,asp_logmean_no_clustering,1,0,-8.190616954515598,3.7318003031877853
1951,asp_clustered_2A,1,0,-8.190616954515598,3.7318003031877853
1952,vina_top1,0,1,-8.589643419743629,5.543323288450608
1952,asp_logmean_no_clustering,0,1,-8.589643419743629,5.543323288450608
1952,asp_clustered_2A,0,1,-8.589643419743629,5.543323288450608
1953,vina_top1,1,0,-8.3263520645099,4.792242136178237
1953,asp_logmean_no_clustering,1,0,-8.3263520645099,4.792242136178237
1953,asp_clustered_2A,1,0,-8.3263520645099,4.792242136178237
1954,vina_top1,1,0,-9.078359788379096,6.042060859257006
1954,asp_logmean_no_clustering,1,0,-9.078359788379096,6.042060859257006
1954,asp_clustered_2A,1,0,-9.078359788379096,6.042060859257006
1955,vina_top1,0,1,-8.172122051697105,6.079654672590939
1955,asp_logmean_no_clustering,0,1,-8.172122051697105,6.079654672590939
1955,asp_clustered_2A,0,1,-8.172122051697105,6.079654672590939
1956,vina_top1,0,1,-7.76378211151258,6.45299307852336
1956,asp_logmean_no_clustering,0,1,-7.76378211151258,6.45299307852336
1956,asp_clustered_2A,0,1,-7.76378211151258,6.45299307852336
1957,vina_top1,0,0,-8.713397530457186,0.7553735820441112
1957,asp_logmean_no_clustering,0,0,-8.713397530457186,0.7553735820441112
1957,asp_clustered_2A,0,0,-8.713397530457186,0.7553735820441112
1958,vina_top1,1,0,-8.520436431471795,6.485323288293245
1958,asp_logmean_no_clustering,1,0,-8.520436431471795,6.485323288293245
1958,asp_clustered_2A,1,0,-8.520436431471795,6.485323288293245
1959,vina_top1,0,1,-8.5061980046616,6.423958137146567
1959,asp_logmean_no_clustering,0,1,-8.5061980046616,6.423958137146567
1959,asp_clustered_2A,0,1,-8.5061980046616,6.423958137146567
1960,vina_top1,0,1,-9.004833370457852,4.545954862291932
1960,asp_logmean_no_clustering,0,1,-9.004833370457852,4.545954862291932
1960,asp_clustered_2A,0,1,-9.004833370457852,4.545954862291932
1961,vina_top1,0,0,-8.807295492449073,0.9046559832360124
1961,asp_logmean_no_clustering,0,0,-8.807295492449073,0.9046559832360124
1961,asp_clustered_2A,0,0,-8.807295492449073,0.9046559832360124
1962,vina_top1,1,1,-8.17921256646987,0.7496733430969296
1962,asp_logmean_no_clustering,1,0,-8.049500365930273,6.441486876681768
1962,asp_clustered_2A,1,1,-8.17921256646987,0.7496733430969296
1963,vina_top1,1,0,-8.965466164615151,5.52649233107913
1963,asp_logmean_no_clustering,1,0,-8.965466164615151,5.52649233107913
1963,asp_clustered_2A,1,0,-8.965466164615151,5.52649233107913
1964,vina_top1,0,0,-8.644385819976979,1.7834068315054417
1964,asp_logmean_no_clustering,0,1,-8.401200984960084,5.174438193669374
1964,asp_clustered_2A,0,0,-8.644385819976979,1.7834068315054417
1965,vina_top1,1,0,-8.020019143877754,3.819409862090166
1965,asp_logmean_no_clustering,1,0,-8.020019143877754,3.819409862090166
1965,asp_clustered_2A,1,0,-8.020019143877754,3.819409862090166
1966,vina_top1,1,0,-8.056710066684627,5.718629228310905
1966,asp_logmean_no_clustering,1,0,-8.056710066684627,5.718629228310905
1966,asp_clustered_2A,1,0,-8.056710066684627,5.718629228310905
1967,vina_top1,1,0,-8.279712385895705,6.12389900109421
1967,asp_logmean_no_clustering,1,0,-8.279712385895705,6.12389900109421
1967,asp_clustered_2A,1,0,-8.279712385895705,6.12389900109421
1968,vina_top1,1,0,-8.001628113692476,2.8221253709195926
1968,asp_logmean_no_clustering,1,0,-8.001628113692476,2.8221253709195926
1968,asp_clustered_2A,1,0,-8.001628113692476,2.8221253709195926
1969,vina_top1,1,0,-7.962536523760216,5.479286909654229
1969,asp_logmean_no_clustering,1,0,-7.962536523760216,5.479286909654229
1969,asp_clustered_2A,1,0,-7.962536523760216,5.479286909654229
1970,vina_top1,1,0,-8.20435030602132,6.300678900615288
1970,asp_logmean_no_clustering,1,0,-8.20435030602132,6.300678900615288
1970,asp_clustered_2A,1,0,-8.20435030602132,6.300678900615288
1971,vina_top1,0,1,-8.236627243010147,4.887403048073902
1971,asp_logmean_no_clustering,0,1,-8.236627243010147,4.887403048073902
1971,asp_clustered_2A,0,1,-8.236627243010147,4.887403048073902
1972,vina_top1,1,1,-9.270968799003342,3.3105092752061256
1972,asp_logmean_no_clustering,1,1,-9.270968799003342,3.3105092752061256
1972,asp_clustered_2A,1,1,-9.270968799003342,3.3105092752061256
1973,vina_top1,0,1,-8.661688145740268,5.561182437349723
1973,asp_logmean_no_clustering,0,1,-8.661688145740268,5.561182437349723
1973,asp_clustered_2A,0,1,-8.661688145740268,5.561182437349723
1974,vina_top1,0,0,-8.507367421235397,1.3371994434750236
1974,asp_logmean_no_clustering,0,0,-8.507367421235397,1.3371994434750236
1974,asp_clustered_2A,0,0,-8.507367421235397,1.3371994434750236
1975,vina_top1,1,0,-8.037371634811665,6.1315460671820645
1975,asp_logmean_no_clustering,1,1,-7.9821121406814575,1.7595693013484648
1975,asp_clustered_2A,1,0,-8.037371634811665,6.1315460671820645
1976,vina_top1,0,1,-8.697702772638875,5.154869031551368
1976,asp_logmean_no_clustering,0,1,-8.697702772638875,5.154869031551368
1976,asp_clustered_2A,0,1,-8.697702772638875,5.154869031551368
1977,vina_top1,1,0,-7.937682373822549,4.180922371286685
1977,asp_logmean_no_clustering,1,0,-7.937682373822549,4.180922371286685
1977,asp_clustered_2A,1,0,-7.937682373822549,4.180922371286685
1978,vina_top1,0,1,-8.425195462285938,4.387954309135381
1978,asp_logmean_no_clustering,0,1,-8.425195462285938,4.387954309135381
1978,asp_clustered_2A,0,1,-8.425195462285938,4.387954309135381
1979,vina_top1,1,0,-8.164643302325295,6.927238684803568
1979,asp_logmean_no_clustering,1,0,-8.164643302325295,6.927238684803568
1979,asp_clustered_2A,1,0,-8.164643302325295,6.927238684803568
1980,vina_top1,1,0,-8.236001953164195,6.109554937476796
1980,asp_logmean_no_clustering,1,0,-8.236001953164195,6.109554937476796
1980,asp_clustered_2A,1,0,-8.236001953164195,6.109554937476796
1981,vina_top1,0,0,-7.732007408033639,3.9089002490226012
1981,asp_logmean_no_clustering,0,1,-7.6771187619342065,4.208454334870579
1981,asp_clustered_2A,0,0,-7.732007408033639,3.9089002490226012
1982,vina_top1,1,0,-8.144510292204325,5.989214822551947
1982,asp_logmean_no_clustering,1,1,-8.092041112578732,1.0100806618879181
1982,asp_clustered_2A,1,0,-8.144510292204325,5.989214822551947
1983,vina_top1,1,0,-8.343141029071838,4.08697888592846
1983,asp_logmean_no_clustering,1,0,-8.343141029071838,4.08697888592846
1983,asp_clustered_2A,1,0,-8.343141029071838,4.08697888592846
1984,vina_top1,0,1,-9.046583496086077,3.266433642202834
1984,asp_logmean_no_clustering,0,1,-9.046583496086077,3.266433642202834
1984,asp_clustered_2A,0,1,-9.046583496086077,3.266433642202834
1985,vina_top1,0,1,-8.28882430514424,4.058377364973866
1985,asp_logmean_no_clustering,0,1,-8.28882430514424,4.058377364973866
1985,asp_clustered_2A,0,1,-8.28882430514424,4.058377364973866
1986,vina_top1,0,1,-8.071795333770625,4.8888499395046106
1986,asp_logmean_no_clustering,0,1,-8.071795333770625,4.8888499395046106
1986,asp_clustered_2A,0,1,-8.071795333770625,4.8888499395046106
1987,vina_top1,1,1,-8.207914155445666,1.3009740134369288
1987,asp_logmean_no_clustering,1,0,-7.96364060966558,6.451332552334579
1987,asp_clustered_2A,1,1,-8.207914155445666,1.3009740134369288
1988,vina_top1,1,0,-8.34371529012567,4.731323967536105
1988,asp_logmean_no_clustering,1,0,-8.34371529012567,4.731323967536105
1988,asp_clustered_2A,1,0,-8.34371529012567,4.731323967536105
1989,vina_top1,1,0,-8.192545345047709,5.96025471551578
1989,asp_logmean_no_clustering,1,0,-8.192545345047709,5.96025471551578
1989,asp_clustered_2A,1,0,-8.192545345047709,5.96025471551578
1990,vina_top1,0,1,-8.241949224683948,5.258300935882329
1990,asp_logmean_no_clustering,0,1,-8.241949224683948,5.258300935882329
1990,asp_clustered_2A,0,1,-8.241949224683948,5.258300935882329
1991,vina_top1,0,1,-8.601698141706336,5.418121868467214
1991,asp_logmean_no_clustering,0,1,-8.601698141706336,5.418121868467214
1991,asp_clustered_2A,0,1,-8.601698141706336,5.418121868467214
1992,vina_top1,0,0,-8.045721700310091,0.7392875479549141
1992,asp_logmean_no_clustering,0,0,-8.045721700310091,0.7392875479549141
1992,asp_clustered_2A,0,0,-8.045721700310091,0.7392875479549141
1993,vina_top1,1,0,-8.03468992094765,5.615922643358098
1993,asp_logmean_no_clustering,1,0,-8.03468992094765,5.615922643358098
1993,asp_clustered_2A,1,0,-8.03468992094765,5.615922643358098
1994,vina_top1,1,0,-8.329604344981947,5.48138089499194
1994,asp_logmean_no_clustering,1,0,-8.329604344981947,5.48138089499194
1994,asp_clustered_2A,1,0,-8.329604344981947,5.48138089499194
1995,vina_top1,0,0,-8.006305280427188,5.381357824324062
1995,asp_logmean_no_clustering,0,0,-8.006305280427188,5.381357824324062
1995,asp_clustered_2A,0,0,-8.006305280427188,5.381357824324062
1996,vina_top1,0,0,-8.411135263502313,5.750671077006948
1996,asp_logmean_no_clustering,0,0,-8.411135263502313,5.750671077006948
1996,asp_clustered_2A,0,0,-8.411135263502313,5.750671077006948
1997,vina_top1,1,1,-8.679207481654654,1.7894824579606856
1997,asp_logmean_no_clustering,1,0,-8.115812288246852,5.108820399074329
1997,asp_clustered_2A,1,1,-8.679207481654654,1.7894824579606856
1998,vina_top1,0,0,-8.226844725054628,1.1581511569965717
1998,asp_logmean_no_clustering,0,1,-8.103766936316084,5.458681676224363
1998,asp_clustered_2A,0,0,-8.226844725054628,1.1581511569965717
1999,vina_top1,1,0,-8.604979664238313,3.2293636129039642
1999,asp_logmean_no_clustering,1,0,-8.604979664238313,3.2293636129039642
1999,asp_clustered_2A,1,0,-8.604979664238313,3.2293636129039642
